Project Name,Transacted Price ($),Area (SQFT),Unit Price ($ PSF),Sale Date,Street Name,Type of Sale,Type of Area,Area (SQM),Unit Price ($ PSM),Nett Price($),Property Type,Number of Units,Tenure,Postal District,Market Segment,Floor Level
PARC IMPERIAL,"730,000",398.27,"1,833",May-26,PASIR PANJANG ROAD,Resale,Strata,37,"19,730",-,Condominium,1,Freehold,05,Rest of Central Region,01 to 05
PARC CLEMATIS,"3,860,000","1,711.48","2,255",May-26,JALAN LEMPENG,Resale,Strata,159,"24,277",-,Apartment,1,99 yrs lease commencing from 2019,05,Outside Central Region,11 to 15
NORMANTON PARK,"2,260,000","1,087.16","2,079",May-26,NORMANTON PARK,Resale,Strata,101,"22,376",-,Apartment,1,99 yrs lease commencing from 2019,05,Rest of Central Region,11 to 15
PARC CLEMATIS,"2,188,000",914.94,"2,391",May-26,JALAN LEMPENG,Resale,Strata,85,"25,741",-,Apartment,1,99 yrs lease commencing from 2019,05,Outside Central Region,01 to 05
HERITAGE VIEW,"1,900,888","1,162.51","1,635",May-26,DOVER RISE,Resale,Strata,108,"17,601",-,Condominium,1,99 yrs lease commencing from 1996,05,Rest of Central Region,16 to 20
THE CLEMENT CANOPY,"2,780,000","1,345.5","2,066",May-26,CLEMENTI AVENUE 1,Resale,Strata,125,"22,240",-,Apartment,1,99 yrs lease commencing from 2016,05,Outside Central Region,11 to 15
NORMANTON PARK,"2,820,000","1,313.21","2,147",May-26,NORMANTON PARK,Resale,Strata,122,"23,115",-,Apartment,1,99 yrs lease commencing from 2019,05,Rest of Central Region,11 to 15
THE ESTIVA,"2,500,000","1,733","1,443",May-26,PASIR PANJANG ROAD,Resale,Strata,161,"15,528",-,Apartment,1,Freehold,05,Rest of Central Region,01 to 05
ONE-NORTH EDEN,"1,238,000",516.67,"2,396",May-26,SLIM BARRACKS RISE,Resale,Strata,48,"25,792",-,Apartment,1,99 yrs lease commencing from 2019,05,Rest of Central Region,11 to 15
KENTVIEW PARK,"1,750,000","1,184.04","1,478",May-26,PASIR PANJANG HILL,Resale,Strata,110,"15,909",-,Condominium,1,Freehold,05,Rest of Central Region,01 to 05
THE TRILINQ,"1,930,000",914.94,"2,109",May-26,JALAN LEMPENG,Resale,Strata,85,"22,706",-,Condominium,1,99 yrs lease commencing from 2012,05,Outside Central Region,31 to 35
DOVER PARKVIEW,"2,060,000","1,248.62","1,650",May-26,DOVER RISE,Resale,Strata,116,"17,759",-,Condominium,1,99 yrs lease commencing from 1993,05,Rest of Central Region,11 to 15
NORMANTON PARK,"885,000",527.44,"1,678",May-26,NORMANTON PARK,Resale,Strata,49,"18,061",-,Apartment,1,99 yrs lease commencing from 2019,05,Rest of Central Region,01 to 05
BOTANNIA,"2,270,000","1,270.15","1,787",May-26,WEST COAST PARK,Resale,Strata,118,"19,237",-,Condominium,1,956 yrs lease commencing from 1928,05,Outside Central Region,01 to 05
BOTANNIA,"2,950,000","1,560.78","1,890",May-26,WEST COAST PARK,Resale,Strata,145,"20,345",-,Condominium,1,956 yrs lease commencing from 1928,05,Outside Central Region,06 to 10
HARBOUR VIEW GARDENS,"1,300,000",678.13,"1,917",May-26,PASIR PANJANG ROAD,Resale,Strata,63,"20,635",-,Apartment,1,Freehold,05,Rest of Central Region,01 to 05
THE INFINITI,"1,570,000",914.94,"1,716",May-26,WEST COAST PARK,Resale,Strata,85,"18,471",-,Condominium,1,Freehold,05,Outside Central Region,01 to 05
PARC CLEMATIS,"3,560,000","1,496.2","2,379",May-26,JALAN LEMPENG,Resale,Strata,139,"25,612",-,Apartment,1,99 yrs lease commencing from 2019,05,Outside Central Region,11 to 15
THE TRILINQ,"1,780,000","1,108.69","1,605",May-26,JALAN LEMPENG,Resale,Strata,103,"17,282",-,Condominium,1,99 yrs lease commencing from 2012,05,Outside Central Region,16 to 20
THE SORRENTO,"1,950,000","1,097.93","1,776",May-26,WEST COAST ROAD,Resale,Strata,102,"19,118",-,Condominium,1,Freehold,05,Outside Central Region,01 to 05
WHISTLER GRAND,"835,000",441.32,"1,892",May-26,WEST COAST VALE,Resale,Strata,41,"20,366",-,Apartment,1,99 yrs lease commencing from 2018,05,Outside Central Region,06 to 10
MONTEREY PARK CONDOMINIUM,"2,500,000","1,367.03","1,829",May-26,WEST COAST RISE,Resale,Strata,127,"19,685",-,Condominium,1,999 yrs lease commencing from 1885,05,Outside Central Region,06 to 10
MONTEREY PARK CONDOMINIUM,"1,860,000","1,022.58","1,819",May-26,WEST COAST RISE,Resale,Strata,95,"19,579",-,Condominium,1,999 yrs lease commencing from 1885,05,Outside Central Region,06 to 10
PARC RIVIERA,"1,680,000",904.18,"1,858",May-26,WEST COAST VALE,Resale,Strata,84,"20,000",-,Condominium,1,99 yrs lease commencing from 2015,05,Outside Central Region,16 to 20
TWIN VEW,"1,260,000",731.95,"1,721",May-26,WEST COAST VALE,Resale,Strata,68,"18,529",-,Apartment,1,99 yrs lease commencing from 2017,05,Outside Central Region,01 to 05
REGENT PARK,"1,628,000","1,162.51","1,400",May-26,JALAN LEMPENG,Resale,Strata,108,"15,074",-,Condominium,1,99 yrs lease commencing from 1993,05,Outside Central Region,06 to 10
HARBOUR VIEW GARDENS,"1,295,000",645.84,"2,005",May-26,PASIR PANJANG ROAD,Resale,Strata,60,"21,583",-,Apartment,1,Freehold,05,Rest of Central Region,01 to 05
BLUE HORIZON,"1,275,000",936.47,"1,361",May-26,WEST COAST CRESCENT,Resale,Strata,87,"14,655",-,Condominium,1,99 yrs lease commencing from 2000,05,Outside Central Region,11 to 15
THE VISION,"1,415,000",904.18,"1,565",May-26,WEST COAST CRESCENT,Resale,Strata,84,"16,845",-,Condominium,1,99 yrs lease commencing from 2008,05,Outside Central Region,01 to 05
THE TRILINQ,"1,950,000",914.94,"2,131",May-26,JALAN LEMPENG,Resale,Strata,85,"22,941",-,Condominium,1,99 yrs lease commencing from 2012,05,Outside Central Region,11 to 15
CLAVON,"1,645,000",764.24,"2,152",May-26,CLEMENTI AVENUE 1,Resale,Strata,71,"23,169",-,Apartment,1,99 yrs lease commencing from 2019,05,Outside Central Region,26 to 30
ONE-NORTH RESIDENCES,"915,000",592.02,"1,546",May-26,ONE-NORTH GATEWAY,Resale,Strata,55,"16,636",-,Apartment,1,99 yrs lease commencing from 2005,05,Rest of Central Region,06 to 10
THE MAYLEA,"2,200,000","1,216.33","1,809",May-26,PASIR PANJANG ROAD,Resale,Strata,113,"19,469",-,Condominium,1,Freehold,05,Rest of Central Region,01 to 05
THE STELLAR,"1,780,000","1,044.11","1,705",Apr-26,WEST COAST ROAD,Resale,Strata,97,"18,351",-,Condominium,1,Freehold,05,Outside Central Region,01 to 05
PARC CLEMATIS,"3,080,000","1,237.86","2,488",Apr-26,JALAN LEMPENG,Resale,Strata,115,"26,783",-,Apartment,1,99 yrs lease commencing from 2019,05,Outside Central Region,11 to 15
PARC CLEMATIS,"3,400,000","1,463.9","2,323",Apr-26,JALAN LEMPENG,Resale,Strata,136,"25,000",-,Apartment,1,99 yrs lease commencing from 2019,05,Outside Central Region,11 to 15
PARC RIVIERA,"788,000",462.85,"1,702",Apr-26,WEST COAST VALE,Resale,Strata,43,"18,326",-,Condominium,1,99 yrs lease commencing from 2015,05,Outside Central Region,21 to 25
DOVER PARKVIEW,"1,468,000",968.76,"1,515",Apr-26,DOVER RISE,Resale,Strata,90,"16,311",-,Condominium,1,99 yrs lease commencing from 1993,05,Rest of Central Region,06 to 10
NORMANTON PARK,"1,890,000",958,"1,973",Apr-26,NORMANTON PARK,Resale,Strata,89,"21,236",-,Apartment,1,99 yrs lease commencing from 2019,05,Rest of Central Region,01 to 05
PARC CLEMATIS,"2,965,000","1,237.86","2,395",Apr-26,JALAN LEMPENG,Resale,Strata,115,"25,783",-,Apartment,1,99 yrs lease commencing from 2019,05,Outside Central Region,06 to 10
LE HILL CONDOMINIUM,"1,500,000",990.29,"1,515",Apr-26,PASIR PANJANG HILL,Resale,Strata,92,"16,304",-,Condominium,1,Freehold,05,Rest of Central Region,01 to 05
WHISTLER GRAND,"1,920,000",958,"2,004",Apr-26,WEST COAST VALE,Resale,Strata,89,"21,573",-,Apartment,1,99 yrs lease commencing from 2018,05,Outside Central Region,11 to 15
NORMANTON PARK,"2,910,000","1,313.21","2,216",Apr-26,NORMANTON PARK,Resale,Strata,122,"23,852",-,Apartment,1,99 yrs lease commencing from 2019,05,Rest of Central Region,11 to 15
WHISTLER GRAND,"2,570,000","1,280.92","2,006",Apr-26,WEST COAST VALE,Resale,Strata,119,"21,597",-,Apartment,1,99 yrs lease commencing from 2018,05,Outside Central Region,26 to 30
WHITEHAVEN,"2,020,000","1,862.17","1,085",Apr-26,PASIR PANJANG ROAD,Resale,Strata,173,"11,676",-,Apartment,1,Freehold,05,Rest of Central Region,01 to 05
NORMANTON PARK,"2,043,000",968.76,"2,109",Apr-26,NORMANTON PARK,Resale,Strata,90,"22,700",-,Apartment,1,99 yrs lease commencing from 2019,05,Rest of Central Region,16 to 20
WHISTLER GRAND,"888,000",505.91,"1,755",Apr-26,WEST COAST VALE,Resale,Strata,47,"18,894",-,Apartment,1,99 yrs lease commencing from 2018,05,Outside Central Region,11 to 15
THE MAYLEA,"1,760,000","1,022.58","1,721",Apr-26,PASIR PANJANG ROAD,Resale,Strata,95,"18,526",-,Condominium,1,Freehold,05,Rest of Central Region,01 to 05
KENT RIDGE HILL RESIDENCES,"1,260,000",645.84,"1,951",Apr-26,SOUTH BUONA VISTA ROAD,Resale,Strata,60,"21,000",-,Apartment,1,99 yrs lease commencing from 2018,05,Rest of Central Region,01 to 05
HUNDRED TREES,"1,380,000",785.77,"1,756",Apr-26,WEST COAST DRIVE,Resale,Strata,73,"18,904",-,Condominium,1,956 yrs lease commencing from 1928,05,Outside Central Region,01 to 05
WHISTLER GRAND,"849,888",441.32,"1,926",Apr-26,WEST COAST VALE,Resale,Strata,41,"20,729",-,Apartment,1,99 yrs lease commencing from 2018,05,Outside Central Region,26 to 30
REGENT PARK,"1,700,000","1,151.75","1,476",Apr-26,JALAN LEMPENG,Resale,Strata,107,"15,888",-,Condominium,1,99 yrs lease commencing from 1993,05,Outside Central Region,01 to 05
VILLAGE @ PASIR PANJANG,"1,505,000",839.59,"1,793",Apr-26,PASIR PANJANG ROAD,Resale,Strata,78,"19,295",-,Condominium,1,Freehold,05,Rest of Central Region,01 to 05
KENT RIDGE HILL RESIDENCES,"1,293,000",645.84,"2,002",Apr-26,SOUTH BUONA VISTA ROAD,Resale,Strata,60,"21,550",-,Apartment,1,99 yrs lease commencing from 2018,05,Rest of Central Region,01 to 05
PARC CLEMATIS,"1,380,000",688.9,"2,003",Apr-26,JALAN LEMPENG,Resale,Strata,64,"21,563",-,Apartment,1,99 yrs lease commencing from 2019,05,Outside Central Region,16 to 20
THE TRILINQ,"2,325,000","1,345.5","1,728",Apr-26,JALAN LEMPENG,Resale,Strata,125,"18,600",-,Condominium,1,99 yrs lease commencing from 2012,05,Outside Central Region,21 to 25
DOVER PARKVIEW,"1,968,888","1,248.62","1,577",Apr-26,DOVER RISE,Resale,Strata,116,"16,973",-,Condominium,1,99 yrs lease commencing from 1993,05,Rest of Central Region,06 to 10
BOTANNIA,"1,598,000",904.18,"1,767",Apr-26,WEST COAST PARK,Resale,Strata,84,"19,024",-,Condominium,1,956 yrs lease commencing from 1928,05,Outside Central Region,06 to 10
NORMANTON PARK,"1,288,000",667.37,"1,930",Apr-26,NORMANTON PARK,Resale,Strata,62,"20,774",-,Apartment,1,99 yrs lease commencing from 2019,05,Rest of Central Region,16 to 20
TWIN VEW,"1,385,000",710.42,"1,950",Apr-26,WEST COAST VALE,Resale,Strata,66,"20,985",-,Apartment,1,99 yrs lease commencing from 2017,05,Outside Central Region,21 to 25
PARC CLEMATIS,"2,921,888","1,248.62","2,340",Apr-26,JALAN LEMPENG,Resale,Strata,116,"25,189",-,Apartment,1,99 yrs lease commencing from 2019,05,Outside Central Region,06 to 10
CLEMENTIWOODS CONDOMINIUM,"920,000",645.84,"1,425",Apr-26,WEST COAST ROAD,Resale,Strata,60,"15,333",-,Condominium,1,99 yrs lease commencing from 2006,05,Outside Central Region,01 to 05
CLEMENTIWOODS CONDOMINIUM,"840,000",559.73,"1,501",Apr-26,WEST COAST ROAD,Resale,Strata,52,"16,154",-,Condominium,1,99 yrs lease commencing from 2006,05,Outside Central Region,01 to 05
SEAHILL,"830,000",527.44,"1,574",Apr-26,WEST COAST CRESCENT,Resale,Strata,49,"16,939",-,Condominium,1,99 yrs lease commencing from 2011,05,Outside Central Region,16 to 20
NORMANTON PARK,"1,115,888",581.26,"1,920",Apr-26,NORMANTON PARK,Resale,Strata,54,"20,665",-,Apartment,1,99 yrs lease commencing from 2019,05,Rest of Central Region,11 to 15
DOVER PARKVIEW,"1,320,000",968.76,"1,363",Apr-26,DOVER RISE,Resale,Strata,90,"14,667",-,Condominium,1,99 yrs lease commencing from 1993,05,Rest of Central Region,01 to 05
WHISTLER GRAND,"1,170,000",624.31,"1,874",Apr-26,WEST COAST VALE,Resale,Strata,58,"20,172",-,Apartment,1,99 yrs lease commencing from 2018,05,Outside Central Region,01 to 05
CLAVON,"2,125,000",958,"2,218",Apr-26,CLEMENTI AVENUE 1,Resale,Strata,89,"23,876",-,Apartment,1,99 yrs lease commencing from 2019,05,Outside Central Region,16 to 20
PARC CLEMATIS,"2,098,000",893.41,"2,348",Apr-26,JALAN LEMPENG,Resale,Strata,83,"25,277",-,Apartment,1,99 yrs lease commencing from 2019,05,Outside Central Region,06 to 10
WESTCOVE CONDOMINIUM,"1,668,000","1,517.72","1,099",Apr-26,WEST COAST CRESCENT,Resale,Strata,141,"11,830",-,Condominium,1,99 yrs lease commencing from 1995,05,Outside Central Region,01 to 05
NORMANTON PARK,"1,250,000",656.6,"1,904",Apr-26,NORMANTON PARK,Resale,Strata,61,"20,492",-,Apartment,1,99 yrs lease commencing from 2019,05,Rest of Central Region,01 to 05
PARC REGENCY,"2,550,000","1,657.66","1,538",Apr-26,PASIR PANJANG ROAD,Resale,Strata,154,"16,558",-,Apartment,1,Freehold,05,Rest of Central Region,01 to 05
THE ROCHESTER RESIDENCES,"2,200,000","1,205.57","1,825",Apr-26,ROCHESTER DRIVE,Resale,Strata,112,"19,643",-,Apartment,1,99 yrs lease commencing from 2005,05,Rest of Central Region,31 to 35
LUXE VILLE,"2,330,000","1,517.72","1,535",Apr-26,PASIR PANJANG ROAD,Resale,Strata,141,"16,525",-,Apartment,1,Freehold,05,Rest of Central Region,01 to 05
NORMANTON PARK,"2,280,000","1,076.4","2,118",Apr-26,NORMANTON PARK,Resale,Strata,100,"22,800",-,Apartment,1,99 yrs lease commencing from 2019,05,Rest of Central Region,06 to 10
WHISTLER GRAND,"2,520,000","1,280.92","1,967",Apr-26,WEST COAST VALE,Resale,Strata,119,"21,176",-,Apartment,1,99 yrs lease commencing from 2018,05,Outside Central Region,06 to 10
NORMANTON PARK,"915,000",495.14,"1,848",Apr-26,NORMANTON PARK,Resale,Strata,46,"19,891",-,Apartment,1,99 yrs lease commencing from 2019,05,Rest of Central Region,01 to 05
CLEMENTIWOODS CONDOMINIUM,"3,900,000","2,798.64","1,394",Apr-26,WEST COAST ROAD,Resale,Strata,260,"15,000",-,Condominium,1,99 yrs lease commencing from 2006,05,Outside Central Region,01 to 05
BANYAN CONDOMINIUM,"2,250,000","1,636.13","1,375",Apr-26,CHWEE CHIAN ROAD,Resale,Strata,152,"14,803",-,Condominium,1,Freehold,05,Rest of Central Region,01 to 05
THE TRILINQ,"930,000",538.2,"1,728",Apr-26,JALAN LEMPENG,Resale,Strata,50,"18,600",-,Condominium,1,99 yrs lease commencing from 2012,05,Outside Central Region,11 to 15
THE TRILINQ,"2,430,000","1,356.26","1,792",Apr-26,JALAN LEMPENG,Resale,Strata,126,"19,286",-,Condominium,1,99 yrs lease commencing from 2012,05,Outside Central Region,31 to 35
HUNDRED TREES,"2,340,000","1,302.44","1,797",Apr-26,WEST COAST DRIVE,Resale,Strata,121,"19,339",-,Condominium,1,956 yrs lease commencing from 1928,05,Outside Central Region,01 to 05
VILLAGE @ PASIR PANJANG,"2,088,000","1,259.39","1,658",Apr-26,PASIR PANJANG ROAD,Resale,Strata,117,"17,846",-,Condominium,1,Freehold,05,Rest of Central Region,01 to 05
TWIN VEW,"1,586,800",818.06,"1,940",Apr-26,WEST COAST VALE,Resale,Strata,76,"20,879",-,Apartment,1,99 yrs lease commencing from 2017,05,Outside Central Region,31 to 35
NORMANTON PARK,"902,000",527.44,"1,710",Apr-26,NORMANTON PARK,Resale,Strata,49,"18,408",-,Apartment,1,99 yrs lease commencing from 2019,05,Rest of Central Region,01 to 05
CLAVON,"1,055,000",527.44,"2,000",Apr-26,CLEMENTI AVENUE 1,Resale,Strata,49,"21,531",-,Apartment,1,99 yrs lease commencing from 2019,05,Outside Central Region,16 to 20
BOTANNIA,"2,220,000","1,184.04","1,875",Apr-26,WEST COAST PARK,Resale,Strata,110,"20,182",-,Condominium,1,956 yrs lease commencing from 1928,05,Outside Central Region,11 to 15
WHISTLER GRAND,"2,570,000","1,280.92","2,006",Apr-26,WEST COAST VALE,Resale,Strata,119,"21,597",-,Apartment,1,99 yrs lease commencing from 2018,05,Outside Central Region,11 to 15
CLAVON,"1,360,000",678.13,"2,006",Apr-26,CLEMENTI AVENUE 1,Resale,Strata,63,"21,587",-,Apartment,1,99 yrs lease commencing from 2019,05,Outside Central Region,16 to 20
WHISTLER GRAND,"2,556,888","1,280.92","1,996",Apr-26,WEST COAST VALE,Resale,Strata,119,"21,486",-,Apartment,1,99 yrs lease commencing from 2018,05,Outside Central Region,31 to 35
ONE-NORTH EDEN,"1,243,000",516.67,"2,406",Apr-26,SLIM BARRACKS RISE,Resale,Strata,48,"25,896",-,Apartment,1,99 yrs lease commencing from 2019,05,Rest of Central Region,06 to 10
WHISTLER GRAND,"2,490,000","1,270.15","1,960",Apr-26,WEST COAST VALE,Resale,Strata,118,"21,102",-,Apartment,1,99 yrs lease commencing from 2018,05,Outside Central Region,16 to 20
BLUE HORIZON,"1,678,000","1,259.39","1,332",Mar-26,WEST COAST CRESCENT,Resale,Strata,117,"14,342",-,Condominium,1,99 yrs lease commencing from 2000,05,Outside Central Region,01 to 05
NORMANTON PARK,"2,220,000","1,065.64","2,083",Mar-26,NORMANTON PARK,Resale,Strata,99,"22,424",-,Apartment,1,99 yrs lease commencing from 2019,05,Rest of Central Region,11 to 15
THE STELLAR,"2,600,000","1,485.43","1,750",Mar-26,WEST COAST ROAD,Resale,Strata,138,"18,841",-,Condominium,1,Freehold,05,Outside Central Region,01 to 05
NORMANTON PARK,"1,900,000",914.94,"2,077",Mar-26,NORMANTON PARK,Resale,Strata,85,"22,353",-,Apartment,1,99 yrs lease commencing from 2019,05,Rest of Central Region,16 to 20
BAYVILLE CONDOMINIUM,"1,800,000","1,259.39","1,429",Mar-26,SOUTH BUONA VISTA ROAD,Resale,Strata,117,"15,385",-,Condominium,1,Freehold,05,Rest of Central Region,01 to 05
NORMANTON PARK,"1,515,000",764.24,"1,982",Mar-26,NORMANTON PARK,Resale,Strata,71,"21,338",-,Apartment,1,99 yrs lease commencing from 2019,05,Rest of Central Region,01 to 05
VARSITY PARK CONDOMINIUM,"2,408,000","1,528.49","1,575",Mar-26,WEST COAST ROAD,Resale,Strata,142,"16,958",-,Condominium,1,99 yrs lease commencing from 2004,05,Outside Central Region,01 to 05
CLAVON,"1,465,000",678.13,"2,160",Mar-26,CLEMENTI AVENUE 1,Resale,Strata,63,"23,254",-,Apartment,1,99 yrs lease commencing from 2019,05,Outside Central Region,31 to 35
NEWEST,"1,000,888",635.08,"1,576",Mar-26,WEST COAST DRIVE,Resale,Strata,59,"16,964",-,Apartment,1,956 yrs lease commencing from 1928,05,Outside Central Region,01 to 05
THE INFINITI,"2,580,000","1,496.2","1,724",Mar-26,WEST COAST PARK,Resale,Strata,139,"18,561",-,Condominium,1,Freehold,05,Outside Central Region,06 to 10
VARSITY PARK CONDOMINIUM,"2,415,000","1,636.13","1,476",Mar-26,WEST COAST ROAD,Resale,Strata,152,"15,888",-,Condominium,1,99 yrs lease commencing from 2004,05,Outside Central Region,01 to 05
KENT RIDGE HILL RESIDENCES,"1,000,000",516.67,"1,935",Mar-26,SOUTH BUONA VISTA ROAD,Resale,Strata,48,"20,833",-,Apartment,1,99 yrs lease commencing from 2018,05,Rest of Central Region,01 to 05
NORMANTON PARK,"870,000",516.67,"1,684",Mar-26,NORMANTON PARK,Resale,Strata,48,"18,125",-,Apartment,1,99 yrs lease commencing from 2019,05,Rest of Central Region,06 to 10
CLAVON,"1,585,000",764.24,"2,074",Mar-26,CLEMENTI AVENUE 1,Resale,Strata,71,"22,324",-,Apartment,1,99 yrs lease commencing from 2019,05,Outside Central Region,06 to 10
THE TRILINQ,"2,050,000","1,044.11","1,963",Mar-26,JALAN LEMPENG,Resale,Strata,97,"21,134",-,Condominium,1,99 yrs lease commencing from 2012,05,Outside Central Region,11 to 15
KENT RIDGE HILL RESIDENCES,"1,746,888",893.41,"1,955",Mar-26,SOUTH BUONA VISTA ROAD,Resale,Strata,83,"21,047",-,Apartment,1,99 yrs lease commencing from 2018,05,Rest of Central Region,01 to 05
FABER CREST,"2,250,000","1,733","1,298",Mar-26,FABER HEIGHTS,Resale,Strata,161,"13,975",-,Condominium,1,99 yrs lease commencing from 1996,05,Outside Central Region,01 to 05
PARC CLEMATIS,"2,955,000","1,248.62","2,367",Mar-26,JALAN LEMPENG,Resale,Strata,116,"25,474",-,Apartment,1,99 yrs lease commencing from 2019,05,Outside Central Region,11 to 15
PARC RIVIERA,"1,960,000","1,184.04","1,655",Mar-26,WEST COAST VALE,Resale,Strata,110,"17,818",-,Condominium,1,99 yrs lease commencing from 2015,05,Outside Central Region,01 to 05
WHISTLER GRAND,"1,200,000",613.55,"1,956",Mar-26,WEST COAST VALE,Resale,Strata,57,"21,053",-,Apartment,1,99 yrs lease commencing from 2018,05,Outside Central Region,21 to 25
THE PARC CONDOMINIUM,"2,960,000","1,506.96","1,964",Mar-26,WEST COAST WALK,Resale,Strata,140,"21,143",-,Condominium,1,Freehold,05,Outside Central Region,11 to 15
WEST BAY CONDOMINIUM,"1,040,000",904.18,"1,150",Mar-26,WEST COAST CRESCENT,Resale,Strata,84,"12,381",-,Condominium,1,99 yrs lease commencing from 1991,05,Outside Central Region,01 to 05
THE PARC CONDOMINIUM,"2,860,000","1,517.72","1,884",Mar-26,WEST COAST WALK,Resale,Strata,141,"20,284",-,Condominium,1,Freehold,05,Outside Central Region,06 to 10
VILLAGE @ PASIR PANJANG,"1,738,000","1,076.4","1,615",Mar-26,PASIR PANJANG ROAD,Resale,Strata,100,"17,380",-,Condominium,1,Freehold,05,Rest of Central Region,01 to 05
WHITEHAVEN,"1,050,000",538.2,"1,951",Mar-26,PASIR PANJANG ROAD,Resale,Strata,50,"21,000",-,Apartment,1,Freehold,05,Rest of Central Region,01 to 05
KENT RIDGE HILL RESIDENCES,"1,970,000",958,"2,056",Mar-26,SOUTH BUONA VISTA ROAD,Resale,Strata,89,"22,135",-,Apartment,1,99 yrs lease commencing from 2018,05,Rest of Central Region,01 to 05
ONE-NORTH RESIDENCES,"1,260,000","1,108.69","1,136",Mar-26,ONE-NORTH GATEWAY,Resale,Strata,103,"12,233",-,Apartment,1,99 yrs lease commencing from 2005,05,Rest of Central Region,01 to 05
PARC CLEMATIS,"1,550,000",721.19,"2,149",Mar-26,JALAN LEMPENG,Resale,Strata,67,"23,134",-,Apartment,1,99 yrs lease commencing from 2019,05,Outside Central Region,21 to 25
TWIN VEW,"2,538,000","1,237.86","2,050",Mar-26,WEST COAST VALE,Resale,Strata,115,"22,070",-,Apartment,1,99 yrs lease commencing from 2017,05,Outside Central Region,36 to 40
ONE-NORTH RESIDENCES,"2,510,000","1,323.97","1,896",Mar-26,ONE-NORTH GATEWAY,Resale,Strata,123,"20,407",-,Apartment,1,99 yrs lease commencing from 2005,05,Rest of Central Region,06 to 10
NORMANTON PARK,"1,900,000",968.76,"1,961",Mar-26,NORMANTON PARK,Resale,Strata,90,"21,111",-,Apartment,1,99 yrs lease commencing from 2019,05,Rest of Central Region,16 to 20
NORMANTON PARK,"2,280,000","1,076.4","2,118",Mar-26,NORMANTON PARK,Resale,Strata,100,"22,800",-,Apartment,1,99 yrs lease commencing from 2019,05,Rest of Central Region,06 to 10
PARC IMPERIAL,"760,000",452.09,"1,681",Mar-26,PASIR PANJANG ROAD,Resale,Strata,42,"18,095",-,Condominium,1,Freehold,05,Rest of Central Region,01 to 05
CLAVON,"1,425,000",678.13,"2,101",Mar-26,CLEMENTI AVENUE 1,Resale,Strata,63,"22,619",-,Apartment,1,99 yrs lease commencing from 2019,05,Outside Central Region,36 to 40
CLAVON,"3,600,000","1,689.95","2,130",Mar-26,CLEMENTI AVENUE 1,Resale,Strata,157,"22,930",-,Apartment,1,99 yrs lease commencing from 2019,05,Outside Central Region,06 to 10
ONE-NORTH RESIDENCES,"905,000",613.55,"1,475",Mar-26,ONE-NORTH GATEWAY,Resale,Strata,57,"15,877",-,Apartment,1,99 yrs lease commencing from 2005,05,Rest of Central Region,11 to 15
VARSITY PARK CONDOMINIUM,"2,130,000","1,313.21","1,622",Mar-26,WEST COAST ROAD,Resale,Strata,122,"17,459",-,Condominium,1,99 yrs lease commencing from 2004,05,Outside Central Region,01 to 05
NORMANTON PARK,"1,930,000",936.47,"2,061",Mar-26,NORMANTON PARK,Resale,Strata,87,"22,184",-,Apartment,1,99 yrs lease commencing from 2019,05,Rest of Central Region,11 to 15
LE HILL CONDOMINIUM,"2,205,000","1,463.9","1,506",Mar-26,PASIR PANJANG HILL,Resale,Strata,136,"16,213",-,Condominium,1,Freehold,05,Rest of Central Region,01 to 05
NORMANTON PARK,"1,360,000",667.37,"2,038",Mar-26,NORMANTON PARK,Resale,Strata,62,"21,935",-,Apartment,1,99 yrs lease commencing from 2019,05,Rest of Central Region,16 to 20
DOVER PARKVIEW,"1,408,888",968.76,"1,454",Mar-26,DOVER RISE,Resale,Strata,90,"15,654",-,Condominium,1,99 yrs lease commencing from 1993,05,Rest of Central Region,11 to 15
THE CLEMENT CANOPY,"1,220,000",656.6,"1,858",Mar-26,CLEMENTI AVENUE 1,Resale,Strata,61,"20,000",-,Apartment,1,99 yrs lease commencing from 2016,05,Outside Central Region,26 to 30
THE CLEMENT CANOPY,"1,380,000",710.42,"1,943",Mar-26,CLEMENTI AVENUE 1,Resale,Strata,66,"20,909",-,Apartment,1,99 yrs lease commencing from 2016,05,Outside Central Region,11 to 15
TWIN VEW,"1,390,000",742.72,"1,872",Mar-26,WEST COAST VALE,Resale,Strata,69,"20,145",-,Apartment,1,99 yrs lease commencing from 2017,05,Outside Central Region,21 to 25
KENTVIEW PARK,"1,900,000","1,313.21","1,447",Mar-26,PASIR PANJANG HILL,Resale,Strata,122,"15,574",-,Condominium,1,Freehold,05,Rest of Central Region,01 to 05
DOVER PARKVIEW,"1,320,000",936.47,"1,410",Mar-26,DOVER RISE,Resale,Strata,87,"15,172",-,Condominium,1,99 yrs lease commencing from 1993,05,Rest of Central Region,01 to 05
KENT RIDGE HILL RESIDENCES,"920,000",570.49,"1,613",Mar-26,SOUTH BUONA VISTA ROAD,Resale,Strata,53,"17,358",-,Apartment,1,99 yrs lease commencing from 2018,05,Rest of Central Region,01 to 05
PARC CLEMATIS,"1,380,000",688.9,"2,003",Mar-26,JALAN LEMPENG,Resale,Strata,64,"21,563",-,Apartment,1,99 yrs lease commencing from 2019,05,Outside Central Region,06 to 10
FABER CREST,"1,860,000","1,453.14","1,280",Mar-26,FABER HEIGHTS,Resale,Strata,135,"13,778",-,Condominium,1,99 yrs lease commencing from 1996,05,Outside Central Region,01 to 05
KENT RIDGE HILL RESIDENCES,"1,588,888",775.01,"2,050",Mar-26,SOUTH BUONA VISTA ROAD,Resale,Strata,72,"22,068",-,Apartment,1,99 yrs lease commencing from 2018,05,Rest of Central Region,01 to 05
HORIZON RESIDENCES,"2,530,000","1,323.97","1,911",Mar-26,PASIR PANJANG HILL,Resale,Strata,123,"20,569",-,Condominium,1,Freehold,05,Rest of Central Region,01 to 05
NORMANTON PARK,"1,175,000",645.84,"1,819",Mar-26,NORMANTON PARK,Resale,Strata,60,"19,583",-,Apartment,1,99 yrs lease commencing from 2019,05,Rest of Central Region,21 to 25
CLAVON,"1,650,000",764.24,"2,159",Mar-26,CLEMENTI AVENUE 1,Resale,Strata,71,"23,239",-,Apartment,1,99 yrs lease commencing from 2019,05,Outside Central Region,21 to 25
ONE-NORTH RESIDENCES,"1,630,000","1,280.92","1,273",Mar-26,ONE-NORTH GATEWAY,Resale,Strata,119,"13,697",-,Apartment,1,99 yrs lease commencing from 2005,05,Rest of Central Region,06 to 10
THE ROCHESTER RESIDENCES,"2,160,000","1,205.57","1,792",Mar-26,ROCHESTER DRIVE,Resale,Strata,112,"19,286",-,Apartment,1,99 yrs lease commencing from 2005,05,Rest of Central Region,16 to 20
THE TRILINQ,"1,780,000","1,108.69","1,605",Mar-26,JALAN LEMPENG,Resale,Strata,103,"17,282",-,Condominium,1,99 yrs lease commencing from 2012,05,Outside Central Region,06 to 10
FABER CREST,"1,750,000","1,356.26","1,290",Mar-26,FABER HEIGHTS,Resale,Strata,126,"13,889",-,Condominium,1,99 yrs lease commencing from 1996,05,Outside Central Region,01 to 05
THE CLEMENT CANOPY,"1,440,000",710.42,"2,027",Feb-26,CLEMENTI AVENUE 1,Resale,Strata,66,"21,818",-,Apartment,1,99 yrs lease commencing from 2016,05,Outside Central Region,16 to 20
PARC CLEMATIS,"1,610,000",710.42,"2,266",Feb-26,JALAN LEMPENG,Resale,Strata,66,"24,394",-,Apartment,1,99 yrs lease commencing from 2019,05,Outside Central Region,16 to 20
NORMANTON PARK,"1,468,000",721.19,"2,036",Feb-26,NORMANTON PARK,Resale,Strata,67,"21,910",-,Apartment,1,99 yrs lease commencing from 2019,05,Rest of Central Region,06 to 10
NORMANTON PARK,"1,365,000",688.9,"1,981",Feb-26,NORMANTON PARK,Resale,Strata,64,"21,328",-,Apartment,1,99 yrs lease commencing from 2019,05,Rest of Central Region,16 to 20
NORMANTON PARK,"915,888",495.14,"1,850",Feb-26,NORMANTON PARK,Resale,Strata,46,"19,911",-,Apartment,1,99 yrs lease commencing from 2019,05,Rest of Central Region,06 to 10
REGENT PARK,"1,300,000",958,"1,357",Feb-26,JALAN LEMPENG,Resale,Strata,89,"14,607",-,Condominium,1,99 yrs lease commencing from 1993,05,Outside Central Region,01 to 05
SEAHILL,"800,000",516.67,"1,548",Feb-26,WEST COAST CRESCENT,Resale,Strata,48,"16,667",-,Condominium,1,99 yrs lease commencing from 2011,05,Outside Central Region,16 to 20
BOTANNIA,"2,246,888","1,270.15","1,769",Feb-26,WEST COAST PARK,Resale,Strata,118,"19,041",-,Condominium,1,956 yrs lease commencing from 1928,05,Outside Central Region,01 to 05
WATERFRONT @ FABER,"1,990,000","1,280.92","1,554",Feb-26,FABER WALK,Resale,Strata,119,"16,723",-,Apartment,1,99 yrs lease commencing from 2013,05,Outside Central Region,01 to 05
PASIR VIEW PARK,"2,060,000","1,334.74","1,543",Feb-26,PASIR PANJANG ROAD,Resale,Strata,124,"16,613",-,Condominium,1,Freehold,05,Rest of Central Region,01 to 05
BOTANNIA,"4,579,888","2,637.18","1,737",Feb-26,WEST COAST PARK,Resale,Strata,245,"18,693",-,Condominium,1,956 yrs lease commencing from 1928,05,Outside Central Region,11 to 15
NORMANTON PARK,"1,502,888",731.95,"2,053",Feb-26,NORMANTON PARK,Resale,Strata,68,"22,101",-,Apartment,1,99 yrs lease commencing from 2019,05,Rest of Central Region,06 to 10
REGENT PARK,"1,230,000",904.18,"1,360",Feb-26,JALAN LEMPENG,Resale,Strata,84,"14,643",-,Condominium,1,99 yrs lease commencing from 1993,05,Outside Central Region,01 to 05
ONE-NORTH RESIDENCES,"1,800,000",979.52,"1,838",Feb-26,ONE-NORTH GATEWAY,Resale,Strata,91,"19,780",-,Apartment,1,99 yrs lease commencing from 2005,05,Rest of Central Region,06 to 10
CLAVON,"2,139,999",958,"2,234",Feb-26,CLEMENTI AVENUE 1,Resale,Strata,89,"24,045",-,Apartment,1,99 yrs lease commencing from 2019,05,Outside Central Region,16 to 20
HERITAGE VIEW,"1,550,000",968.76,"1,600",Feb-26,DOVER RISE,Resale,Strata,90,"17,222",-,Condominium,1,99 yrs lease commencing from 1996,05,Rest of Central Region,06 to 10
THE PARC CONDOMINIUM,"2,610,000","1,302.44","2,004",Feb-26,WEST COAST WALK,Resale,Strata,121,"21,570",-,Condominium,1,Freehold,05,Outside Central Region,11 to 15
WHITEHAVEN,"1,800,000","1,001.05","1,798",Feb-26,PASIR PANJANG ROAD,Resale,Strata,93,"19,355",-,Apartment,1,Freehold,05,Rest of Central Region,01 to 05
CLAVON,"3,095,000","1,356.26","2,282",Feb-26,CLEMENTI AVENUE 1,Resale,Strata,126,"24,563",-,Apartment,1,99 yrs lease commencing from 2019,05,Outside Central Region,16 to 20
PARC CLEMATIS,"2,050,000",968.76,"2,116",Feb-26,JALAN LEMPENG,Resale,Strata,90,"22,778",-,Apartment,1,99 yrs lease commencing from 2019,05,Outside Central Region,11 to 15
TWIN VEW,"1,720,000",904.18,"1,902",Feb-26,WEST COAST VALE,Resale,Strata,84,"20,476",-,Apartment,1,99 yrs lease commencing from 2017,05,Outside Central Region,06 to 10
THE CLEMENT CANOPY,"2,370,000","1,108.69","2,138",Feb-26,CLEMENTI AVENUE 1,Resale,Strata,103,"23,010",-,Apartment,1,99 yrs lease commencing from 2016,05,Outside Central Region,21 to 25
RESIDENTIAL APARTMENTS,"2,018,888","1,474.67","1,369",Feb-26,PASIR PANJANG ROAD,Resale,Strata,137,"14,736",-,Apartment,1,Freehold,05,Rest of Central Region,01 to 05
CLAVON,"3,000,000","1,356.26","2,212",Feb-26,CLEMENTI AVENUE 1,Resale,Strata,126,"23,810",-,Apartment,1,99 yrs lease commencing from 2019,05,Outside Central Region,06 to 10
NORMANTON PARK,"2,250,000","1,065.64","2,111",Feb-26,NORMANTON PARK,Resale,Strata,99,"22,727",-,Apartment,1,99 yrs lease commencing from 2019,05,Rest of Central Region,16 to 20
BOTANNIA,"1,608,000",904.18,"1,778",Feb-26,WEST COAST PARK,Resale,Strata,84,"19,143",-,Condominium,1,956 yrs lease commencing from 1928,05,Outside Central Region,06 to 10
NORMANTON PARK,"1,200,000",635.08,"1,890",Feb-26,NORMANTON PARK,Resale,Strata,59,"20,339",-,Apartment,1,99 yrs lease commencing from 2019,05,Rest of Central Region,01 to 05
THE PARC CONDOMINIUM,"1,250,000",667.37,"1,873",Feb-26,WEST COAST WALK,Resale,Strata,62,"20,161",-,Condominium,1,Freehold,05,Outside Central Region,06 to 10
ISLAND VIEW,"4,880,000","3,595.18","1,357",Feb-26,JALAN MAT JAMBOL,Resale,Strata,334,"14,611",-,Condominium,1,Freehold,05,Rest of Central Region,01 to 05
NORMANTON PARK,"1,518,888",764.24,"1,987",Feb-26,NORMANTON PARK,Resale,Strata,71,"21,393",-,Apartment,1,99 yrs lease commencing from 2019,05,Rest of Central Region,06 to 10
PARC CLEMATIS,"1,608,000",721.19,"2,230",Feb-26,JALAN LEMPENG,Resale,Strata,67,"24,000",-,Apartment,1,99 yrs lease commencing from 2019,05,Outside Central Region,11 to 15
WESTCOVE CONDOMINIUM,"1,242,500","1,097.93","1,132",Feb-26,WEST COAST CRESCENT,Resale,Strata,102,"12,181",-,Condominium,1,99 yrs lease commencing from 1995,05,Outside Central Region,01 to 05
TWIN VEW,"2,255,000","1,140.98","1,976",Feb-26,WEST COAST VALE,Resale,Strata,106,"21,274",-,Apartment,1,99 yrs lease commencing from 2017,05,Outside Central Region,31 to 35
VILLA DE WEST,"2,560,000","1,797.59","1,424",Feb-26,PASIR PANJANG ROAD,Resale,Strata,167,"15,329",-,Condominium,1,Freehold,05,Rest of Central Region,01 to 05
PALM MANSIONS,"1,395,000",979.52,"1,424",Feb-26,PASIR PANJANG ROAD,Resale,Strata,91,"15,330",-,Apartment,1,Freehold,05,Rest of Central Region,01 to 05
PARC RIVIERA,"1,850,000",990.29,"1,868",Feb-26,WEST COAST VALE,Resale,Strata,92,"20,109",-,Condominium,1,99 yrs lease commencing from 2015,05,Outside Central Region,31 to 35
WESTCOVE CONDOMINIUM,"1,650,000","1,517.72","1,087",Feb-26,WEST COAST CRESCENT,Resale,Strata,141,"11,702",-,Condominium,1,99 yrs lease commencing from 1995,05,Outside Central Region,01 to 05
NORMANTON PARK,"2,587,000","1,194.8","2,165",Feb-26,NORMANTON PARK,Resale,Strata,111,"23,306",-,Apartment,1,99 yrs lease commencing from 2019,05,Rest of Central Region,01 to 05
BOTANNIA,"2,280,000","1,270.15","1,795",Feb-26,WEST COAST PARK,Resale,Strata,118,"19,322",-,Condominium,1,956 yrs lease commencing from 1928,05,Outside Central Region,01 to 05
NORMANTON PARK,"2,168,000","1,087.16","1,994",Feb-26,NORMANTON PARK,Resale,Strata,101,"21,465",-,Apartment,1,99 yrs lease commencing from 2019,05,Rest of Central Region,01 to 05
NORMANTON PARK,"1,500,000",721.19,"2,080",Feb-26,NORMANTON PARK,Resale,Strata,67,"22,388",-,Apartment,1,99 yrs lease commencing from 2019,05,Rest of Central Region,21 to 25
BOTANNIA,"2,348,000","1,248.62","1,880",Feb-26,WEST COAST PARK,Resale,Strata,116,"20,241",-,Condominium,1,956 yrs lease commencing from 1928,05,Outside Central Region,11 to 15
WHISTLER GRAND,"2,035,000",958,"2,124",Feb-26,WEST COAST VALE,Resale,Strata,89,"22,865",-,Apartment,1,99 yrs lease commencing from 2018,05,Outside Central Region,26 to 30
CARABELLE,"1,800,000",947.23,"1,900",Feb-26,WEST COAST WAY,Resale,Strata,88,"20,455",-,Condominium,1,956 yrs lease commencing from 1928,05,Outside Central Region,06 to 10
THE TRILINQ,"1,835,000","1,108.69","1,655",Feb-26,JALAN LEMPENG,Resale,Strata,103,"17,816",-,Condominium,1,99 yrs lease commencing from 2012,05,Outside Central Region,16 to 20
THE TRILINQ,"2,360,000","1,356.26","1,740",Feb-26,JALAN LEMPENG,Resale,Strata,126,"18,730",-,Condominium,1,99 yrs lease commencing from 2012,05,Outside Central Region,16 to 20
MONTEREY PARK CONDOMINIUM,"2,560,000","1,420.85","1,802",Feb-26,WEST COAST RISE,Resale,Strata,132,"19,394",-,Condominium,1,999 yrs lease commencing from 1885,05,Outside Central Region,06 to 10
PARC RIVIERA,"1,810,000",990.29,"1,828",Feb-26,WEST COAST VALE,Resale,Strata,92,"19,674",-,Condominium,1,99 yrs lease commencing from 2015,05,Outside Central Region,31 to 35
THE CLEMENT CANOPY,"1,248,000",635.08,"1,965",Feb-26,CLEMENTI AVENUE 1,Resale,Strata,59,"21,153",-,Apartment,1,99 yrs lease commencing from 2016,05,Outside Central Region,21 to 25
NORMANTON PARK,"1,518,000",731.95,"2,074",Feb-26,NORMANTON PARK,Resale,Strata,68,"22,324",-,Apartment,1,99 yrs lease commencing from 2019,05,Rest of Central Region,11 to 15
CLAVON,"1,530,000",764.24,"2,002",Feb-26,CLEMENTI AVENUE 1,Resale,Strata,71,"21,549",-,Apartment,1,99 yrs lease commencing from 2019,05,Outside Central Region,01 to 05
NORMANTON PARK,"965,000",516.67,"1,868",Feb-26,NORMANTON PARK,Resale,Strata,48,"20,104",-,Apartment,1,99 yrs lease commencing from 2019,05,Rest of Central Region,06 to 10
THE TRILINQ,"1,780,000","1,108.69","1,605",Feb-26,JALAN LEMPENG,Resale,Strata,103,"17,282",-,Condominium,1,99 yrs lease commencing from 2012,05,Outside Central Region,31 to 35
THE TRILINQ,"1,880,000",914.94,"2,055",Feb-26,JALAN LEMPENG,Resale,Strata,85,"22,118",-,Condominium,1,99 yrs lease commencing from 2012,05,Outside Central Region,11 to 15
THE PARC CONDOMINIUM,"2,880,000","1,420.85","2,027",Feb-26,WEST COAST WALK,Resale,Strata,132,"21,818",-,Condominium,1,Freehold,05,Outside Central Region,11 to 15
TWIN VEW,"830,000",484.38,"1,714",Feb-26,WEST COAST VALE,Resale,Strata,45,"18,444",-,Apartment,1,99 yrs lease commencing from 2017,05,Outside Central Region,11 to 15
SEAHILL,"845,000",548.96,"1,539",Feb-26,WEST COAST CRESCENT,Resale,Strata,51,"16,569",-,Condominium,1,99 yrs lease commencing from 2011,05,Outside Central Region,06 to 10
SEAHILL,"916,000",624.31,"1,467",Feb-26,WEST COAST CRESCENT,Resale,Strata,58,"15,793",-,Condominium,1,99 yrs lease commencing from 2011,05,Outside Central Region,06 to 10
BOTANNIA,"2,300,000","1,259.39","1,826",Feb-26,WEST COAST PARK,Resale,Strata,117,"19,658",-,Condominium,1,956 yrs lease commencing from 1928,05,Outside Central Region,06 to 10
THE TRILINQ,"1,318,000",710.42,"1,855",Feb-26,JALAN LEMPENG,Resale,Strata,66,"19,970",-,Condominium,1,99 yrs lease commencing from 2012,05,Outside Central Region,06 to 10
NORMANTON PARK,"882,000",495.14,"1,781",Feb-26,NORMANTON PARK,Sub Sale,Strata,46,"19,174",-,Apartment,1,99 yrs lease commencing from 2019,05,Rest of Central Region,21 to 25
PARC RIVIERA,"1,900,000","1,151.75","1,650",Feb-26,WEST COAST VALE,Resale,Strata,107,"17,757",-,Condominium,1,99 yrs lease commencing from 2015,05,Outside Central Region,06 to 10
PARC CLEMATIS,"1,652,000",721.19,"2,291",Feb-26,JALAN LEMPENG,Resale,Strata,67,"24,657",-,Apartment,1,99 yrs lease commencing from 2019,05,Outside Central Region,21 to 25
THE PARC CONDOMINIUM,"1,881,000",979.52,"1,920",Feb-26,WEST COAST WALK,Resale,Strata,91,"20,670",-,Condominium,1,Freehold,05,Outside Central Region,06 to 10
BOTANNIA,"2,268,000","1,227.1","1,848",Feb-26,WEST COAST PARK,Resale,Strata,114,"19,895",-,Condominium,1,956 yrs lease commencing from 1928,05,Outside Central Region,01 to 05
THE PARC CONDOMINIUM,"2,500,000","1,302.44","1,919",Feb-26,WEST COAST WALK,Resale,Strata,121,"20,661",-,Condominium,1,Freehold,05,Outside Central Region,06 to 10
NORMANTON PARK,"1,890,000",968.76,"1,951",Feb-26,NORMANTON PARK,Sub Sale,Strata,90,"21,000",-,Apartment,1,99 yrs lease commencing from 2019,05,Rest of Central Region,16 to 20
SEAHILL,"1,500,000",861.12,"1,742",Feb-26,WEST COAST CRESCENT,Resale,Strata,80,"18,750",-,Condominium,1,99 yrs lease commencing from 2011,05,Outside Central Region,21 to 25
THE TRILINQ,"1,420,000",753.48,"1,885",Feb-26,JALAN LEMPENG,Resale,Strata,70,"20,286",-,Condominium,1,99 yrs lease commencing from 2012,05,Outside Central Region,06 to 10
THE MAYLEA,"1,850,000","1,151.75","1,606",Feb-26,PASIR PANJANG ROAD,Resale,Strata,107,"17,290",-,Condominium,1,Freehold,05,Rest of Central Region,01 to 05
THE TRILINQ,"1,860,000",914.94,"2,033",Jan-26,JALAN LEMPENG,Resale,Strata,85,"21,882",-,Condominium,1,99 yrs lease commencing from 2012,05,Outside Central Region,06 to 10
CLAVON,"1,730,000",764.24,"2,264",Jan-26,CLEMENTI AVENUE 1,Resale,Strata,71,"24,366",-,Apartment,1,99 yrs lease commencing from 2019,05,Outside Central Region,26 to 30
PARC CLEMATIS,"935,000",452.09,"2,068",Jan-26,JALAN LEMPENG,Resale,Strata,42,"22,262",-,Apartment,1,99 yrs lease commencing from 2019,05,Outside Central Region,11 to 15
WHISTLER GRAND,"1,988,888",990.29,"2,008",Jan-26,WEST COAST VALE,Resale,Strata,92,"21,618",-,Apartment,1,99 yrs lease commencing from 2018,05,Outside Central Region,06 to 10
THE PEAK@BALMEG,"3,968,800","2,604.89","1,524",Jan-26,BALMEG HILL,Resale,Strata,242,"16,400",-,Condominium,1,Freehold,05,Rest of Central Region,01 to 05
CLAVON,"2,228,888",958,"2,327",Jan-26,CLEMENTI AVENUE 1,Resale,Strata,89,"25,044",-,Apartment,1,99 yrs lease commencing from 2019,05,Outside Central Region,36 to 40
VARSITY PARK CONDOMINIUM,"2,460,000","1,636.13","1,504",Jan-26,WEST COAST ROAD,Resale,Strata,152,"16,184",-,Condominium,1,99 yrs lease commencing from 2004,05,Outside Central Region,01 to 05
WESTCOVE CONDOMINIUM,"1,690,000","1,539.25","1,098",Jan-26,WEST COAST CRESCENT,Resale,Strata,143,"11,818",-,Condominium,1,99 yrs lease commencing from 1995,05,Outside Central Region,01 to 05
NORMANTON PARK,"1,325,000",688.9,"1,923",Jan-26,NORMANTON PARK,Sub Sale,Strata,64,"20,703",-,Apartment,1,99 yrs lease commencing from 2019,05,Rest of Central Region,01 to 05
ONE-NORTH EDEN,"3,300,800","1,410.08","2,341",Jan-26,SLIM BARRACKS RISE,Resale,Strata,131,"25,197",-,Apartment,1,99 yrs lease commencing from 2019,05,Rest of Central Region,06 to 10
NORMANTON PARK,"1,369,000",656.6,"2,085",Jan-26,NORMANTON PARK,Sub Sale,Strata,61,"22,443",-,Apartment,1,99 yrs lease commencing from 2019,05,Rest of Central Region,11 to 15
ONE-NORTH EDEN,"2,700,888","1,119.46","2,413",Jan-26,SLIM BARRACKS RISE,Resale,Strata,104,"25,970",-,Apartment,1,99 yrs lease commencing from 2019,05,Rest of Central Region,01 to 05
THE SORRENTO,"789,000",441.32,"1,788",Jan-26,WEST COAST ROAD,Resale,Strata,41,"19,244",-,Condominium,1,Freehold,05,Outside Central Region,01 to 05
THE VISION,"1,450,000",904.18,"1,604",Jan-26,WEST COAST CRESCENT,Resale,Strata,84,"17,262",-,Condominium,1,99 yrs lease commencing from 2008,05,Outside Central Region,06 to 10
PARC RIVIERA,"2,180,000","1,184.04","1,841",Jan-26,WEST COAST VALE,Resale,Strata,110,"19,818",-,Condominium,1,99 yrs lease commencing from 2015,05,Outside Central Region,26 to 30
THE CASSANDRA,"2,000,000","1,323.97","1,511",Jan-26,PASIR PANJANG ROAD,Resale,Strata,123,"16,260",-,Apartment,1,Freehold,05,Rest of Central Region,01 to 05
NORMANTON PARK,"918,000",516.67,"1,777",Jan-26,NORMANTON PARK,Sub Sale,Strata,48,"19,125",-,Apartment,1,99 yrs lease commencing from 2019,05,Rest of Central Region,16 to 20
PARC CLEMATIS,"2,300,000",904.18,"2,544",Jan-26,JALAN LEMPENG,Resale,Strata,84,"27,381",-,Apartment,1,99 yrs lease commencing from 2019,05,Outside Central Region,11 to 15
PARC RIVIERA,"2,110,000","1,151.75","1,832",Jan-26,WEST COAST VALE,Resale,Strata,107,"19,720",-,Condominium,1,99 yrs lease commencing from 2015,05,Outside Central Region,26 to 30
THE INFINITI,"2,200,000","1,270.15","1,732",Jan-26,WEST COAST PARK,Resale,Strata,118,"18,644",-,Condominium,1,Freehold,05,Outside Central Region,06 to 10
VARSITY PARK CONDOMINIUM,"2,400,000","1,603.84","1,496",Jan-26,WEST COAST ROAD,Resale,Strata,149,"16,107",-,Condominium,1,99 yrs lease commencing from 2004,05,Outside Central Region,01 to 05
TWIN VEW,"1,500,000",818.06,"1,834",Jan-26,WEST COAST VALE,Resale,Strata,76,"19,737",-,Apartment,1,99 yrs lease commencing from 2017,05,Outside Central Region,11 to 15
DOVER PARKVIEW,"1,300,000",968.76,"1,342",Jan-26,DOVER RISE,Resale,Strata,90,"14,444",-,Condominium,1,99 yrs lease commencing from 1993,05,Rest of Central Region,06 to 10
NORMANTON PARK,"1,310,000",667.37,"1,963",Jan-26,NORMANTON PARK,Sub Sale,Strata,62,"21,129",-,Apartment,1,99 yrs lease commencing from 2019,05,Rest of Central Region,11 to 15
THE TRILINQ,"1,890,888","1,108.69","1,706",Jan-26,JALAN LEMPENG,Resale,Strata,103,"18,358",-,Condominium,1,99 yrs lease commencing from 2012,05,Outside Central Region,31 to 35
KENT RIDGE HILL RESIDENCES,"1,625,000",775.01,"2,097",Jan-26,SOUTH BUONA VISTA ROAD,Resale,Strata,72,"22,569",-,Apartment,1,99 yrs lease commencing from 2018,05,Rest of Central Region,01 to 05
NORMANTON PARK,"2,030,000",947.23,"2,143",Jan-26,NORMANTON PARK,Sub Sale,Strata,88,"23,068",-,Apartment,1,99 yrs lease commencing from 2019,05,Rest of Central Region,21 to 25
THE TRILINQ,"1,860,000",914.94,"2,033",Jan-26,JALAN LEMPENG,Resale,Strata,85,"21,882",-,Condominium,1,99 yrs lease commencing from 2012,05,Outside Central Region,21 to 25
DOVER PARKVIEW,"1,370,000",936.47,"1,463",Jan-26,DOVER RISE,Resale,Strata,87,"15,747",-,Condominium,1,99 yrs lease commencing from 1993,05,Rest of Central Region,06 to 10
HORIZON RESIDENCES,"2,580,000","1,474.67","1,750",Jan-26,PASIR PANJANG HILL,Resale,Strata,137,"18,832",-,Condominium,1,Freehold,05,Rest of Central Region,01 to 05
DOVER PARKVIEW,"1,280,000",968.76,"1,321",Jan-26,DOVER RISE,Resale,Strata,90,"14,222",-,Condominium,1,99 yrs lease commencing from 1993,05,Rest of Central Region,01 to 05
DOVER PARKVIEW,"1,405,000",936.47,"1,500",Jan-26,DOVER RISE,Resale,Strata,87,"16,149",-,Condominium,1,99 yrs lease commencing from 1993,05,Rest of Central Region,11 to 15
HERITAGE VIEW,"1,888,000","1,162.51","1,624",Jan-26,DOVER RISE,Resale,Strata,108,"17,481",-,Condominium,1,99 yrs lease commencing from 1996,05,Rest of Central Region,16 to 20
PARC RIVIERA,"815,000",462.85,"1,761",Jan-26,WEST COAST VALE,Resale,Strata,43,"18,953",-,Condominium,1,99 yrs lease commencing from 2015,05,Outside Central Region,21 to 25
WHISTLER GRAND,"1,255,000",624.31,"2,010",Jan-26,WEST COAST VALE,Resale,Strata,58,"21,638",-,Apartment,1,99 yrs lease commencing from 2018,05,Outside Central Region,31 to 35
PARC RIVIERA,"781,888",462.85,"1,689",Jan-26,WEST COAST VALE,Resale,Strata,43,"18,183",-,Condominium,1,99 yrs lease commencing from 2015,05,Outside Central Region,21 to 25
ONE-NORTH RESIDENCES,"3,720,000","2,669.47","1,394",Jan-26,ONE-NORTH GATEWAY,Resale,Strata,248,"15,000",-,Apartment,1,99 yrs lease commencing from 2005,05,Rest of Central Region,11 to 15
NORMANTON PARK,"1,770,000",828.83,"2,136",Jan-26,NORMANTON PARK,Sub Sale,Strata,77,"22,987",-,Apartment,1,99 yrs lease commencing from 2019,05,Rest of Central Region,16 to 20
PASIR VIEW PARK,"2,060,000","1,334.74","1,543",Jan-26,PASIR PANJANG ROAD,Resale,Strata,124,"16,613",-,Condominium,1,Freehold,05,Rest of Central Region,01 to 05
NORMANTON PARK,"1,468,000",731.95,"2,006",Jan-26,NORMANTON PARK,Sub Sale,Strata,68,"21,588",-,Apartment,1,99 yrs lease commencing from 2019,05,Rest of Central Region,01 to 05
THE CLEMENT CANOPY,"2,260,000","1,108.69","2,038",Jan-26,CLEMENTI AVENUE 1,Resale,Strata,103,"21,942",-,Apartment,1,99 yrs lease commencing from 2016,05,Outside Central Region,01 to 05
KENT RIDGE HILL RESIDENCES,"955,000",484.38,"1,972",Jan-26,SOUTH BUONA VISTA ROAD,Resale,Strata,45,"21,222",-,Apartment,1,99 yrs lease commencing from 2018,05,Rest of Central Region,01 to 05
NORMANTON PARK,"1,288,000",645.84,"1,994",Jan-26,NORMANTON PARK,Sub Sale,Strata,60,"21,467",-,Apartment,1,99 yrs lease commencing from 2019,05,Rest of Central Region,01 to 05
NORMANTON PARK,"1,540,000",775.01,"1,987",Jan-26,NORMANTON PARK,Sub Sale,Strata,72,"21,389",-,Apartment,1,99 yrs lease commencing from 2019,05,Rest of Central Region,11 to 15
BLUE HORIZON,"1,700,000","1,151.75","1,476",Jan-26,WEST COAST CRESCENT,Resale,Strata,107,"15,888",-,Condominium,1,99 yrs lease commencing from 2000,05,Outside Central Region,06 to 10
THE ROCHESTER RESIDENCES,"3,270,000","1,948.28","1,678",Jan-26,ROCHESTER DRIVE,Resale,Strata,181,"18,066",-,Apartment,1,99 yrs lease commencing from 2005,05,Rest of Central Region,21 to 25
NORMANTON PARK,"960,000",527.44,"1,820",Jan-26,NORMANTON PARK,Sub Sale,Strata,49,"19,592",-,Apartment,1,99 yrs lease commencing from 2019,05,Rest of Central Region,16 to 20
DOVER PARKVIEW,"1,410,000",968.76,"1,455",Jan-26,DOVER RISE,Resale,Strata,90,"15,667",-,Condominium,1,99 yrs lease commencing from 1993,05,Rest of Central Region,11 to 15
CLAVON,"3,860,000","1,689.95","2,284",Jan-26,CLEMENTI AVENUE 1,Resale,Strata,157,"24,586",-,Apartment,1,99 yrs lease commencing from 2019,05,Outside Central Region,36 to 40
ISLAND VIEW,"4,350,000","3,498.3","1,243",Jan-26,JALAN MAT JAMBOL,Resale,Strata,325,"13,385",-,Condominium,1,Freehold,05,Rest of Central Region,01 to 05
WHISTLER GRAND,"924,000",505.91,"1,826",Jan-26,WEST COAST VALE,Resale,Strata,47,"19,660",-,Apartment,1,99 yrs lease commencing from 2018,05,Outside Central Region,26 to 30
BLUE HORIZON,"1,740,000","1,162.51","1,497",Jan-26,WEST COAST CRESCENT,Resale,Strata,108,"16,111",-,Condominium,1,99 yrs lease commencing from 2000,05,Outside Central Region,11 to 15
NORMANTON PARK,"2,860,000","1,334.74","2,143",Jan-26,NORMANTON PARK,Sub Sale,Strata,124,"23,065",-,Apartment,1,99 yrs lease commencing from 2019,05,Rest of Central Region,21 to 25
BOTANNIA,"2,310,000","1,270.15","1,819",Jan-26,WEST COAST PARK,Resale,Strata,118,"19,576",-,Condominium,1,956 yrs lease commencing from 1928,05,Outside Central Region,11 to 15
PARC CLEMATIS,"3,590,000","1,496.2","2,399",Jan-26,JALAN LEMPENG,Resale,Strata,139,"25,827",-,Apartment,1,99 yrs lease commencing from 2019,05,Outside Central Region,21 to 25
CLAVON,"3,558,000","1,582.31","2,249",Jan-26,CLEMENTI AVENUE 1,Resale,Strata,147,"24,204",-,Apartment,1,99 yrs lease commencing from 2019,05,Outside Central Region,31 to 35
NORMANTON PARK,"2,300,000","1,087.16","2,116",Jan-26,NORMANTON PARK,Sub Sale,Strata,101,"22,772",-,Apartment,1,99 yrs lease commencing from 2019,05,Rest of Central Region,16 to 20
PARC RIVIERA,"1,050,000",602.78,"1,742",Jan-26,WEST COAST VALE,Resale,Strata,56,"18,750",-,Condominium,1,99 yrs lease commencing from 2015,05,Outside Central Region,16 to 20
THE CLEMENT CANOPY,"1,400,000",731.95,"1,913",Jan-26,CLEMENTI AVENUE 1,Resale,Strata,68,"20,588",-,Apartment,1,99 yrs lease commencing from 2016,05,Outside Central Region,11 to 15
WHISTLER GRAND,"1,228,888",613.55,"2,003",Jan-26,WEST COAST VALE,Resale,Strata,57,"21,559",-,Apartment,1,99 yrs lease commencing from 2018,05,Outside Central Region,31 to 35
VARSITY PARK CONDOMINIUM,"2,120,000","1,302.44","1,628",Jan-26,WEST COAST ROAD,Resale,Strata,121,"17,521",-,Condominium,1,99 yrs lease commencing from 2004,05,Outside Central Region,01 to 05
PARC CLEMATIS,"1,535,888",721.19,"2,130",Jan-26,JALAN LEMPENG,Resale,Strata,67,"22,924",-,Apartment,1,99 yrs lease commencing from 2019,05,Outside Central Region,16 to 20
WHISTLER GRAND,"1,943,000",958,"2,028",Jan-26,WEST COAST VALE,Resale,Strata,89,"21,831",-,Apartment,1,99 yrs lease commencing from 2018,05,Outside Central Region,11 to 15
CLEMENTIWOODS CONDOMINIUM,"1,614,000","1,076.4","1,499",Jan-26,WEST COAST ROAD,Resale,Strata,100,"16,140",-,Condominium,1,99 yrs lease commencing from 2006,05,Outside Central Region,01 to 05
BLUE HORIZON,"1,680,000","1,151.75","1,459",Jan-26,WEST COAST CRESCENT,Resale,Strata,107,"15,701",-,Condominium,1,99 yrs lease commencing from 2000,05,Outside Central Region,16 to 20
THE PARC CONDOMINIUM,"2,600,000","1,442.38","1,803",Jan-26,WEST COAST WALK,Resale,Strata,134,"19,403",-,Condominium,1,Freehold,05,Outside Central Region,11 to 15
THE TRILINQ,"1,732,000","1,108.69","1,562",Dec-25,JALAN LEMPENG,Resale,Strata,103,"16,816",-,Condominium,1,99 yrs lease commencing from 2012,05,Outside Central Region,16 to 20
BOTANNIA,"2,450,000","1,280.92","1,913",Dec-25,WEST COAST PARK,Resale,Strata,119,"20,588",-,Condominium,1,956 yrs lease commencing from 1928,05,Outside Central Region,11 to 15
NORMANTON PARK,"2,090,000",936.47,"2,232",Dec-25,NORMANTON PARK,Sub Sale,Strata,87,"24,023",-,Apartment,1,99 yrs lease commencing from 2019,05,Rest of Central Region,06 to 10
NORMANTON PARK,"1,500,000",731.95,"2,049",Dec-25,NORMANTON PARK,Sub Sale,Strata,68,"22,059",-,Apartment,1,99 yrs lease commencing from 2019,05,Rest of Central Region,06 to 10
PARC CLEMATIS,"3,100,000","1,291.68","2,400",Dec-25,JALAN LEMPENG,Resale,Strata,120,"25,833",-,Apartment,1,99 yrs lease commencing from 2019,05,Outside Central Region,06 to 10
PARC CLEMATIS,"1,710,000",742.72,"2,302",Dec-25,JALAN LEMPENG,Resale,Strata,69,"24,783",-,Apartment,1,99 yrs lease commencing from 2019,05,Outside Central Region,11 to 15
WHISTLER GRAND,"1,200,000",613.55,"1,956",Dec-25,WEST COAST VALE,Resale,Strata,57,"21,053",-,Apartment,1,99 yrs lease commencing from 2018,05,Outside Central Region,26 to 30
KENT RIDGE HILL RESIDENCES,"918,000",473.62,"1,938",Dec-25,SOUTH BUONA VISTA ROAD,Resale,Strata,44,"20,864",-,Apartment,1,99 yrs lease commencing from 2018,05,Rest of Central Region,01 to 05
CLAVON,"1,045,000",527.44,"1,981",Dec-25,CLEMENTI AVENUE 1,Resale,Strata,49,"21,327",-,Apartment,1,99 yrs lease commencing from 2019,05,Outside Central Region,06 to 10
THE ROCHESTER RESIDENCES,"2,330,000","1,625.36","1,434",Dec-25,ROCHESTER DRIVE,Resale,Strata,151,"15,430",-,Apartment,1,99 yrs lease commencing from 2005,05,Rest of Central Region,06 to 10
TWIN VEW,"2,590,888","1,377.79","1,880",Dec-25,WEST COAST VALE,Resale,Strata,128,"20,241",-,Apartment,1,99 yrs lease commencing from 2017,05,Outside Central Region,21 to 25
THE TRILINQ,"970,000",538.2,"1,802",Dec-25,JALAN LEMPENG,Resale,Strata,50,"19,400",-,Condominium,1,99 yrs lease commencing from 2012,05,Outside Central Region,26 to 30
THE VERANDAH RESIDENCES,"1,500,000",688.9,"2,177",Dec-25,PASIR PANJANG ROAD,Resale,Strata,64,"23,438",-,Apartment,1,Freehold,05,Rest of Central Region,01 to 05
KENT RIDGE HILL RESIDENCES,"2,088,888","1,076.4","1,941",Dec-25,SOUTH BUONA VISTA ROAD,Resale,Strata,100,"20,889",-,Apartment,1,99 yrs lease commencing from 2018,05,Rest of Central Region,01 to 05
PARC CLEMATIS,"2,680,000","1,076.4","2,490",Dec-25,JALAN LEMPENG,Resale,Strata,100,"26,800",-,Apartment,1,99 yrs lease commencing from 2019,05,Outside Central Region,06 to 10
THE PARC CONDOMINIUM,"3,036,000","1,517.72","2,000",Dec-25,WEST COAST WALK,Resale,Strata,141,"21,532",-,Condominium,1,Freehold,05,Outside Central Region,16 to 20
THE VERANDAH RESIDENCES,"2,050,000","1,001.05","2,048",Dec-25,PASIR PANJANG ROAD,Resale,Strata,93,"22,043",-,Apartment,1,Freehold,05,Rest of Central Region,01 to 05
NORMANTON PARK,"2,298,000","1,065.64","2,156",Dec-25,NORMANTON PARK,Sub Sale,Strata,99,"23,212",-,Apartment,1,99 yrs lease commencing from 2019,05,Rest of Central Region,11 to 15
CLEMENTIWOODS CONDOMINIUM,"2,600,000","1,625.36","1,600",Dec-25,WEST COAST ROAD,Resale,Strata,151,"17,219",-,Condominium,1,99 yrs lease commencing from 2006,05,Outside Central Region,01 to 05
FABER CREST,"1,583,000","1,259.39","1,257",Dec-25,FABER HEIGHTS,Resale,Strata,117,"13,530",-,Condominium,1,99 yrs lease commencing from 1996,05,Outside Central Region,01 to 05
SEAHILL,"820,000",495.14,"1,656",Dec-25,WEST COAST CRESCENT,Resale,Strata,46,"17,826",-,Condominium,1,99 yrs lease commencing from 2011,05,Outside Central Region,06 to 10
VILLA DE WEST,"1,520,000","1,011.82","1,502",Dec-25,PASIR PANJANG ROAD,Resale,Strata,94,"16,170",-,Condominium,1,Freehold,05,Rest of Central Region,01 to 05
MONTEREY PARK CONDOMINIUM,"2,520,000","1,700.71","1,482",Dec-25,WEST COAST RISE,Resale,Strata,158,"15,949",-,Condominium,1,999 yrs lease commencing from 1885,05,Outside Central Region,01 to 05
THE ORIENT,"1,380,000",721.19,"1,914",Dec-25,PASIR PANJANG ROAD,Resale,Strata,67,"20,597",-,Apartment,1,Freehold,05,Rest of Central Region,01 to 05
THE CLEMENT CANOPY,"1,250,000",656.6,"1,904",Dec-25,CLEMENTI AVENUE 1,Resale,Strata,61,"20,492",-,Apartment,1,99 yrs lease commencing from 2016,05,Outside Central Region,21 to 25
NORMANTON PARK,"1,100,000",656.6,"1,675",Dec-25,NORMANTON PARK,Sub Sale,Strata,61,"18,033",-,Apartment,1,99 yrs lease commencing from 2019,05,Rest of Central Region,21 to 25
NORMANTON PARK,"1,395,000",667.37,"2,090",Dec-25,NORMANTON PARK,Sub Sale,Strata,62,"22,500",-,Apartment,1,99 yrs lease commencing from 2019,05,Rest of Central Region,21 to 25
SEAHILL,"1,030,000",667.37,"1,543",Dec-25,WEST COAST CRESCENT,Resale,Strata,62,"16,613",-,Condominium,1,99 yrs lease commencing from 2011,05,Outside Central Region,26 to 30
PARC CLEMATIS,"905,000",452.09,"2,002",Dec-25,JALAN LEMPENG,Resale,Strata,42,"21,548",-,Apartment,1,99 yrs lease commencing from 2019,05,Outside Central Region,06 to 10
WESTCOVE CONDOMINIUM,"1,500,000","1,248.62","1,201",Dec-25,WEST COAST CRESCENT,Resale,Strata,116,"12,931",-,Condominium,1,99 yrs lease commencing from 1995,05,Outside Central Region,01 to 05
CLAVON,"2,485,000","1,130.22","2,199",Dec-25,CLEMENTI AVENUE 1,Resale,Strata,105,"23,667",-,Apartment,1,99 yrs lease commencing from 2019,05,Outside Central Region,21 to 25
KENT RIDGE HILL RESIDENCES,"1,495,000",775.01,"1,929",Dec-25,SOUTH BUONA VISTA ROAD,Resale,Strata,72,"20,764",-,Apartment,1,99 yrs lease commencing from 2018,05,Rest of Central Region,01 to 05
PARC CLEMATIS,"3,540,000","1,496.2","2,366",Dec-25,JALAN LEMPENG,Resale,Strata,139,"25,468",-,Apartment,1,99 yrs lease commencing from 2019,05,Outside Central Region,06 to 10
PARC CLEMATIS,"2,068,888",914.94,"2,261",Dec-25,JALAN LEMPENG,Resale,Strata,85,"24,340",-,Apartment,1,99 yrs lease commencing from 2019,05,Outside Central Region,06 to 10
NORMANTON PARK,"1,850,000",914.94,"2,022",Dec-25,NORMANTON PARK,Sub Sale,Strata,85,"21,765",-,Apartment,1,99 yrs lease commencing from 2019,05,Rest of Central Region,06 to 10
NORMANTON PARK,"1,308,888",656.6,"1,993",Dec-25,NORMANTON PARK,Sub Sale,Strata,61,"21,457",-,Apartment,1,99 yrs lease commencing from 2019,05,Rest of Central Region,11 to 15
KENT RIDGE HILL RESIDENCES,"1,580,000",775.01,"2,039",Dec-25,SOUTH BUONA VISTA ROAD,Resale,Strata,72,"21,944",-,Apartment,1,99 yrs lease commencing from 2018,05,Rest of Central Region,01 to 05
CLEMENTIWOODS CONDOMINIUM,"2,150,000","1,388.56","1,548",Dec-25,WEST COAST ROAD,Resale,Strata,129,"16,667",-,Condominium,1,99 yrs lease commencing from 2006,05,Outside Central Region,01 to 05
THE TRILINQ,"1,350,000",710.42,"1,900",Dec-25,JALAN LEMPENG,Resale,Strata,66,"20,455",-,Condominium,1,99 yrs lease commencing from 2012,05,Outside Central Region,16 to 20
NORMANTON PARK,"1,510,000",764.24,"1,976",Dec-25,NORMANTON PARK,Sub Sale,Strata,71,"21,268",-,Apartment,1,99 yrs lease commencing from 2019,05,Rest of Central Region,01 to 05
NORMANTON PARK,"2,075,000",936.47,"2,216",Dec-25,NORMANTON PARK,Sub Sale,Strata,87,"23,851",-,Apartment,1,99 yrs lease commencing from 2019,05,Rest of Central Region,21 to 25
NORMANTON PARK,"1,265,000",667.37,"1,896",Dec-25,NORMANTON PARK,Sub Sale,Strata,62,"20,403",-,Apartment,1,99 yrs lease commencing from 2019,05,Rest of Central Region,01 to 05
CLAVON,"1,390,000",678.13,"2,050",Dec-25,CLEMENTI AVENUE 1,Resale,Strata,63,"22,063",-,Apartment,1,99 yrs lease commencing from 2019,05,Outside Central Region,11 to 15
THE ORIENT,"1,940,000","1,130.22","1,716",Dec-25,PASIR PANJANG ROAD,Resale,Strata,105,"18,476",-,Apartment,1,Freehold,05,Rest of Central Region,01 to 05
ONE-NORTH RESIDENCES,"1,880,000",979.52,"1,919",Dec-25,ONE-NORTH GATEWAY,Resale,Strata,91,"20,659",-,Apartment,1,99 yrs lease commencing from 2005,05,Rest of Central Region,06 to 10
THE PARC CONDOMINIUM,"2,950,000","1,517.72","1,944",Dec-25,WEST COAST WALK,Resale,Strata,141,"20,922",-,Condominium,1,Freehold,05,Outside Central Region,06 to 10
PARC RIVIERA,"1,022,000",602.78,"1,695",Dec-25,WEST COAST VALE,Resale,Strata,56,"18,250",-,Condominium,1,99 yrs lease commencing from 2015,05,Outside Central Region,16 to 20
NORMANTON PARK,"910,000",527.44,"1,725",Dec-25,NORMANTON PARK,Sub Sale,Strata,49,"18,571",-,Apartment,1,99 yrs lease commencing from 2019,05,Rest of Central Region,11 to 15
WESTCOVE CONDOMINIUM,"1,510,000","1,248.62","1,209",Dec-25,WEST COAST CRESCENT,Resale,Strata,116,"13,017",-,Condominium,1,99 yrs lease commencing from 1995,05,Outside Central Region,01 to 05
WHISTLER GRAND,"1,430,000",764.24,"1,871",Dec-25,WEST COAST VALE,Resale,Strata,71,"20,141",-,Apartment,1,99 yrs lease commencing from 2018,05,Outside Central Region,21 to 25
WESTCOVE CONDOMINIUM,"1,270,000","1,130.22","1,124",Dec-25,WEST COAST CRESCENT,Resale,Strata,105,"12,095",-,Condominium,1,99 yrs lease commencing from 1995,05,Outside Central Region,01 to 05
PARC CLEMATIS,"2,270,000",914.94,"2,481",Dec-25,JALAN LEMPENG,Resale,Strata,85,"26,706",-,Apartment,1,99 yrs lease commencing from 2019,05,Outside Central Region,06 to 10
HUNDRED TREES,"1,675,000",914.94,"1,831",Dec-25,WEST COAST DRIVE,Resale,Strata,85,"19,706",-,Condominium,1,956 yrs lease commencing from 1928,05,Outside Central Region,06 to 10
NORMANTON PARK,"930,000",527.44,"1,763",Dec-25,NORMANTON PARK,Sub Sale,Strata,49,"18,980",-,Apartment,1,99 yrs lease commencing from 2019,05,Rest of Central Region,06 to 10
REGENT PARK,"1,619,000","1,140.98","1,419",Dec-25,JALAN LEMPENG,Resale,Strata,106,"15,274",-,Condominium,1,99 yrs lease commencing from 1993,05,Outside Central Region,01 to 05
PARC CLEMATIS,"2,208,000",904.18,"2,442",Dec-25,JALAN LEMPENG,Resale,Strata,84,"26,286",-,Apartment,1,99 yrs lease commencing from 2019,05,Outside Central Region,01 to 05
WEST BAY CONDOMINIUM,"1,060,000",893.41,"1,186",Dec-25,WEST COAST CRESCENT,Resale,Strata,83,"12,771",-,Condominium,1,99 yrs lease commencing from 1991,05,Outside Central Region,01 to 05
NORMANTON PARK,"1,313,888",688.9,"1,907",Dec-25,NORMANTON PARK,Sub Sale,Strata,64,"20,530",-,Apartment,1,99 yrs lease commencing from 2019,05,Rest of Central Region,16 to 20
CLAVON,"1,410,000",678.13,"2,079",Dec-25,CLEMENTI AVENUE 1,Resale,Strata,63,"22,381",-,Apartment,1,99 yrs lease commencing from 2019,05,Outside Central Region,21 to 25
WHISTLER GRAND,"2,200,000","1,065.64","2,064",Dec-25,WEST COAST VALE,Resale,Strata,99,"22,222",-,Apartment,1,99 yrs lease commencing from 2018,05,Outside Central Region,26 to 30
PASIR VIEW PARK,"2,050,000","1,334.74","1,536",Nov-25,PASIR PANJANG ROAD,Resale,Strata,124,"16,532",-,Condominium,1,Freehold,05,Rest of Central Region,01 to 05
TWIN VEW,"823,000",484.38,"1,699",Nov-25,WEST COAST VALE,Resale,Strata,45,"18,289",-,Apartment,1,99 yrs lease commencing from 2017,05,Outside Central Region,26 to 30
NORMANTON PARK,"1,625,000",861.12,"1,887",Nov-25,NORMANTON PARK,Sub Sale,Strata,80,"20,313",-,Apartment,1,99 yrs lease commencing from 2019,05,Rest of Central Region,21 to 25
REGENT PARK,"1,060,000",807.3,"1,313",Nov-25,JALAN LEMPENG,Resale,Strata,75,"14,133",-,Condominium,1,99 yrs lease commencing from 1993,05,Outside Central Region,01 to 05
TWIN VEW,"2,930,000","1,517.72","1,931",Nov-25,WEST COAST VALE,Resale,Strata,141,"20,780",-,Apartment,1,99 yrs lease commencing from 2017,05,Outside Central Region,16 to 20
PARC RIVIERA,"1,050,000",602.78,"1,742",Nov-25,WEST COAST VALE,Resale,Strata,56,"18,750",-,Condominium,1,99 yrs lease commencing from 2015,05,Outside Central Region,31 to 35
BLUE HORIZON,"1,670,000","1,151.75","1,450",Nov-25,WEST COAST CRESCENT,Resale,Strata,107,"15,607",-,Condominium,1,99 yrs lease commencing from 2000,05,Outside Central Region,11 to 15
WHISTLER GRAND,"1,525,000",764.24,"1,995",Nov-25,WEST COAST VALE,Resale,Strata,71,"21,479",-,Apartment,1,99 yrs lease commencing from 2018,05,Outside Central Region,31 to 35
WHITEHAVEN,"1,030,000",538.2,"1,914",Nov-25,PASIR PANJANG ROAD,Resale,Strata,50,"20,600",-,Apartment,1,Freehold,05,Rest of Central Region,01 to 05
THE TRILINQ,"1,300,000",710.42,"1,830",Nov-25,JALAN LEMPENG,Resale,Strata,66,"19,697",-,Condominium,1,99 yrs lease commencing from 2012,05,Outside Central Region,06 to 10
FABER CREST,"1,530,000","1,334.74","1,146",Nov-25,FABER HEIGHTS,Resale,Strata,124,"12,339",-,Condominium,1,99 yrs lease commencing from 1996,05,Outside Central Region,01 to 05
KENT RIDGE HILL RESIDENCES,"1,595,000",775.01,"2,058",Nov-25,SOUTH BUONA VISTA ROAD,Resale,Strata,72,"22,153",-,Apartment,1,99 yrs lease commencing from 2018,05,Rest of Central Region,01 to 05
THE INFINITI,"2,250,000","1,345.5","1,672",Nov-25,WEST COAST PARK,Resale,Strata,125,"18,000",-,Condominium,1,Freehold,05,Outside Central Region,06 to 10
PARC RIVIERA,"1,055,000",602.78,"1,750",Nov-25,WEST COAST VALE,Resale,Strata,56,"18,839",-,Condominium,1,99 yrs lease commencing from 2015,05,Outside Central Region,21 to 25
NORMANTON PARK,"1,890,000",968.76,"1,951",Nov-25,NORMANTON PARK,Sub Sale,Strata,90,"21,000",-,Apartment,1,99 yrs lease commencing from 2019,05,Rest of Central Region,11 to 15
CLAVON,"1,420,000",678.13,"2,094",Nov-25,CLEMENTI AVENUE 1,Resale,Strata,63,"22,540",-,Apartment,1,99 yrs lease commencing from 2019,05,Outside Central Region,21 to 25
NORMANTON PARK,"950,000",527.44,"1,801",Nov-25,NORMANTON PARK,Sub Sale,Strata,49,"19,388",-,Apartment,1,99 yrs lease commencing from 2019,05,Rest of Central Region,11 to 15
THE TRILINQ,"1,300,000",710.42,"1,830",Nov-25,JALAN LEMPENG,Resale,Strata,66,"19,697",-,Condominium,1,99 yrs lease commencing from 2012,05,Outside Central Region,21 to 25
KENT RIDGE HILL RESIDENCES,"2,165,000","1,076.4","2,011",Nov-25,SOUTH BUONA VISTA ROAD,Resale,Strata,100,"21,650",-,Apartment,1,99 yrs lease commencing from 2018,05,Rest of Central Region,01 to 05
WHISTLER GRAND,"2,730,000","1,442.38","1,893",Nov-25,WEST COAST VALE,Resale,Strata,134,"20,373",-,Apartment,1,99 yrs lease commencing from 2018,05,Outside Central Region,16 to 20
BUONA LODGE,"2,488,888","1,668.42","1,492",Nov-25,ZEHNDER ROAD,Resale,Strata,155,"16,057",-,Condominium,1,Freehold,05,Rest of Central Region,01 to 05
PARC RIVIERA,"2,050,000","1,151.75","1,780",Nov-25,WEST COAST VALE,Resale,Strata,107,"19,159",-,Condominium,1,99 yrs lease commencing from 2015,05,Outside Central Region,21 to 25
KENT RIDGE HILL RESIDENCES,"1,548,000",785.77,"1,970",Nov-25,SOUTH BUONA VISTA ROAD,Resale,Strata,73,"21,205",-,Apartment,1,99 yrs lease commencing from 2018,05,Rest of Central Region,01 to 05
NORMANTON PARK,"2,800,000","1,334.74","2,098",Nov-25,NORMANTON PARK,Sub Sale,Strata,124,"22,581",-,Apartment,1,99 yrs lease commencing from 2019,05,Rest of Central Region,16 to 20
HERITAGE VIEW,"2,028,000","1,205.57","1,682",Nov-25,DOVER RISE,Resale,Strata,112,"18,107",-,Condominium,1,99 yrs lease commencing from 1996,05,Rest of Central Region,01 to 05
VIVA VISTA,"718,000",398.27,"1,803",Nov-25,SOUTH BUONA VISTA ROAD,Resale,Strata,37,"19,405",-,Apartment,1,Freehold,05,Rest of Central Region,01 to 05
TWIN VEW,"1,433,333",818.06,"1,752",Nov-25,WEST COAST VALE,Resale,Strata,76,"18,860",-,Apartment,1,99 yrs lease commencing from 2017,05,Outside Central Region,01 to 05
PALM MANSIONS,"1,250,000",807.3,"1,548",Nov-25,PASIR PANJANG ROAD,Resale,Strata,75,"16,667",-,Apartment,1,Freehold,05,Rest of Central Region,01 to 05
WESTCOVE CONDOMINIUM,"1,350,000","1,087.16","1,242",Nov-25,WEST COAST CRESCENT,Resale,Strata,101,"13,366",-,Condominium,1,99 yrs lease commencing from 1995,05,Outside Central Region,06 to 10
CLAVON,"3,578,000","1,689.95","2,117",Nov-25,CLEMENTI AVENUE 1,Resale,Strata,157,"22,790",-,Apartment,1,99 yrs lease commencing from 2019,05,Outside Central Region,06 to 10
SEAHILL,"1,120,000",688.9,"1,626",Nov-25,WEST COAST CRESCENT,Resale,Strata,64,"17,500",-,Condominium,1,99 yrs lease commencing from 2011,05,Outside Central Region,16 to 20
WHISTLER GRAND,"930,000",505.91,"1,838",Nov-25,WEST COAST VALE,Resale,Strata,47,"19,787",-,Apartment,1,99 yrs lease commencing from 2018,05,Outside Central Region,31 to 35
THE TRILINQ,"1,500,000",753.48,"1,991",Nov-25,JALAN LEMPENG,Resale,Strata,70,"21,429",-,Condominium,1,99 yrs lease commencing from 2012,05,Outside Central Region,26 to 30
CARABELLE,"2,738,000","1,496.2","1,830",Nov-25,WEST COAST WAY,Resale,Strata,139,"19,698",-,Condominium,1,956 yrs lease commencing from 1928,05,Outside Central Region,01 to 05
THE TRILINQ,"2,380,000","1,345.5","1,769",Nov-25,JALAN LEMPENG,Resale,Strata,125,"19,040",-,Condominium,1,99 yrs lease commencing from 2012,05,Outside Central Region,31 to 35
KENT RIDGE HILL RESIDENCES,"948,888",473.62,"2,003",Nov-25,SOUTH BUONA VISTA ROAD,Resale,Strata,44,"21,566",-,Apartment,1,99 yrs lease commencing from 2018,05,Rest of Central Region,01 to 05
NORMANTON PARK,"1,580,000",731.95,"2,159",Nov-25,NORMANTON PARK,Sub Sale,Strata,68,"23,235",-,Apartment,1,99 yrs lease commencing from 2019,05,Rest of Central Region,16 to 20
THE TRILINQ,"2,020,000","1,054.87","1,915",Nov-25,JALAN LEMPENG,Resale,Strata,98,"20,612",-,Condominium,1,99 yrs lease commencing from 2012,05,Outside Central Region,31 to 35
NORMANTON PARK,"1,500,000",656.6,"2,284",Nov-25,NORMANTON PARK,Sub Sale,Strata,61,"24,590",-,Apartment,1,99 yrs lease commencing from 2019,05,Rest of Central Region,21 to 25
NORMANTON PARK,"2,400,000","1,076.4","2,230",Nov-25,NORMANTON PARK,Sub Sale,Strata,100,"24,000",-,Apartment,1,99 yrs lease commencing from 2019,05,Rest of Central Region,16 to 20
CLAVON,"3,550,000","1,689.95","2,101",Nov-25,CLEMENTI AVENUE 1,Resale,Strata,157,"22,611",-,Apartment,1,99 yrs lease commencing from 2019,05,Outside Central Region,06 to 10
PARC RIVIERA,"1,740,000",990.29,"1,757",Nov-25,WEST COAST VALE,Resale,Strata,92,"18,913",-,Condominium,1,99 yrs lease commencing from 2015,05,Outside Central Region,06 to 10
CLEMENTIWOODS CONDOMINIUM,"918,000",645.84,"1,421",Nov-25,WEST COAST ROAD,Resale,Strata,60,"15,300",-,Condominium,1,99 yrs lease commencing from 2006,05,Outside Central Region,01 to 05
NORMANTON PARK,"1,470,000",721.19,"2,038",Nov-25,NORMANTON PARK,Sub Sale,Strata,67,"21,940",-,Apartment,1,99 yrs lease commencing from 2019,05,Rest of Central Region,16 to 20
WHISTLER GRAND,"2,050,000",990.29,"2,070",Nov-25,WEST COAST VALE,Resale,Strata,92,"22,283",-,Apartment,1,99 yrs lease commencing from 2018,05,Outside Central Region,26 to 30
KENT RIDGE HILL RESIDENCES,"940,000",484.38,"1,941",Nov-25,SOUTH BUONA VISTA ROAD,Resale,Strata,45,"20,889",-,Apartment,1,99 yrs lease commencing from 2018,05,Rest of Central Region,01 to 05
PARC CLEMATIS,"3,660,000","1,711.48","2,139",Nov-25,JALAN LEMPENG,Resale,Strata,159,"23,019",-,Apartment,1,99 yrs lease commencing from 2019,05,Outside Central Region,01 to 05
NORMANTON PARK,"2,330,000","1,076.4","2,165",Nov-25,NORMANTON PARK,Sub Sale,Strata,100,"23,300",-,Apartment,1,99 yrs lease commencing from 2019,05,Rest of Central Region,11 to 15
WHISTLER GRAND,"1,192,888",613.55,"1,944",Nov-25,WEST COAST VALE,Resale,Strata,57,"20,928",-,Apartment,1,99 yrs lease commencing from 2018,05,Outside Central Region,21 to 25
WATERFRONT @ FABER,"1,170,000",753.48,"1,553",Nov-25,FABER WALK,Resale,Strata,70,"16,714",-,Apartment,1,99 yrs lease commencing from 2013,05,Outside Central Region,01 to 05
PARC CLEMATIS,"920,000",452.09,"2,035",Nov-25,JALAN LEMPENG,Resale,Strata,42,"21,905",-,Apartment,1,99 yrs lease commencing from 2019,05,Outside Central Region,11 to 15
DOVER PARKVIEW,"1,310,000",968.76,"1,352",Nov-25,DOVER RISE,Resale,Strata,90,"14,556",-,Condominium,1,99 yrs lease commencing from 1993,05,Rest of Central Region,01 to 05
PARC CLEMATIS,"933,000",452.09,"2,064",Nov-25,JALAN LEMPENG,Resale,Strata,42,"22,214",-,Apartment,1,99 yrs lease commencing from 2019,05,Outside Central Region,16 to 20
WEST BAY CONDOMINIUM,"1,159,000",893.41,"1,297",Nov-25,WEST COAST CRESCENT,Resale,Strata,83,"13,964",-,Condominium,1,99 yrs lease commencing from 1991,05,Outside Central Region,01 to 05
VARSITY PARK CONDOMINIUM,"2,130,000","1,313.21","1,622",Nov-25,WEST COAST ROAD,Resale,Strata,122,"17,459",-,Condominium,1,99 yrs lease commencing from 2004,05,Outside Central Region,01 to 05
NORMANTON PARK,"1,800,000",904.18,"1,991",Nov-25,NORMANTON PARK,Sub Sale,Strata,84,"21,429",-,Apartment,1,99 yrs lease commencing from 2019,05,Rest of Central Region,06 to 10
REGENT PARK,"1,650,000","1,227.1","1,345",Nov-25,JALAN LEMPENG,Resale,Strata,114,"14,474",-,Condominium,1,99 yrs lease commencing from 1993,05,Outside Central Region,01 to 05
FABER CREST,"2,130,000","1,657.66","1,285",Nov-25,FABER HEIGHTS,Resale,Strata,154,"13,831",-,Condominium,1,99 yrs lease commencing from 1996,05,Outside Central Region,01 to 05
PARC RIVIERA,"2,200,000","1,184.04","1,858",Nov-25,WEST COAST VALE,Resale,Strata,110,"20,000",-,Condominium,1,99 yrs lease commencing from 2015,05,Outside Central Region,31 to 35
THE MAYLEA,"1,635,000",968.76,"1,688",Nov-25,PASIR PANJANG ROAD,Resale,Strata,90,"18,167",-,Condominium,1,Freehold,05,Rest of Central Region,01 to 05
TWIN VEW,"1,970,000","1,054.87","1,868",Nov-25,WEST COAST VALE,Resale,Strata,98,"20,102",-,Apartment,1,99 yrs lease commencing from 2017,05,Outside Central Region,01 to 05
THE TRILINQ,"1,300,000",710.42,"1,830",Nov-25,JALAN LEMPENG,Resale,Strata,66,"19,697",-,Condominium,1,99 yrs lease commencing from 2012,05,Outside Central Region,31 to 35
NORMANTON PARK,"1,950,000",936.47,"2,082",Nov-25,NORMANTON PARK,Sub Sale,Strata,87,"22,414",-,Apartment,1,99 yrs lease commencing from 2019,05,Rest of Central Region,01 to 05
KENT RIDGE HILL RESIDENCES,"1,580,000",775.01,"2,039",Nov-25,SOUTH BUONA VISTA ROAD,Resale,Strata,72,"21,944",-,Apartment,1,99 yrs lease commencing from 2018,05,Rest of Central Region,01 to 05
WEST BAY CONDOMINIUM,"1,050,000",871.88,"1,204",Nov-25,WEST COAST CRESCENT,Resale,Strata,81,"12,963",-,Condominium,1,99 yrs lease commencing from 1991,05,Outside Central Region,01 to 05
VIVA VISTA,"720,000",419.8,"1,715",Nov-25,SOUTH BUONA VISTA ROAD,Resale,Strata,39,"18,462",-,Apartment,1,Freehold,05,Rest of Central Region,01 to 05
KENT RIDGE HILL RESIDENCES,"970,000",602.78,"1,609",Nov-25,SOUTH BUONA VISTA ROAD,Resale,Strata,56,"17,321",-,Apartment,1,99 yrs lease commencing from 2018,05,Rest of Central Region,01 to 05
HUNDRED TREES,"2,770,000","1,474.67","1,878",Nov-25,WEST COAST DRIVE,Resale,Strata,137,"20,219",-,Condominium,1,956 yrs lease commencing from 1928,05,Outside Central Region,01 to 05
WHISTLER GRAND,"1,150,000",613.55,"1,874",Nov-25,WEST COAST VALE,Resale,Strata,57,"20,175",-,Apartment,1,99 yrs lease commencing from 2018,05,Outside Central Region,16 to 20
BLUE HORIZON,"1,700,000","1,162.51","1,462",Nov-25,WEST COAST CRESCENT,Resale,Strata,108,"15,741",-,Condominium,1,99 yrs lease commencing from 2000,05,Outside Central Region,06 to 10
WATERFRONT @ FABER,"2,000,000","1,313.21","1,523",Nov-25,FABER WALK,Resale,Strata,122,"16,393",-,Apartment,1,99 yrs lease commencing from 2013,05,Outside Central Region,01 to 05
TWIN VEW,"2,140,000","1,065.64","2,008",Nov-25,WEST COAST VALE,Resale,Strata,99,"21,616",-,Apartment,1,99 yrs lease commencing from 2017,05,Outside Central Region,16 to 20
PARC RIVIERA,"1,180,000",645.84,"1,827",Oct-25,WEST COAST VALE,Resale,Strata,60,"19,667",-,Condominium,1,99 yrs lease commencing from 2015,05,Outside Central Region,26 to 30
NORMANTON PARK,"3,380,000","1,614.6","2,093",Oct-25,NORMANTON PARK,Sub Sale,Strata,150,"22,533",-,Apartment,1,99 yrs lease commencing from 2019,05,Rest of Central Region,01 to 05
NORMANTON PARK,"2,030,000",968.76,"2,095",Oct-25,NORMANTON PARK,Sub Sale,Strata,90,"22,556",-,Apartment,1,99 yrs lease commencing from 2019,05,Rest of Central Region,16 to 20
PARC RIVIERA,"1,055,000",602.78,"1,750",Oct-25,WEST COAST VALE,Resale,Strata,56,"18,839",-,Condominium,1,99 yrs lease commencing from 2015,05,Outside Central Region,31 to 35
DOVER PARKVIEW,"1,370,000",936.47,"1,463",Oct-25,DOVER RISE,Resale,Strata,87,"15,747",-,Condominium,1,99 yrs lease commencing from 1993,05,Rest of Central Region,11 to 15
THE CLEMENT CANOPY,"2,090,000",990.29,"2,110",Oct-25,CLEMENTI AVENUE 1,Resale,Strata,92,"22,717",-,Apartment,1,99 yrs lease commencing from 2016,05,Outside Central Region,21 to 25
THE VERANDAH RESIDENCES,"1,930,000",904.18,"2,135",Oct-25,PASIR PANJANG ROAD,Resale,Strata,84,"22,976",-,Apartment,1,Freehold,05,Rest of Central Region,01 to 05
KENT RIDGE HILL RESIDENCES,"1,100,000",602.78,"1,825",Oct-25,SOUTH BUONA VISTA ROAD,Resale,Strata,56,"19,643",-,Apartment,1,99 yrs lease commencing from 2018,05,Rest of Central Region,01 to 05
ONE-NORTH EDEN,"3,260,000","1,410.08","2,312",Oct-25,SLIM BARRACKS RISE,Resale,Strata,131,"24,885",-,Apartment,1,99 yrs lease commencing from 2019,05,Rest of Central Region,01 to 05
CLAVON,"2,550,000","1,130.22","2,256",Oct-25,CLEMENTI AVENUE 1,Resale,Strata,105,"24,286",-,Apartment,1,99 yrs lease commencing from 2019,05,Outside Central Region,11 to 15
NORMANTON PARK,"2,180,000","1,108.69","1,966",Oct-25,NORMANTON PARK,Sub Sale,Strata,103,"21,165",-,Apartment,1,99 yrs lease commencing from 2019,05,Rest of Central Region,21 to 25
HUNDRED TREES,"1,472,000",785.77,"1,873",Oct-25,WEST COAST DRIVE,Resale,Strata,73,"20,164",-,Condominium,1,956 yrs lease commencing from 1928,05,Outside Central Region,06 to 10
THE TRILINQ,"1,738,000","1,108.69","1,568",Oct-25,JALAN LEMPENG,Resale,Strata,103,"16,874",-,Condominium,1,99 yrs lease commencing from 2012,05,Outside Central Region,26 to 30
NORMANTON PARK,"2,202,888","1,065.64","2,067",Oct-25,NORMANTON PARK,Sub Sale,Strata,99,"22,251",-,Apartment,1,99 yrs lease commencing from 2019,05,Rest of Central Region,21 to 25
VIVA VISTA,"670,000",376.74,"1,778",Oct-25,SOUTH BUONA VISTA ROAD,Resale,Strata,35,"19,143",-,Apartment,1,Freehold,05,Rest of Central Region,01 to 05
VIVA VISTA,"990,000",721.19,"1,373",Oct-25,SOUTH BUONA VISTA ROAD,Resale,Strata,67,"14,776",-,Apartment,1,Freehold,05,Rest of Central Region,01 to 05
NORMANTON PARK,"1,249,888",635.08,"1,968",Oct-25,NORMANTON PARK,Sub Sale,Strata,59,"21,185",-,Apartment,1,99 yrs lease commencing from 2019,05,Rest of Central Region,16 to 20
NORMANTON PARK,"1,680,000",828.83,"2,027",Oct-25,NORMANTON PARK,Sub Sale,Strata,77,"21,818",-,Apartment,1,99 yrs lease commencing from 2019,05,Rest of Central Region,01 to 05
PARC CLEMATIS,"1,520,000",710.42,"2,140",Oct-25,JALAN LEMPENG,Resale,Strata,66,"23,030",-,Apartment,1,99 yrs lease commencing from 2019,05,Outside Central Region,01 to 05
PARC RIVIERA,"2,045,000","1,184.04","1,727",Oct-25,WEST COAST VALE,Resale,Strata,110,"18,591",-,Condominium,1,99 yrs lease commencing from 2015,05,Outside Central Region,11 to 15
WHISTLER GRAND,"850,000",441.32,"1,926",Oct-25,WEST COAST VALE,Resale,Strata,41,"20,732",-,Apartment,1,99 yrs lease commencing from 2018,05,Outside Central Region,21 to 25
THE INFINITI,"2,098,000","1,259.39","1,666",Oct-25,WEST COAST PARK,Resale,Strata,117,"17,932",-,Condominium,1,Freehold,05,Outside Central Region,06 to 10
VARSITY PARK CONDOMINIUM,"2,450,000","1,496.2","1,637",Oct-25,WEST COAST ROAD,Resale,Strata,139,"17,626",-,Condominium,1,99 yrs lease commencing from 2004,05,Outside Central Region,01 to 05
THE TRILINQ,"1,328,000",699.66,"1,898",Oct-25,JALAN LEMPENG,Resale,Strata,65,"20,431",-,Condominium,1,99 yrs lease commencing from 2012,05,Outside Central Region,01 to 05
NORMANTON PARK,"1,300,000",656.6,"1,980",Oct-25,NORMANTON PARK,Sub Sale,Strata,61,"21,311",-,Apartment,1,99 yrs lease commencing from 2019,05,Rest of Central Region,11 to 15
NORMANTON PARK,"2,950,000","1,313.21","2,246",Oct-25,NORMANTON PARK,Sub Sale,Strata,122,"24,180",-,Apartment,1,99 yrs lease commencing from 2019,05,Rest of Central Region,16 to 20
KENT RIDGE HILL RESIDENCES,"1,950,000",947.23,"2,059",Oct-25,SOUTH BUONA VISTA ROAD,Resale,Strata,88,"22,159",-,Apartment,1,99 yrs lease commencing from 2018,05,Rest of Central Region,01 to 05
PARC CLEMATIS,"980,000",516.67,"1,897",Oct-25,JALAN LEMPENG,Resale,Strata,48,"20,417",-,Apartment,1,99 yrs lease commencing from 2019,05,Outside Central Region,16 to 20
PARC CLEMATIS,"3,688,000","1,711.48","2,155",Oct-25,JALAN LEMPENG,Resale,Strata,159,"23,195",-,Apartment,1,99 yrs lease commencing from 2019,05,Outside Central Region,16 to 20
PARC RIVIERA,"1,950,000","1,151.75","1,693",Oct-25,WEST COAST VALE,Resale,Strata,107,"18,224",-,Condominium,1,99 yrs lease commencing from 2015,05,Outside Central Region,06 to 10
NORMANTON PARK,"1,320,000",656.6,"2,010",Oct-25,NORMANTON PARK,Sub Sale,Strata,61,"21,639",-,Apartment,1,99 yrs lease commencing from 2019,05,Rest of Central Region,11 to 15
PARC CLEMATIS,"2,140,000",861.12,"2,485",Oct-25,JALAN LEMPENG,Resale,Strata,80,"26,750",-,Apartment,1,99 yrs lease commencing from 2019,05,Outside Central Region,11 to 15
WATERFRONT @ FABER,"2,230,000","1,388.56","1,606",Oct-25,FABER WALK,Resale,Strata,129,"17,287",-,Apartment,1,99 yrs lease commencing from 2013,05,Outside Central Region,01 to 05
WHISTLER GRAND,"1,558,000",764.24,"2,039",Oct-25,WEST COAST VALE,Resale,Strata,71,"21,944",-,Apartment,1,99 yrs lease commencing from 2018,05,Outside Central Region,31 to 35
THE CLEMENT CANOPY,"1,247,500",635.08,"1,964",Oct-25,CLEMENTI AVENUE 1,Resale,Strata,59,"21,144",-,Apartment,1,99 yrs lease commencing from 2016,05,Outside Central Region,26 to 30
PARC CLEMATIS,"1,582,500",721.19,"2,194",Oct-25,JALAN LEMPENG,Resale,Strata,67,"23,619",-,Apartment,1,99 yrs lease commencing from 2019,05,Outside Central Region,11 to 15
CLAVON,"1,370,000",678.13,"2,020",Oct-25,CLEMENTI AVENUE 1,Sub Sale,Strata,63,"21,746",-,Apartment,1,99 yrs lease commencing from 2019,05,Outside Central Region,06 to 10
NORMANTON PARK,"1,850,000",968.76,"1,910",Oct-25,NORMANTON PARK,Sub Sale,Strata,90,"20,556",-,Apartment,1,99 yrs lease commencing from 2019,05,Rest of Central Region,06 to 10
TWIN VEW,"1,410,000",731.95,"1,926",Oct-25,WEST COAST VALE,Resale,Strata,68,"20,735",-,Apartment,1,99 yrs lease commencing from 2017,05,Outside Central Region,26 to 30
THE ROCHESTER RESIDENCES,"1,358,888",871.88,"1,559",Oct-25,ROCHESTER DRIVE,Resale,Strata,81,"16,776",-,Apartment,1,99 yrs lease commencing from 2005,05,Rest of Central Region,16 to 20
ONE-NORTH EDEN,"2,650,000","1,119.46","2,367",Oct-25,SLIM BARRACKS RISE,Resale,Strata,104,"25,481",-,Apartment,1,99 yrs lease commencing from 2019,05,Rest of Central Region,01 to 05
VARSITY PARK CONDOMINIUM,"2,080,000","1,291.68","1,610",Oct-25,WEST COAST ROAD,Resale,Strata,120,"17,333",-,Condominium,1,99 yrs lease commencing from 2004,05,Outside Central Region,01 to 05
TWIN VEW,"1,990,000","1,054.87","1,886",Oct-25,WEST COAST VALE,Resale,Strata,98,"20,306",-,Apartment,1,99 yrs lease commencing from 2017,05,Outside Central Region,06 to 10
KENT RIDGE HILL RESIDENCES,"1,610,000",775.01,"2,077",Oct-25,SOUTH BUONA VISTA ROAD,Resale,Strata,72,"22,361",-,Apartment,1,99 yrs lease commencing from 2018,05,Rest of Central Region,01 to 05
SEASUITES,"1,960,000","1,377.79","1,423",Oct-25,PASIR PANJANG ROAD,Resale,Strata,128,"15,313",-,Apartment,1,Freehold,05,Rest of Central Region,01 to 05
NEWEST,"756,000",473.62,"1,596",Oct-25,WEST COAST DRIVE,Resale,Strata,44,"17,182",-,Apartment,1,956 yrs lease commencing from 1928,05,Outside Central Region,06 to 10
HERITAGE VIEW,"1,500,000",968.76,"1,548",Oct-25,DOVER RISE,Resale,Strata,90,"16,667",-,Condominium,1,99 yrs lease commencing from 1996,05,Rest of Central Region,11 to 15
PARC RIVIERA,"1,250,000",731.95,"1,708",Oct-25,WEST COAST VALE,Resale,Strata,68,"18,382",-,Condominium,1,99 yrs lease commencing from 2015,05,Outside Central Region,01 to 05
NORMANTON PARK,"1,880,000",947.23,"1,985",Oct-25,NORMANTON PARK,Sub Sale,Strata,88,"21,364",-,Apartment,1,99 yrs lease commencing from 2019,05,Rest of Central Region,01 to 05
CLAVON,"2,835,000","1,280.92","2,213",Oct-25,CLEMENTI AVENUE 1,Sub Sale,Strata,119,"23,824",-,Apartment,1,99 yrs lease commencing from 2019,05,Outside Central Region,31 to 35
DOVER PARKVIEW,"1,420,000",968.76,"1,466",Oct-25,DOVER RISE,Resale,Strata,90,"15,778",-,Condominium,1,99 yrs lease commencing from 1993,05,Rest of Central Region,11 to 15
KENT RIDGE HILL RESIDENCES,"1,650,000",904.18,"1,825",Oct-25,SOUTH BUONA VISTA ROAD,Resale,Strata,84,"19,643",-,Apartment,1,99 yrs lease commencing from 2018,05,Rest of Central Region,01 to 05
THE CLEMENT CANOPY,"2,188,000","1,108.69","1,973",Oct-25,CLEMENTI AVENUE 1,Resale,Strata,103,"21,243",-,Apartment,1,99 yrs lease commencing from 2016,05,Outside Central Region,06 to 10
PARC CLEMATIS,"2,110,000",968.76,"2,178",Oct-25,JALAN LEMPENG,Resale,Strata,90,"23,444",-,Apartment,1,99 yrs lease commencing from 2019,05,Outside Central Region,21 to 25
NORMANTON PARK,"1,240,000",645.84,"1,920",Oct-25,NORMANTON PARK,Sub Sale,Strata,60,"20,667",-,Apartment,1,99 yrs lease commencing from 2019,05,Rest of Central Region,11 to 15
THE VISION,"2,158,000","1,302.44","1,657",Oct-25,WEST COAST CRESCENT,Resale,Strata,121,"17,835",-,Condominium,1,99 yrs lease commencing from 2008,05,Outside Central Region,11 to 15
NORMANTON PARK,"1,850,000",968.76,"1,910",Oct-25,NORMANTON PARK,Sub Sale,Strata,90,"20,556",-,Apartment,1,99 yrs lease commencing from 2019,05,Rest of Central Region,01 to 05
HORIZON RESIDENCES,"1,888,888","1,001.05","1,887",Oct-25,PASIR PANJANG HILL,Resale,Strata,93,"20,311",-,Condominium,1,Freehold,05,Rest of Central Region,01 to 05
CLAVON,"1,580,000",764.24,"2,067",Oct-25,CLEMENTI AVENUE 1,Sub Sale,Strata,71,"22,254",-,Apartment,1,99 yrs lease commencing from 2019,05,Outside Central Region,01 to 05
PALM GREEN,"1,680,000","1,130.22","1,486",Oct-25,PASIR PANJANG ROAD,Resale,Strata,105,"16,000",-,Apartment,1,Freehold,05,Rest of Central Region,01 to 05
THE PEAK@BALMEG,"3,250,000","1,948.28","1,668",Oct-25,BALMEG HILL,Resale,Strata,181,"17,956",-,Condominium,1,Freehold,05,Rest of Central Region,01 to 05
THE PARC CONDOMINIUM,"2,700,000","1,216.33","2,220",Oct-25,WEST COAST WALK,Resale,Strata,113,"23,894",-,Condominium,1,Freehold,05,Outside Central Region,16 to 20
HERITAGE VIEW,"1,490,000",968.76,"1,538",Oct-25,DOVER RISE,Resale,Strata,90,"16,556",-,Condominium,1,99 yrs lease commencing from 1996,05,Rest of Central Region,11 to 15
PARC CLEMATIS,"940,000",452.09,"2,079",Oct-25,JALAN LEMPENG,Resale,Strata,42,"22,381",-,Apartment,1,99 yrs lease commencing from 2019,05,Outside Central Region,16 to 20
WESTCOVE CONDOMINIUM,"1,238,000","1,291.68",958,Oct-25,WEST COAST CRESCENT,Resale,Strata,120,"10,317",-,Condominium,1,99 yrs lease commencing from 1995,05,Outside Central Region,01 to 05
PARC RIVIERA,"1,150,000",645.84,"1,781",Oct-25,WEST COAST VALE,Resale,Strata,60,"19,167",-,Condominium,1,99 yrs lease commencing from 2015,05,Outside Central Region,31 to 35
PARC CLEMATIS,"2,185,000",914.94,"2,388",Oct-25,JALAN LEMPENG,Resale,Strata,85,"25,706",-,Apartment,1,99 yrs lease commencing from 2019,05,Outside Central Region,11 to 15
BLUE HORIZON,"1,330,000",968.76,"1,373",Oct-25,WEST COAST CRESCENT,Resale,Strata,90,"14,778",-,Condominium,1,99 yrs lease commencing from 2000,05,Outside Central Region,21 to 25
PARC CLEMATIS,"2,100,000",914.94,"2,295",Oct-25,JALAN LEMPENG,Resale,Strata,85,"24,706",-,Apartment,1,99 yrs lease commencing from 2019,05,Outside Central Region,06 to 10
THE TRILINQ,"2,285,000","1,345.5","1,698",Oct-25,JALAN LEMPENG,Resale,Strata,125,"18,280",-,Condominium,1,99 yrs lease commencing from 2012,05,Outside Central Region,06 to 10
CLAVON,"1,038,000",527.44,"1,968",Oct-25,CLEMENTI AVENUE 1,Sub Sale,Strata,49,"21,184",-,Apartment,1,99 yrs lease commencing from 2019,05,Outside Central Region,11 to 15
CLAVON,"2,510,000","1,280.92","1,960",Oct-25,CLEMENTI AVENUE 1,Sub Sale,Strata,119,"21,092",-,Apartment,1,99 yrs lease commencing from 2019,05,Outside Central Region,01 to 05
THE TRILINQ,"2,800,000","1,765.3","1,586",Oct-25,JALAN LEMPENG,Resale,Strata,164,"17,073",-,Condominium,1,99 yrs lease commencing from 2012,05,Outside Central Region,01 to 05
THE PARC CONDOMINIUM,"2,900,000","1,420.85","2,041",Oct-25,WEST COAST WALK,Resale,Strata,132,"21,970",-,Condominium,1,Freehold,05,Outside Central Region,06 to 10
NORMANTON PARK,"1,410,000",731.95,"1,926",Oct-25,NORMANTON PARK,Sub Sale,Strata,68,"20,735",-,Apartment,1,99 yrs lease commencing from 2019,05,Rest of Central Region,01 to 05
PARC CLEMATIS,"880,000",452.09,"1,947",Oct-25,JALAN LEMPENG,Resale,Strata,42,"20,952",-,Apartment,1,99 yrs lease commencing from 2019,05,Outside Central Region,01 to 05
WHISTLER GRAND,"1,190,000",613.55,"1,940",Oct-25,WEST COAST VALE,Resale,Strata,57,"20,877",-,Apartment,1,99 yrs lease commencing from 2018,05,Outside Central Region,31 to 35
KENT RIDGE HILL RESIDENCES,"1,520,000",742.72,"2,047",Oct-25,SOUTH BUONA VISTA ROAD,Resale,Strata,69,"22,029",-,Apartment,1,99 yrs lease commencing from 2018,05,Rest of Central Region,01 to 05
ONE-NORTH RESIDENCES,"1,350,000","1,076.4","1,254",Oct-25,ONE-NORTH GATEWAY,Resale,Strata,100,"13,500",-,Apartment,1,99 yrs lease commencing from 2005,05,Rest of Central Region,06 to 10
VILLA DE WEST,"2,000,000","1,528.49","1,308",Oct-25,PASIR PANJANG ROAD,Resale,Strata,142,"14,085",-,Condominium,1,Freehold,05,Rest of Central Region,01 to 05
SEAHILL,"1,550,000",936.47,"1,655",Oct-25,WEST COAST CRESCENT,Resale,Strata,87,"17,816",-,Condominium,1,99 yrs lease commencing from 2011,05,Outside Central Region,06 to 10
PARC CLEMATIS,"920,000",452.09,"2,035",Oct-25,JALAN LEMPENG,Resale,Strata,42,"21,905",-,Apartment,1,99 yrs lease commencing from 2019,05,Outside Central Region,06 to 10
THE CLEMENT CANOPY,"1,420,000",731.95,"1,940",Sep-25,CLEMENTI AVENUE 1,Resale,Strata,68,"20,882",-,Apartment,1,99 yrs lease commencing from 2016,05,Outside Central Region,31 to 35
TWIN VEW,"2,125,000","1,065.64","1,994",Sep-25,WEST COAST VALE,Resale,Strata,99,"21,465",-,Apartment,1,99 yrs lease commencing from 2017,05,Outside Central Region,11 to 15
THE PARC CONDOMINIUM,"3,000,000","1,506.96","1,991",Sep-25,WEST COAST WALK,Resale,Strata,140,"21,429",-,Condominium,1,Freehold,05,Outside Central Region,16 to 20
NORMANTON PARK,"1,820,000",914.94,"1,989",Sep-25,NORMANTON PARK,Sub Sale,Strata,85,"21,412",-,Apartment,1,99 yrs lease commencing from 2019,05,Rest of Central Region,06 to 10
NORMANTON PARK,"1,998,000",936.47,"2,134",Sep-25,NORMANTON PARK,Sub Sale,Strata,87,"22,966",-,Apartment,1,99 yrs lease commencing from 2019,05,Rest of Central Region,06 to 10
PARC RIVIERA,"1,249,000",710.42,"1,758",Sep-25,WEST COAST VALE,Resale,Strata,66,"18,924",-,Condominium,1,99 yrs lease commencing from 2015,05,Outside Central Region,16 to 20
THE TRILINQ,"1,925,000","1,044.11","1,844",Sep-25,JALAN LEMPENG,Resale,Strata,97,"19,845",-,Condominium,1,99 yrs lease commencing from 2012,05,Outside Central Region,16 to 20
DOVER PARKVIEW,"1,960,000","1,248.62","1,570",Sep-25,DOVER RISE,Resale,Strata,116,"16,897",-,Condominium,1,99 yrs lease commencing from 1993,05,Rest of Central Region,11 to 15
LANDRIDGE CONDOMINIUM,"3,150,000","1,829.88","1,721",Sep-25,PASIR PANJANG ROAD,Resale,Strata,170,"18,529",-,Condominium,1,Freehold,05,Rest of Central Region,01 to 05
WHISTLER GRAND,"1,880,000",958,"1,962",Sep-25,WEST COAST VALE,Resale,Strata,89,"21,124",-,Apartment,1,99 yrs lease commencing from 2018,05,Outside Central Region,11 to 15
HUNDRED TREES,"1,620,000",914.94,"1,771",Sep-25,WEST COAST DRIVE,Resale,Strata,85,"19,059",-,Condominium,1,956 yrs lease commencing from 1928,05,Outside Central Region,11 to 15
KENT RIDGE HILL RESIDENCES,"1,290,000",645.84,"1,997",Sep-25,SOUTH BUONA VISTA ROAD,Resale,Strata,60,"21,500",-,Apartment,1,99 yrs lease commencing from 2018,05,Rest of Central Region,01 to 05
TWIN VEW,"1,470,888",818.06,"1,798",Sep-25,WEST COAST VALE,Resale,Strata,76,"19,354",-,Apartment,1,99 yrs lease commencing from 2017,05,Outside Central Region,06 to 10
NEWEST,"780,000",473.62,"1,647",Sep-25,WEST COAST DRIVE,Resale,Strata,44,"17,727",-,Apartment,1,956 yrs lease commencing from 1928,05,Outside Central Region,06 to 10
WEST BAY CONDOMINIUM,"1,065,000",904.18,"1,178",Sep-25,WEST COAST CRESCENT,Resale,Strata,84,"12,679",-,Condominium,1,99 yrs lease commencing from 1991,05,Outside Central Region,01 to 05
WEST BAY CONDOMINIUM,"1,675,000","1,280.92","1,308",Sep-25,WEST COAST CRESCENT,Resale,Strata,119,"14,076",-,Condominium,1,99 yrs lease commencing from 1991,05,Outside Central Region,01 to 05
HUNDRED TREES,"2,900,000","1,474.67","1,967",Sep-25,WEST COAST DRIVE,Resale,Strata,137,"21,168",-,Condominium,1,956 yrs lease commencing from 1928,05,Outside Central Region,06 to 10
HORIZON RESIDENCES,"1,990,000",990.29,"2,010",Sep-25,PASIR PANJANG HILL,Resale,Strata,92,"21,630",-,Condominium,1,Freehold,05,Rest of Central Region,01 to 05
PARC CLEMATIS,"908,888",452.09,"2,010",Sep-25,JALAN LEMPENG,Resale,Strata,42,"21,640",-,Apartment,1,99 yrs lease commencing from 2019,05,Outside Central Region,11 to 15
VIVA VISTA,"655,000",376.74,"1,739",Sep-25,SOUTH BUONA VISTA ROAD,Resale,Strata,35,"18,714",-,Apartment,1,Freehold,05,Rest of Central Region,01 to 05
NORMANTON PARK,"1,760,000",904.18,"1,947",Sep-25,NORMANTON PARK,Sub Sale,Strata,84,"20,952",-,Apartment,1,99 yrs lease commencing from 2019,05,Rest of Central Region,01 to 05
PARC RIVIERA,"1,150,000",645.84,"1,781",Sep-25,WEST COAST VALE,Resale,Strata,60,"19,167",-,Condominium,1,99 yrs lease commencing from 2015,05,Outside Central Region,26 to 30
NORMANTON PARK,"1,750,000",796.54,"2,197",Sep-25,NORMANTON PARK,Sub Sale,Strata,74,"23,649",-,Apartment,1,99 yrs lease commencing from 2019,05,Rest of Central Region,21 to 25
PARC CLEMATIS,"1,960,000",968.76,"2,023",Sep-25,JALAN LEMPENG,Resale,Strata,90,"21,778",-,Apartment,1,99 yrs lease commencing from 2019,05,Outside Central Region,01 to 05
WHISTLER GRAND,"960,000",505.91,"1,898",Sep-25,WEST COAST VALE,Resale,Strata,47,"20,426",-,Apartment,1,99 yrs lease commencing from 2018,05,Outside Central Region,31 to 35
PARC RIVIERA,"808,888",462.85,"1,748",Sep-25,WEST COAST VALE,Resale,Strata,43,"18,811",-,Condominium,1,99 yrs lease commencing from 2015,05,Outside Central Region,21 to 25
SEAHILL,"823,000",548.96,"1,499",Sep-25,WEST COAST CRESCENT,Resale,Strata,51,"16,137",-,Condominium,1,99 yrs lease commencing from 2011,05,Outside Central Region,06 to 10
BOTANNIA,"2,640,000","1,560.78","1,691",Sep-25,WEST COAST PARK,Resale,Strata,145,"18,207",-,Condominium,1,956 yrs lease commencing from 1928,05,Outside Central Region,01 to 05
CLAVON,"1,060,000",527.44,"2,010",Sep-25,CLEMENTI AVENUE 1,Sub Sale,Strata,49,"21,633",-,Apartment,1,99 yrs lease commencing from 2019,05,Outside Central Region,11 to 15
WHISTLER GRAND,"910,000",505.91,"1,799",Sep-25,WEST COAST VALE,Resale,Strata,47,"19,362",-,Apartment,1,99 yrs lease commencing from 2018,05,Outside Central Region,11 to 15
THE CLEMENT CANOPY,"2,850,000","1,345.5","2,118",Sep-25,CLEMENTI AVENUE 1,Resale,Strata,125,"22,800",-,Apartment,1,99 yrs lease commencing from 2016,05,Outside Central Region,36 to 40
CLAVON,"1,358,888",678.13,"2,004",Sep-25,CLEMENTI AVENUE 1,Sub Sale,Strata,63,"21,570",-,Apartment,1,99 yrs lease commencing from 2019,05,Outside Central Region,11 to 15
VIVA VISTA,"698,000",419.8,"1,663",Sep-25,SOUTH BUONA VISTA ROAD,Resale,Strata,39,"17,897",-,Apartment,1,Freehold,05,Rest of Central Region,01 to 05
WATERFRONT @ FABER,"2,030,000","1,259.39","1,612",Sep-25,FABER WALK,Resale,Strata,117,"17,350",-,Apartment,1,99 yrs lease commencing from 2013,05,Outside Central Region,01 to 05
GOLD COAST CONDOMINIUM,"2,950,000","1,808.35","1,631",Sep-25,PASIR PANJANG ROAD,Resale,Strata,168,"17,560",-,Condominium,1,Freehold,05,Rest of Central Region,01 to 05
THE ROCHESTER RESIDENCES,"2,200,000","1,302.44","1,689",Sep-25,ROCHESTER DRIVE,Resale,Strata,121,"18,182",-,Apartment,1,99 yrs lease commencing from 2005,05,Rest of Central Region,26 to 30
THE ORIENT,"1,310,000",721.19,"1,816",Sep-25,PASIR PANJANG ROAD,Resale,Strata,67,"19,552",-,Apartment,1,Freehold,05,Rest of Central Region,01 to 05
NORMANTON PARK,"1,780,000",828.83,"2,148",Sep-25,NORMANTON PARK,Sub Sale,Strata,77,"23,117",-,Apartment,1,99 yrs lease commencing from 2019,05,Rest of Central Region,21 to 25
PARC CLEMATIS,"925,000",505.91,"1,828",Sep-25,JALAN LEMPENG,Resale,Strata,47,"19,681",-,Apartment,1,99 yrs lease commencing from 2019,05,Outside Central Region,01 to 05
NORMANTON PARK,"1,865,000",914.94,"2,038",Sep-25,NORMANTON PARK,Sub Sale,Strata,85,"21,941",-,Apartment,1,99 yrs lease commencing from 2019,05,Rest of Central Region,11 to 15
WHISTLER GRAND,"1,570,000",764.24,"2,054",Sep-25,WEST COAST VALE,Resale,Strata,71,"22,113",-,Apartment,1,99 yrs lease commencing from 2018,05,Outside Central Region,31 to 35
WHISTLER GRAND,"1,182,888",613.55,"1,928",Sep-25,WEST COAST VALE,Resale,Strata,57,"20,752",-,Apartment,1,99 yrs lease commencing from 2018,05,Outside Central Region,21 to 25
NORMANTON PARK,"1,410,000",796.54,"1,770",Sep-25,NORMANTON PARK,Sub Sale,Strata,74,"19,054",-,Apartment,1,99 yrs lease commencing from 2019,05,Rest of Central Region,21 to 25
PARC CLEMATIS,"1,545,000",710.42,"2,175",Sep-25,JALAN LEMPENG,Resale,Strata,66,"23,409",-,Apartment,1,99 yrs lease commencing from 2019,05,Outside Central Region,06 to 10
PARC RIVIERA,"1,026,000",602.78,"1,702",Sep-25,WEST COAST VALE,Resale,Strata,56,"18,321",-,Condominium,1,99 yrs lease commencing from 2015,05,Outside Central Region,16 to 20
CARABELLE,"1,620,000",882.65,"1,835",Sep-25,WEST COAST WAY,Resale,Strata,82,"19,756",-,Condominium,1,956 yrs lease commencing from 1928,05,Outside Central Region,11 to 15
KENT RIDGE HILL RESIDENCES,"1,358,000",731.95,"1,855",Sep-25,SOUTH BUONA VISTA ROAD,Resale,Strata,68,"19,971",-,Apartment,1,99 yrs lease commencing from 2018,05,Rest of Central Region,01 to 05
NORMANTON PARK,"1,935,000",947.23,"2,043",Sep-25,NORMANTON PARK,Sub Sale,Strata,88,"21,989",-,Apartment,1,99 yrs lease commencing from 2019,05,Rest of Central Region,21 to 25
TWIN VEW,"2,225,000","1,140.98","1,950",Sep-25,WEST COAST VALE,Resale,Strata,106,"20,991",-,Apartment,1,99 yrs lease commencing from 2017,05,Outside Central Region,26 to 30
NEWEST,"2,760,000","2,518.78","1,096",Sep-25,WEST COAST DRIVE,Resale,Strata,234,"11,795",-,Apartment,1,956 yrs lease commencing from 1928,05,Outside Central Region,01 to 05
KENT RIDGE HILL RESIDENCES,"905,000",484.38,"1,868",Sep-25,SOUTH BUONA VISTA ROAD,Resale,Strata,45,"20,111",-,Apartment,1,99 yrs lease commencing from 2018,05,Rest of Central Region,01 to 05
WHISTLER GRAND,"1,114,200",613.55,"1,816",Sep-25,WEST COAST VALE,Resale,Strata,57,"19,547",-,Apartment,1,99 yrs lease commencing from 2018,05,Outside Central Region,21 to 25
NORMANTON PARK,"2,830,000","1,313.21","2,155",Sep-25,NORMANTON PARK,Sub Sale,Strata,122,"23,197",-,Apartment,1,99 yrs lease commencing from 2019,05,Rest of Central Region,06 to 10
CLAVON,"2,950,000","1,356.26","2,175",Sep-25,CLEMENTI AVENUE 1,Sub Sale,Strata,126,"23,413",-,Apartment,1,99 yrs lease commencing from 2019,05,Outside Central Region,21 to 25
WHISTLER GRAND,"850,000",441.32,"1,926",Sep-25,WEST COAST VALE,Resale,Strata,41,"20,732",-,Apartment,1,99 yrs lease commencing from 2018,05,Outside Central Region,21 to 25
BANYAN CONDOMINIUM,"2,320,000","1,582.31","1,466",Sep-25,CHWEE CHIAN ROAD,Resale,Strata,147,"15,782",-,Condominium,1,Freehold,05,Rest of Central Region,01 to 05
THE PEAK@BALMEG,"1,965,000",990.29,"1,984",Sep-25,BALMEG HILL,Resale,Strata,92,"21,359",-,Condominium,1,Freehold,05,Rest of Central Region,01 to 05
WHISTLER GRAND,"1,120,000",613.55,"1,825",Sep-25,WEST COAST VALE,Resale,Strata,57,"19,649",-,Apartment,1,99 yrs lease commencing from 2018,05,Outside Central Region,01 to 05
NORMANTON PARK,"2,038,000",936.47,"2,176",Sep-25,NORMANTON PARK,Sub Sale,Strata,87,"23,425",-,Apartment,1,99 yrs lease commencing from 2019,05,Rest of Central Region,21 to 25
THE CLEMENT CANOPY,"1,460,000",710.42,"2,055",Sep-25,CLEMENTI AVENUE 1,Resale,Strata,66,"22,121",-,Apartment,1,99 yrs lease commencing from 2016,05,Outside Central Region,31 to 35
THE TRILINQ,"1,348,000",699.66,"1,927",Sep-25,JALAN LEMPENG,Resale,Strata,65,"20,738",-,Condominium,1,99 yrs lease commencing from 2012,05,Outside Central Region,21 to 25
PARC RIVIERA,"2,028,000","1,151.75","1,761",Sep-25,WEST COAST VALE,Resale,Strata,107,"18,953",-,Condominium,1,99 yrs lease commencing from 2015,05,Outside Central Region,21 to 25
THE TRILINQ,"2,330,000","1,345.5","1,732",Sep-25,JALAN LEMPENG,Resale,Strata,125,"18,640",-,Condominium,1,99 yrs lease commencing from 2012,05,Outside Central Region,31 to 35
PARC CLEMATIS,"990,000",505.91,"1,957",Sep-25,JALAN LEMPENG,Resale,Strata,47,"21,064",-,Apartment,1,99 yrs lease commencing from 2019,05,Outside Central Region,16 to 20
VILLAGE @ PASIR PANJANG,"1,808,888","1,108.69","1,632",Sep-25,PASIR PANJANG ROAD,Resale,Strata,103,"17,562",-,Condominium,1,Freehold,05,Rest of Central Region,01 to 05
CARABELLE,"2,156,000","1,291.68","1,669",Sep-25,WEST COAST WAY,Resale,Strata,120,"17,967",-,Condominium,1,956 yrs lease commencing from 1928,05,Outside Central Region,01 to 05
THE SORRENTO,"1,400,000",807.3,"1,734",Sep-25,WEST COAST ROAD,Resale,Strata,75,"18,667",-,Condominium,1,Freehold,05,Outside Central Region,01 to 05
THE CLEMENT CANOPY,"1,388,888",731.95,"1,898",Sep-25,CLEMENTI AVENUE 1,Resale,Strata,68,"20,425",-,Apartment,1,99 yrs lease commencing from 2016,05,Outside Central Region,11 to 15
CLAVON,"1,370,000",678.13,"2,020",Sep-25,CLEMENTI AVENUE 1,Sub Sale,Strata,63,"21,746",-,Apartment,1,99 yrs lease commencing from 2019,05,Outside Central Region,11 to 15
PARC RIVIERA,"818,000",462.85,"1,767",Sep-25,WEST COAST VALE,Resale,Strata,43,"19,023",-,Condominium,1,99 yrs lease commencing from 2015,05,Outside Central Region,31 to 35
PARC CLEMATIS,"2,250,000",914.94,"2,459",Sep-25,JALAN LEMPENG,Resale,Strata,85,"26,471",-,Apartment,1,99 yrs lease commencing from 2019,05,Outside Central Region,11 to 15
WHISTLER GRAND,"845,000",441.32,"1,915",Sep-25,WEST COAST VALE,Resale,Strata,41,"20,610",-,Apartment,1,99 yrs lease commencing from 2018,05,Outside Central Region,26 to 30
WHISTLER GRAND,"1,192,000",613.55,"1,943",Sep-25,WEST COAST VALE,Resale,Strata,57,"20,912",-,Apartment,1,99 yrs lease commencing from 2018,05,Outside Central Region,21 to 25
THE SORRENTO,"788,000",452.09,"1,743",Sep-25,WEST COAST ROAD,Resale,Strata,42,"18,762",-,Condominium,1,Freehold,05,Outside Central Region,01 to 05
VARSITY PARK CONDOMINIUM,"3,180,000","2,228.15","1,427",Sep-25,WEST COAST ROAD,Resale,Strata,207,"15,362",-,Condominium,1,99 yrs lease commencing from 2004,05,Outside Central Region,01 to 05
NORMANTON PARK,"1,756,888",828.83,"2,120",Sep-25,NORMANTON PARK,Sub Sale,Strata,77,"22,817",-,Apartment,1,99 yrs lease commencing from 2019,05,Rest of Central Region,16 to 20
CLAVON,"1,300,000",678.13,"1,917",Aug-25,CLEMENTI AVENUE 1,Sub Sale,Strata,63,"20,635",-,Apartment,1,99 yrs lease commencing from 2019,05,Outside Central Region,01 to 05
VIVA VISTA,"1,120,000",742.72,"1,508",Aug-25,SOUTH BUONA VISTA ROAD,Resale,Strata,69,"16,232",-,Apartment,1,Freehold,05,Rest of Central Region,01 to 05
CLAVON,"1,550,000",764.24,"2,028",Aug-25,CLEMENTI AVENUE 1,Sub Sale,Strata,71,"21,831",-,Apartment,1,99 yrs lease commencing from 2019,05,Outside Central Region,16 to 20
PARC CLEMATIS,"922,000",452.09,"2,039",Aug-25,JALAN LEMPENG,Resale,Strata,42,"21,952",-,Apartment,1,99 yrs lease commencing from 2019,05,Outside Central Region,06 to 10
VARSITY PARK CONDOMINIUM,"2,460,000","1,614.6","1,524",Aug-25,WEST COAST ROAD,Resale,Strata,150,"16,400",-,Condominium,1,99 yrs lease commencing from 2004,05,Outside Central Region,01 to 05
THE TRILINQ,"1,850,000",914.94,"2,022",Aug-25,JALAN LEMPENG,Resale,Strata,85,"21,765",-,Condominium,1,99 yrs lease commencing from 2012,05,Outside Central Region,16 to 20
NORMANTON PARK,"1,350,000",667.37,"2,023",Aug-25,NORMANTON PARK,Sub Sale,Strata,62,"21,774",-,Apartment,1,99 yrs lease commencing from 2019,05,Rest of Central Region,06 to 10
KENT RIDGE HILL RESIDENCES,"1,288,000",645.84,"1,994",Aug-25,SOUTH BUONA VISTA ROAD,Resale,Strata,60,"21,467",-,Apartment,1,99 yrs lease commencing from 2018,05,Rest of Central Region,01 to 05
PARC IMPERIAL,"1,648,888","1,194.8","1,380",Aug-25,PASIR PANJANG ROAD,Resale,Strata,111,"14,855",-,Condominium,1,Freehold,05,Rest of Central Region,01 to 05
BIJOU,"1,368,888",602.78,"2,271",Aug-25,JALAN MAT JAMBOL,Resale,Strata,56,"24,444",-,Apartment,1,Freehold,05,Rest of Central Region,01 to 05
WATERFRONT @ FABER,"1,168,000",764.24,"1,528",Aug-25,FABER WALK,Resale,Strata,71,"16,451",-,Apartment,1,99 yrs lease commencing from 2013,05,Outside Central Region,01 to 05
NORMANTON PARK,"1,390,000",656.6,"2,117",Aug-25,NORMANTON PARK,Sub Sale,Strata,61,"22,787",-,Apartment,1,99 yrs lease commencing from 2019,05,Rest of Central Region,16 to 20
NORMANTON PARK,"994,000",527.44,"1,885",Aug-25,NORMANTON PARK,Sub Sale,Strata,49,"20,286",-,Apartment,1,99 yrs lease commencing from 2019,05,Rest of Central Region,11 to 15
PARC CLEMATIS,"1,630,000",721.19,"2,260",Aug-25,JALAN LEMPENG,Resale,Strata,67,"24,328",-,Apartment,1,99 yrs lease commencing from 2019,05,Outside Central Region,21 to 25
ONE-NORTH RESIDENCES,"3,950,000","2,691","1,468",Aug-25,ONE-NORTH GATEWAY,Resale,Strata,250,"15,800",-,Apartment,1,99 yrs lease commencing from 2005,05,Rest of Central Region,11 to 15
DOVER PARKVIEW,"1,320,000",936.47,"1,410",Aug-25,DOVER RISE,Resale,Strata,87,"15,172",-,Condominium,1,99 yrs lease commencing from 1993,05,Rest of Central Region,01 to 05
ONE-NORTH RESIDENCES,"2,650,000","1,431.61","1,851",Aug-25,ONE-NORTH GATEWAY,Resale,Strata,133,"19,925",-,Apartment,1,99 yrs lease commencing from 2005,05,Rest of Central Region,06 to 10
PARC CLEMATIS,"2,170,000",904.18,"2,400",Aug-25,JALAN LEMPENG,Resale,Strata,84,"25,833",-,Apartment,1,99 yrs lease commencing from 2019,05,Outside Central Region,16 to 20
ONE-NORTH EDEN,"1,250,000",516.67,"2,419",Aug-25,SLIM BARRACKS RISE,Resale,Strata,48,"26,042",-,Apartment,1,99 yrs lease commencing from 2019,05,Rest of Central Region,06 to 10
PARC CLEMATIS,"1,590,000",721.19,"2,205",Aug-25,JALAN LEMPENG,Resale,Strata,67,"23,731",-,Apartment,1,99 yrs lease commencing from 2019,05,Outside Central Region,11 to 15
PARC CLEMATIS,"3,500,000","1,496.2","2,339",Aug-25,JALAN LEMPENG,Resale,Strata,139,"25,180",-,Apartment,1,99 yrs lease commencing from 2019,05,Outside Central Region,11 to 15
THE CLEMENT CANOPY,"1,433,000",731.95,"1,958",Aug-25,CLEMENTI AVENUE 1,Resale,Strata,68,"21,074",-,Apartment,1,99 yrs lease commencing from 2016,05,Outside Central Region,26 to 30
NORMANTON PARK,"1,510,000",721.19,"2,094",Aug-25,NORMANTON PARK,Sub Sale,Strata,67,"22,537",-,Apartment,1,99 yrs lease commencing from 2019,05,Rest of Central Region,06 to 10
THE PEAK@BALMEG,"2,820,000","1,506.96","1,871",Aug-25,BALMEG HILL,Resale,Strata,140,"20,143",-,Condominium,1,Freehold,05,Rest of Central Region,01 to 05
THE TRILINQ,"2,500,000","1,603.84","1,559",Aug-25,JALAN LEMPENG,Resale,Strata,149,"16,779",-,Condominium,1,99 yrs lease commencing from 2012,05,Outside Central Region,01 to 05
WHISTLER GRAND,"1,420,000",764.24,"1,858",Aug-25,WEST COAST VALE,Resale,Strata,71,"20,000",-,Apartment,1,99 yrs lease commencing from 2018,05,Outside Central Region,11 to 15
CLAVON,"1,550,888",764.24,"2,029",Aug-25,CLEMENTI AVENUE 1,Sub Sale,Strata,71,"21,843",-,Apartment,1,99 yrs lease commencing from 2019,05,Outside Central Region,01 to 05
NORMANTON PARK,"956,000",516.67,"1,850",Aug-25,NORMANTON PARK,Sub Sale,Strata,48,"19,917",-,Apartment,1,99 yrs lease commencing from 2019,05,Rest of Central Region,01 to 05
PARC CLEMATIS,"1,980,000",968.76,"2,044",Aug-25,JALAN LEMPENG,Resale,Strata,90,"22,000",-,Apartment,1,99 yrs lease commencing from 2019,05,Outside Central Region,06 to 10
WESTCOVE CONDOMINIUM,"1,600,000","1,227.1","1,304",Aug-25,WEST COAST CRESCENT,Resale,Strata,114,"14,035",-,Condominium,1,99 yrs lease commencing from 1995,05,Outside Central Region,06 to 10
CARABELLE,"1,630,000",882.65,"1,847",Aug-25,WEST COAST WAY,Resale,Strata,82,"19,878",-,Condominium,1,956 yrs lease commencing from 1928,05,Outside Central Region,06 to 10
CLAVON,"1,710,800",764.24,"2,239",Aug-25,CLEMENTI AVENUE 1,Sub Sale,Strata,71,"24,096",-,Apartment,1,99 yrs lease commencing from 2019,05,Outside Central Region,26 to 30
NORMANTON PARK,"2,500,000","1,097.93","2,277",Aug-25,NORMANTON PARK,Sub Sale,Strata,102,"24,510",-,Apartment,1,99 yrs lease commencing from 2019,05,Rest of Central Region,16 to 20
THE MAYLEA,"2,630,000","1,657.66","1,587",Aug-25,PASIR PANJANG ROAD,Resale,Strata,154,"17,078",-,Condominium,1,Freehold,05,Rest of Central Region,01 to 05
BLUE HORIZON,"1,328,000",968.76,"1,371",Aug-25,WEST COAST CRESCENT,Resale,Strata,90,"14,756",-,Condominium,1,99 yrs lease commencing from 2000,05,Outside Central Region,01 to 05
DOVER PARKVIEW,"1,380,000",936.47,"1,474",Aug-25,DOVER RISE,Resale,Strata,87,"15,862",-,Condominium,1,99 yrs lease commencing from 1993,05,Rest of Central Region,11 to 15
NORMANTON PARK,"1,938,000",968.76,"2,000",Aug-25,NORMANTON PARK,Sub Sale,Strata,90,"21,533",-,Apartment,1,99 yrs lease commencing from 2019,05,Rest of Central Region,16 to 20
PARC CLEMATIS,"2,630,000","1,044.11","2,519",Aug-25,JALAN LEMPENG,Resale,Strata,97,"27,113",-,Apartment,1,99 yrs lease commencing from 2019,05,Outside Central Region,01 to 05
WHISTLER GRAND,"1,468,000",764.24,"1,921",Aug-25,WEST COAST VALE,Resale,Strata,71,"20,676",-,Apartment,1,99 yrs lease commencing from 2018,05,Outside Central Region,26 to 30
THE SORRENTO,"1,800,000","1,377.79","1,306",Aug-25,WEST COAST ROAD,Resale,Strata,128,"14,063",-,Condominium,1,Freehold,05,Outside Central Region,01 to 05
ONE-NORTH EDEN,"1,850,000",785.77,"2,354",Aug-25,SLIM BARRACKS RISE,Resale,Strata,73,"25,342",-,Apartment,1,99 yrs lease commencing from 2019,05,Rest of Central Region,06 to 10
THE TRILINQ,"1,730,000","1,108.69","1,560",Aug-25,JALAN LEMPENG,Resale,Strata,103,"16,796",-,Condominium,1,99 yrs lease commencing from 2012,05,Outside Central Region,11 to 15
NORMANTON PARK,"2,280,000","1,065.64","2,140",Aug-25,NORMANTON PARK,Sub Sale,Strata,99,"23,030",-,Apartment,1,99 yrs lease commencing from 2019,05,Rest of Central Region,11 to 15
CLAVON,"3,650,000","1,689.95","2,160",Aug-25,CLEMENTI AVENUE 1,Sub Sale,Strata,157,"23,248",-,Apartment,1,99 yrs lease commencing from 2019,05,Outside Central Region,16 to 20
PARC CLEMATIS,"900,000",452.09,"1,991",Aug-25,JALAN LEMPENG,Resale,Strata,42,"21,429",-,Apartment,1,99 yrs lease commencing from 2019,05,Outside Central Region,16 to 20
NORMANTON PARK,"1,307,888",656.6,"1,992",Aug-25,NORMANTON PARK,Sub Sale,Strata,61,"21,441",-,Apartment,1,99 yrs lease commencing from 2019,05,Rest of Central Region,16 to 20
WESTCOVE CONDOMINIUM,"1,588,888","1,216.33","1,306",Aug-25,WEST COAST CRESCENT,Resale,Strata,113,"14,061",-,Condominium,1,99 yrs lease commencing from 1995,05,Outside Central Region,06 to 10
SEAHILL,"1,368,000",861.12,"1,589",Aug-25,WEST COAST CRESCENT,Resale,Strata,80,"17,100",-,Condominium,1,99 yrs lease commencing from 2011,05,Outside Central Region,16 to 20
THE ROCHESTER RESIDENCES,"2,938,000","1,679.18","1,750",Aug-25,ROCHESTER DRIVE,Resale,Strata,156,"18,833",-,Apartment,1,99 yrs lease commencing from 2005,05,Rest of Central Region,11 to 15
KENT RIDGE HILL RESIDENCES,"1,300,000",645.84,"2,013",Aug-25,SOUTH BUONA VISTA ROAD,Resale,Strata,60,"21,667",-,Apartment,1,99 yrs lease commencing from 2018,05,Rest of Central Region,01 to 05
TWIN VEW,"2,380,000","1,248.62","1,906",Aug-25,WEST COAST VALE,Resale,Strata,116,"20,517",-,Apartment,1,99 yrs lease commencing from 2017,05,Outside Central Region,06 to 10
VARSITY PARK CONDOMINIUM,"2,300,000","1,399.32","1,644",Aug-25,WEST COAST ROAD,Resale,Strata,130,"17,692",-,Condominium,1,99 yrs lease commencing from 2004,05,Outside Central Region,01 to 05
LE HILL CONDOMINIUM,"1,552,000",990.29,"1,567",Aug-25,PASIR PANJANG HILL,Resale,Strata,92,"16,870",-,Condominium,1,Freehold,05,Rest of Central Region,01 to 05
CLAVON,"1,460,000",678.13,"2,153",Aug-25,CLEMENTI AVENUE 1,Sub Sale,Strata,63,"23,175",-,Apartment,1,99 yrs lease commencing from 2019,05,Outside Central Region,31 to 35
PEPYS HILL CONDOMINIUM,"4,500,000","4,316.36","1,043",Aug-25,PEPYS ROAD,Resale,Strata,401,"11,222",-,Condominium,1,Freehold,05,Rest of Central Region,06 to 10
BOTANNIA,"2,330,000","1,636.13","1,424",Aug-25,WEST COAST PARK,Resale,Strata,152,"15,329",-,Condominium,1,956 yrs lease commencing from 1928,05,Outside Central Region,01 to 05
PARC CLEMATIS,"2,818,000","1,076.4","2,618",Aug-25,JALAN LEMPENG,Resale,Strata,100,"28,180",-,Apartment,1,99 yrs lease commencing from 2019,05,Outside Central Region,16 to 20
NORMANTON PARK,"1,851,000",936.47,"1,977",Aug-25,NORMANTON PARK,Sub Sale,Strata,87,"21,276",-,Apartment,1,99 yrs lease commencing from 2019,05,Rest of Central Region,01 to 05
MURANO,"1,331,888",861.12,"1,547",Aug-25,PASIR PANJANG ROAD,Resale,Strata,80,"16,649",-,Apartment,1,Freehold,05,Rest of Central Region,01 to 05
HUNDRED TREES,"900,000",484.38,"1,858",Aug-25,WEST COAST DRIVE,Resale,Strata,45,"20,000",-,Condominium,1,956 yrs lease commencing from 1928,05,Outside Central Region,01 to 05
CLAVON,"1,562,888",764.24,"2,045",Aug-25,CLEMENTI AVENUE 1,Sub Sale,Strata,71,"22,013",-,Apartment,1,99 yrs lease commencing from 2019,05,Outside Central Region,11 to 15
PARC RIVIERA,"2,080,000","1,184.04","1,757",Aug-25,WEST COAST VALE,Resale,Strata,110,"18,909",-,Condominium,1,99 yrs lease commencing from 2015,05,Outside Central Region,16 to 20
THE ROCHESTER RESIDENCES,"1,600,000","1,280.92","1,249",Aug-25,ROCHESTER DRIVE,Resale,Strata,119,"13,445",-,Apartment,1,99 yrs lease commencing from 2005,05,Rest of Central Region,06 to 10
WHISTLER GRAND,"1,193,000",624.31,"1,911",Aug-25,WEST COAST VALE,Resale,Strata,58,"20,569",-,Apartment,1,99 yrs lease commencing from 2018,05,Outside Central Region,11 to 15
BOTANNIA,"2,280,000","1,270.15","1,795",Aug-25,WEST COAST PARK,Resale,Strata,118,"19,322",-,Condominium,1,956 yrs lease commencing from 1928,05,Outside Central Region,06 to 10
CLAVON,"1,030,000",527.44,"1,953",Aug-25,CLEMENTI AVENUE 1,Sub Sale,Strata,49,"21,020",-,Apartment,1,99 yrs lease commencing from 2019,05,Outside Central Region,06 to 10
DOVER PARKVIEW,"1,475,000",936.47,"1,575",Aug-25,DOVER RISE,Resale,Strata,87,"16,954",-,Condominium,1,99 yrs lease commencing from 1993,05,Rest of Central Region,11 to 15
CLAVON,"1,638,000",764.24,"2,143",Aug-25,CLEMENTI AVENUE 1,Sub Sale,Strata,71,"23,070",-,Apartment,1,99 yrs lease commencing from 2019,05,Outside Central Region,16 to 20
WHISTLER GRAND,"855,000",441.32,"1,937",Aug-25,WEST COAST VALE,Resale,Strata,41,"20,854",-,Apartment,1,99 yrs lease commencing from 2018,05,Outside Central Region,31 to 35
NEWEST,"745,000",462.85,"1,610",Aug-25,WEST COAST DRIVE,Resale,Strata,43,"17,326",-,Apartment,1,956 yrs lease commencing from 1928,05,Outside Central Region,01 to 05
WHITEHAVEN,"1,650,000","1,550.02","1,065",Aug-25,PASIR PANJANG ROAD,Resale,Strata,144,"11,458",-,Apartment,1,Freehold,05,Rest of Central Region,01 to 05
NORMANTON PARK,"2,380,000","1,097.93","2,168",Aug-25,NORMANTON PARK,Sub Sale,Strata,102,"23,333",-,Apartment,1,99 yrs lease commencing from 2019,05,Rest of Central Region,06 to 10
PARC CLEMATIS,"2,030,000",893.41,"2,272",Aug-25,JALAN LEMPENG,Resale,Strata,83,"24,458",-,Apartment,1,99 yrs lease commencing from 2019,05,Outside Central Region,06 to 10
NORMANTON PARK,"1,325,000",656.6,"2,018",Aug-25,NORMANTON PARK,Sub Sale,Strata,61,"21,721",-,Apartment,1,99 yrs lease commencing from 2019,05,Rest of Central Region,11 to 15
NORMANTON PARK,"1,180,000",581.26,"2,030",Aug-25,NORMANTON PARK,Sub Sale,Strata,54,"21,852",-,Apartment,1,99 yrs lease commencing from 2019,05,Rest of Central Region,01 to 05
PARC RIVIERA,"2,020,000","1,151.75","1,754",Aug-25,WEST COAST VALE,Resale,Strata,107,"18,879",-,Condominium,1,99 yrs lease commencing from 2015,05,Outside Central Region,26 to 30
ONE-NORTH RESIDENCES,"1,180,000",602.78,"1,958",Aug-25,ONE-NORTH GATEWAY,Resale,Strata,56,"21,071",-,Apartment,1,99 yrs lease commencing from 2005,05,Rest of Central Region,01 to 05
HERITAGE VIEW,"1,948,000","1,162.51","1,676",Aug-25,DOVER RISE,Resale,Strata,108,"18,037",-,Condominium,1,99 yrs lease commencing from 1996,05,Rest of Central Region,16 to 20
BIJOU,"1,130,000",570.49,"1,981",Aug-25,JALAN MAT JAMBOL,Resale,Strata,53,"21,321",-,Apartment,1,Freehold,05,Rest of Central Region,01 to 05
NORMANTON PARK,"2,760,000","1,313.21","2,102",Aug-25,NORMANTON PARK,Sub Sale,Strata,122,"22,623",-,Apartment,1,99 yrs lease commencing from 2019,05,Rest of Central Region,06 to 10
CLAVON,"1,535,000",764.24,"2,009",Aug-25,CLEMENTI AVENUE 1,Sub Sale,Strata,71,"21,620",-,Apartment,1,99 yrs lease commencing from 2019,05,Outside Central Region,01 to 05
SEAHILL,"810,000",505.91,"1,601",Aug-25,WEST COAST CRESCENT,Resale,Strata,47,"17,234",-,Condominium,1,99 yrs lease commencing from 2011,05,Outside Central Region,11 to 15
SEAHILL,"1,460,000",861.12,"1,695",Aug-25,WEST COAST CRESCENT,Resale,Strata,80,"18,250",-,Condominium,1,99 yrs lease commencing from 2011,05,Outside Central Region,11 to 15
THE VERANDAH RESIDENCES,"2,500,000","1,248.62","2,002",Aug-25,PASIR PANJANG ROAD,Resale,Strata,116,"21,552",-,Apartment,1,Freehold,05,Rest of Central Region,01 to 05
THE SORRENTO,"822,500",441.32,"1,864",Aug-25,WEST COAST ROAD,Resale,Strata,41,"20,061",-,Condominium,1,Freehold,05,Outside Central Region,01 to 05
VARSITY PARK CONDOMINIUM,"2,108,888","1,302.44","1,619",Aug-25,WEST COAST ROAD,Resale,Strata,121,"17,429",-,Condominium,1,99 yrs lease commencing from 2004,05,Outside Central Region,01 to 05
VIVA VISTA,"705,000",376.74,"1,871",Aug-25,SOUTH BUONA VISTA ROAD,Resale,Strata,35,"20,143",-,Apartment,1,Freehold,05,Rest of Central Region,01 to 05
CLEMENTIWOODS CONDOMINIUM,"1,396,000","1,001.05","1,395",Aug-25,WEST COAST ROAD,Resale,Strata,93,"15,011",-,Condominium,1,99 yrs lease commencing from 2006,05,Outside Central Region,01 to 05
CLAVON,"3,710,000","1,689.95","2,195",Aug-25,CLEMENTI AVENUE 1,Sub Sale,Strata,157,"23,631",-,Apartment,1,99 yrs lease commencing from 2019,05,Outside Central Region,21 to 25
THE ORIENT,"1,350,000",721.19,"1,872",Aug-25,PASIR PANJANG ROAD,Resale,Strata,67,"20,149",-,Apartment,1,Freehold,05,Rest of Central Region,01 to 05
NEWEST,"2,730,000","2,551.07","1,070",Aug-25,WEST COAST DRIVE,Resale,Strata,237,"11,519",-,Apartment,1,956 yrs lease commencing from 1928,05,Outside Central Region,01 to 05
NORMANTON PARK,"2,900,000","1,313.21","2,208",Aug-25,NORMANTON PARK,Sub Sale,Strata,122,"23,770",-,Apartment,1,99 yrs lease commencing from 2019,05,Rest of Central Region,21 to 25
HERITAGE VIEW,"2,280,000","1,313.21","1,736",Aug-25,DOVER RISE,Resale,Strata,122,"18,689",-,Condominium,1,99 yrs lease commencing from 1996,05,Rest of Central Region,16 to 20
CLAVON,"1,430,000",678.13,"2,109",Aug-25,CLEMENTI AVENUE 1,Sub Sale,Strata,63,"22,698",-,Apartment,1,99 yrs lease commencing from 2019,05,Outside Central Region,26 to 30
VENTANA,"1,535,000",968.76,"1,584",Aug-25,PASIR PANJANG HILL,Resale,Strata,90,"17,056",-,Apartment,1,Freehold,05,Rest of Central Region,01 to 05
THE TRILINQ,"1,400,000",753.48,"1,858",Aug-25,JALAN LEMPENG,Resale,Strata,70,"20,000",-,Condominium,1,99 yrs lease commencing from 2012,05,Outside Central Region,16 to 20
VIVA VISTA,"1,150,000",807.3,"1,425",Aug-25,SOUTH BUONA VISTA ROAD,Resale,Strata,75,"15,333",-,Apartment,1,Freehold,05,Rest of Central Region,01 to 05
TWIN VEW,"1,075,000",570.49,"1,884",Aug-25,WEST COAST VALE,Resale,Strata,53,"20,283",-,Apartment,1,99 yrs lease commencing from 2017,05,Outside Central Region,11 to 15
PARC RIVIERA,"1,030,000",602.78,"1,709",Aug-25,WEST COAST VALE,Resale,Strata,56,"18,393",-,Condominium,1,99 yrs lease commencing from 2015,05,Outside Central Region,16 to 20
THE VERANDAH RESIDENCES,"1,930,000",990.29,"1,949",Aug-25,PASIR PANJANG ROAD,Resale,Strata,92,"20,978",-,Apartment,1,Freehold,05,Rest of Central Region,01 to 05
NORMANTON PARK,"1,968,000",968.76,"2,031",Aug-25,NORMANTON PARK,Sub Sale,Strata,90,"21,867",-,Apartment,1,99 yrs lease commencing from 2019,05,Rest of Central Region,06 to 10
WHISTLER GRAND,"930,000",505.91,"1,838",Jul-25,WEST COAST VALE,Resale,Strata,47,"19,787",-,Apartment,1,99 yrs lease commencing from 2018,05,Outside Central Region,31 to 35
HERITAGE VIEW,"2,010,000","1,194.8","1,682",Jul-25,DOVER RISE,Resale,Strata,111,"18,108",-,Condominium,1,99 yrs lease commencing from 1996,05,Rest of Central Region,11 to 15
WESTCOVE CONDOMINIUM,"1,230,000","1,334.74",922,Jul-25,WEST COAST CRESCENT,Resale,Strata,124,"9,919",-,Condominium,1,99 yrs lease commencing from 1995,05,Outside Central Region,01 to 05
WHISTLER GRAND,"1,128,000",613.55,"1,838",Jul-25,WEST COAST VALE,Resale,Strata,57,"19,789",-,Apartment,1,99 yrs lease commencing from 2018,05,Outside Central Region,01 to 05
HUNDRED TREES,"2,500,000","1,313.21","1,904",Jul-25,WEST COAST DRIVE,Resale,Strata,122,"20,492",-,Condominium,1,956 yrs lease commencing from 1928,05,Outside Central Region,06 to 10
NORMANTON PARK,"2,308,000","1,087.16","2,123",Jul-25,NORMANTON PARK,Sub Sale,Strata,101,"22,851",-,Apartment,1,99 yrs lease commencing from 2019,05,Rest of Central Region,16 to 20
CLAVON,"1,490,000",764.24,"1,950",Jul-25,CLEMENTI AVENUE 1,Sub Sale,Strata,71,"20,986",-,Apartment,1,99 yrs lease commencing from 2019,05,Outside Central Region,01 to 05
PARC RIVIERA,"955,000",602.78,"1,584",Jul-25,WEST COAST VALE,Resale,Strata,56,"17,054",-,Condominium,1,99 yrs lease commencing from 2015,05,Outside Central Region,01 to 05
KENT RIDGE HILL RESIDENCES,"1,050,000",516.67,"2,032",Jul-25,SOUTH BUONA VISTA ROAD,Resale,Strata,48,"21,875",-,Apartment,1,99 yrs lease commencing from 2018,05,Rest of Central Region,01 to 05
NORMANTON PARK,"1,770,000",828.83,"2,136",Jul-25,NORMANTON PARK,Sub Sale,Strata,77,"22,987",-,Apartment,1,99 yrs lease commencing from 2019,05,Rest of Central Region,16 to 20
WHISTLER GRAND,"1,530,000",764.24,"2,002",Jul-25,WEST COAST VALE,Resale,Strata,71,"21,549",-,Apartment,1,99 yrs lease commencing from 2018,05,Outside Central Region,31 to 35
PARC CLEMATIS,"945,000",452.09,"2,090",Jul-25,JALAN LEMPENG,Resale,Strata,42,"22,500",-,Apartment,1,99 yrs lease commencing from 2019,05,Outside Central Region,21 to 25
HERITAGE VIEW,"2,280,000","1,313.21","1,736",Jul-25,DOVER RISE,Resale,Strata,122,"18,689",-,Condominium,1,99 yrs lease commencing from 1996,05,Rest of Central Region,16 to 20
THE ROCHESTER RESIDENCES,"2,790,000","1,679.18","1,662",Jul-25,ROCHESTER DRIVE,Resale,Strata,156,"17,885",-,Apartment,1,99 yrs lease commencing from 2005,05,Rest of Central Region,11 to 15
PARC CLEMATIS,"1,380,000",688.9,"2,003",Jul-25,JALAN LEMPENG,Resale,Strata,64,"21,563",-,Apartment,1,99 yrs lease commencing from 2019,05,Outside Central Region,06 to 10
PARC CLEMATIS,"925,000",452.09,"2,046",Jul-25,JALAN LEMPENG,Resale,Strata,42,"22,024",-,Apartment,1,99 yrs lease commencing from 2019,05,Outside Central Region,16 to 20
NORMANTON PARK,"1,850,000",936.47,"1,976",Jul-25,NORMANTON PARK,Sub Sale,Strata,87,"21,264",-,Apartment,1,99 yrs lease commencing from 2019,05,Rest of Central Region,01 to 05
PARC RIVIERA,"1,450,000",925.7,"1,566",Jul-25,WEST COAST VALE,Resale,Strata,86,"16,860",-,Condominium,1,99 yrs lease commencing from 2015,05,Outside Central Region,01 to 05
ONE-NORTH EDEN,"1,700,000",688.9,"2,468",Jul-25,SLIM BARRACKS RISE,Resale,Strata,64,"26,563",-,Apartment,1,99 yrs lease commencing from 2019,05,Rest of Central Region,11 to 15
WATERFRONT @ FABER,"1,080,000",699.66,"1,544",Jul-25,FABER WALK,Resale,Strata,65,"16,615",-,Apartment,1,99 yrs lease commencing from 2013,05,Outside Central Region,01 to 05
NORMANTON PARK,"1,840,000",914.94,"2,011",Jul-25,NORMANTON PARK,Sub Sale,Strata,85,"21,647",-,Apartment,1,99 yrs lease commencing from 2019,05,Rest of Central Region,11 to 15
NORMANTON PARK,"2,350,000","1,076.4","2,183",Jul-25,NORMANTON PARK,Sub Sale,Strata,100,"23,500",-,Apartment,1,99 yrs lease commencing from 2019,05,Rest of Central Region,16 to 20
WHISTLER GRAND,"1,145,800",613.55,"1,867",Jul-25,WEST COAST VALE,Resale,Strata,57,"20,102",-,Apartment,1,99 yrs lease commencing from 2018,05,Outside Central Region,16 to 20
VIVA VISTA,"680,000",376.74,"1,805",Jul-25,SOUTH BUONA VISTA ROAD,Resale,Strata,35,"19,429",-,Apartment,1,Freehold,05,Rest of Central Region,01 to 05
PARC CLEMATIS,"1,530,000",710.42,"2,154",Jul-25,JALAN LEMPENG,Resale,Strata,66,"23,182",-,Apartment,1,99 yrs lease commencing from 2019,05,Outside Central Region,06 to 10
DOVER PARKVIEW,"1,300,000",968.76,"1,342",Jul-25,DOVER RISE,Resale,Strata,90,"14,444",-,Condominium,1,99 yrs lease commencing from 1993,05,Rest of Central Region,11 to 15
PALISADES,"3,900,000","3,326.08","1,173",Jul-25,PASIR PANJANG ROAD,Resale,Strata,309,"12,621",-,Condominium,1,Freehold,05,Rest of Central Region,01 to 05
WHISTLER GRAND,"875,000",441.32,"1,983",Jul-25,WEST COAST VALE,Resale,Strata,41,"21,341",-,Apartment,1,99 yrs lease commencing from 2018,05,Outside Central Region,31 to 35
CLEMENTIWOODS CONDOMINIUM,"1,680,000","1,087.16","1,545",Jul-25,WEST COAST ROAD,Resale,Strata,101,"16,634",-,Condominium,1,99 yrs lease commencing from 2006,05,Outside Central Region,01 to 05
KENT RIDGE HILL RESIDENCES,"1,520,000",785.77,"1,934",Jul-25,SOUTH BUONA VISTA ROAD,Resale,Strata,73,"20,822",-,Apartment,1,99 yrs lease commencing from 2018,05,Rest of Central Region,01 to 05
PARC RIVIERA,"795,000",462.85,"1,718",Jul-25,WEST COAST VALE,Resale,Strata,43,"18,488",-,Condominium,1,99 yrs lease commencing from 2015,05,Outside Central Region,11 to 15
PARC CLEMATIS,"1,690,000",742.72,"2,275",Jul-25,JALAN LEMPENG,Resale,Strata,69,"24,493",-,Apartment,1,99 yrs lease commencing from 2019,05,Outside Central Region,11 to 15
TWIN VEW,"1,001,888",570.49,"1,756",Jul-25,WEST COAST VALE,Resale,Strata,53,"18,904",-,Apartment,1,99 yrs lease commencing from 2017,05,Outside Central Region,11 to 15
TWIN VEW,"1,735,000",904.18,"1,919",Jul-25,WEST COAST VALE,Resale,Strata,84,"20,655",-,Apartment,1,99 yrs lease commencing from 2017,05,Outside Central Region,16 to 20
THE TRILINQ,"1,800,000","1,108.69","1,624",Jul-25,JALAN LEMPENG,Resale,Strata,103,"17,476",-,Condominium,1,99 yrs lease commencing from 2012,05,Outside Central Region,21 to 25
NORMANTON PARK,"995,000",527.44,"1,886",Jul-25,NORMANTON PARK,Sub Sale,Strata,49,"20,306",-,Apartment,1,99 yrs lease commencing from 2019,05,Rest of Central Region,11 to 15
HERITAGE VIEW,"1,856,000","1,162.51","1,597",Jul-25,DOVER RISE,Resale,Strata,108,"17,185",-,Condominium,1,99 yrs lease commencing from 1996,05,Rest of Central Region,16 to 20
CLAVON,"1,680,000",764.24,"2,198",Jul-25,CLEMENTI AVENUE 1,Sub Sale,Strata,71,"23,662",-,Apartment,1,99 yrs lease commencing from 2019,05,Outside Central Region,26 to 30
THE INFINITI,"2,160,000","1,302.44","1,658",Jul-25,WEST COAST PARK,Resale,Strata,121,"17,851",-,Condominium,1,Freehold,05,Outside Central Region,11 to 15
HERITAGE VIEW,"2,210,000","1,313.21","1,683",Jul-25,DOVER RISE,Resale,Strata,122,"18,115",-,Condominium,1,99 yrs lease commencing from 1996,05,Rest of Central Region,16 to 20
WATERFRONT @ FABER,"1,080,000",699.66,"1,544",Jul-25,FABER WALK,Resale,Strata,65,"16,615",-,Apartment,1,99 yrs lease commencing from 2013,05,Outside Central Region,01 to 05
KENT RIDGE HILL RESIDENCES,"1,560,000",785.77,"1,985",Jul-25,SOUTH BUONA VISTA ROAD,Resale,Strata,73,"21,370",-,Apartment,1,99 yrs lease commencing from 2018,05,Rest of Central Region,01 to 05
KENT RIDGE HILL RESIDENCES,"1,595,000",775.01,"2,058",Jul-25,SOUTH BUONA VISTA ROAD,Resale,Strata,72,"22,153",-,Apartment,1,99 yrs lease commencing from 2018,05,Rest of Central Region,01 to 05
PARC CLEMATIS,"2,688,888","1,044.11","2,575",Jul-25,JALAN LEMPENG,Resale,Strata,97,"27,720",-,Apartment,1,99 yrs lease commencing from 2019,05,Outside Central Region,16 to 20
PARC RIVIERA,"1,270,000",710.42,"1,788",Jul-25,WEST COAST VALE,Resale,Strata,66,"19,242",-,Condominium,1,99 yrs lease commencing from 2015,05,Outside Central Region,21 to 25
WHISTLER GRAND,"1,420,000",764.24,"1,858",Jul-25,WEST COAST VALE,Resale,Strata,71,"20,000",-,Apartment,1,99 yrs lease commencing from 2018,05,Outside Central Region,06 to 10
THE TRILINQ,"1,310,000",710.42,"1,844",Jul-25,JALAN LEMPENG,Resale,Strata,66,"19,848",-,Condominium,1,99 yrs lease commencing from 2012,05,Outside Central Region,06 to 10
WHISTLER GRAND,"1,170,000",602.78,"1,941",Jul-25,WEST COAST VALE,Resale,Strata,56,"20,893",-,Apartment,1,99 yrs lease commencing from 2018,05,Outside Central Region,21 to 25
REGENT PARK,"1,080,000",807.3,"1,338",Jul-25,JALAN LEMPENG,Resale,Strata,75,"14,400",-,Condominium,1,99 yrs lease commencing from 1993,05,Outside Central Region,06 to 10
THE PARC CONDOMINIUM,"2,645,000","1,345.5","1,966",Jul-25,WEST COAST WALK,Resale,Strata,125,"21,160",-,Condominium,1,Freehold,05,Outside Central Region,21 to 25
THE ESTIVA,"1,560,000","1,001.05","1,558",Jul-25,PASIR PANJANG ROAD,Resale,Strata,93,"16,774",-,Apartment,1,Freehold,05,Rest of Central Region,01 to 05
VARSITY PARK CONDOMINIUM,"1,680,000","1,065.64","1,577",Jul-25,WEST COAST ROAD,Resale,Strata,99,"16,970",-,Condominium,1,99 yrs lease commencing from 2004,05,Outside Central Region,01 to 05
BLUE HORIZON,"1,300,000",958,"1,357",Jul-25,WEST COAST CRESCENT,Resale,Strata,89,"14,607",-,Condominium,1,99 yrs lease commencing from 2000,05,Outside Central Region,16 to 20
CLAVON,"1,595,000",764.24,"2,087",Jul-25,CLEMENTI AVENUE 1,Sub Sale,Strata,71,"22,465",-,Apartment,1,99 yrs lease commencing from 2019,05,Outside Central Region,21 to 25
CLAVON,"2,920,000","1,356.26","2,153",Jul-25,CLEMENTI AVENUE 1,Sub Sale,Strata,126,"23,175",-,Apartment,1,99 yrs lease commencing from 2019,05,Outside Central Region,26 to 30
NORMANTON PARK,"1,080,000",527.44,"2,048",Jul-25,NORMANTON PARK,Sub Sale,Strata,49,"22,041",-,Apartment,1,99 yrs lease commencing from 2019,05,Rest of Central Region,11 to 15
NORMANTON PARK,"1,880,000",904.18,"2,079",Jul-25,NORMANTON PARK,Sub Sale,Strata,84,"22,381",-,Apartment,1,99 yrs lease commencing from 2019,05,Rest of Central Region,21 to 25
ISLAND VIEW,"5,150,000","3,498.3","1,472",Jul-25,JALAN MAT JAMBOL,Resale,Strata,325,"15,846",-,Condominium,1,Freehold,05,Rest of Central Region,01 to 05
PARC RIVIERA,"1,608,888","1,334.74","1,205",Jul-25,WEST COAST VALE,Resale,Strata,124,"12,975",-,Condominium,1,99 yrs lease commencing from 2015,05,Outside Central Region,36 to 40
NORMANTON PARK,"2,418,000","1,097.93","2,202",Jul-25,NORMANTON PARK,Sub Sale,Strata,102,"23,706",-,Apartment,1,99 yrs lease commencing from 2019,05,Rest of Central Region,16 to 20
NORMANTON PARK,"958,000",516.67,"1,854",Jul-25,NORMANTON PARK,Sub Sale,Strata,48,"19,958",-,Apartment,1,99 yrs lease commencing from 2019,05,Rest of Central Region,01 to 05
PARC IMPERIAL,"1,400,000","1,173.28","1,193",Jul-25,PASIR PANJANG ROAD,Resale,Strata,109,"12,844",-,Condominium,1,Freehold,05,Rest of Central Region,01 to 05
PARC CLEMATIS,"2,840,000","1,237.86","2,294",Jul-25,JALAN LEMPENG,Resale,Strata,115,"24,696",-,Apartment,1,99 yrs lease commencing from 2019,05,Outside Central Region,11 to 15
THE ROCHESTER RESIDENCES,"3,150,000","1,948.28","1,617",Jul-25,ROCHESTER DRIVE,Resale,Strata,181,"17,403",-,Apartment,1,99 yrs lease commencing from 2005,05,Rest of Central Region,26 to 30
HUNDRED TREES,"2,505,888","1,302.44","1,924",Jul-25,WEST COAST DRIVE,Resale,Strata,121,"20,710",-,Condominium,1,956 yrs lease commencing from 1928,05,Outside Central Region,06 to 10
NORMANTON PARK,"2,978,000","1,453.14","2,049",Jul-25,NORMANTON PARK,Sub Sale,Strata,135,"22,059",-,Apartment,1,99 yrs lease commencing from 2019,05,Rest of Central Region,21 to 25
WEST BAY CONDOMINIUM,"1,500,000","1,291.68","1,161",Jul-25,WEST COAST CRESCENT,Resale,Strata,120,"12,500",-,Condominium,1,99 yrs lease commencing from 1991,05,Outside Central Region,06 to 10
THE MAYLEA,"1,630,000",968.76,"1,683",Jul-25,PASIR PANJANG ROAD,Resale,Strata,90,"18,111",-,Condominium,1,Freehold,05,Rest of Central Region,01 to 05
NORMANTON PARK,"1,360,000",667.37,"2,038",Jul-25,NORMANTON PARK,Sub Sale,Strata,62,"21,935",-,Apartment,1,99 yrs lease commencing from 2019,05,Rest of Central Region,16 to 20
TWIN VEW,"1,470,888",818.06,"1,798",Jul-25,WEST COAST VALE,Resale,Strata,76,"19,354",-,Apartment,1,99 yrs lease commencing from 2017,05,Outside Central Region,06 to 10
THE VERANDAH RESIDENCES,"940,000",462.85,"2,031",Jul-25,PASIR PANJANG ROAD,Resale,Strata,43,"21,860",-,Apartment,1,Freehold,05,Rest of Central Region,01 to 05
HERITAGE VIEW,"1,480,000",968.76,"1,528",Jun-25,DOVER RISE,Resale,Strata,90,"16,444",-,Condominium,1,99 yrs lease commencing from 1996,05,Rest of Central Region,06 to 10
MENDON SPRING,"1,490,000","1,054.87","1,412",Jun-25,PASIR PANJANG ROAD,Resale,Strata,98,"15,204",-,Apartment,1,Freehold,05,Rest of Central Region,01 to 05
NORMANTON PARK,"2,780,000","1,334.74","2,083",Jun-25,NORMANTON PARK,Sub Sale,Strata,124,"22,419",-,Apartment,1,99 yrs lease commencing from 2019,05,Rest of Central Region,11 to 15
THE TRILINQ,"1,750,000","1,108.69","1,578",Jun-25,JALAN LEMPENG,Resale,Strata,103,"16,990",-,Condominium,1,99 yrs lease commencing from 2012,05,Outside Central Region,26 to 30
WHISTLER GRAND,"2,480,000","1,280.92","1,936",Jun-25,WEST COAST VALE,Resale,Strata,119,"20,840",-,Apartment,1,99 yrs lease commencing from 2018,05,Outside Central Region,11 to 15
NORMANTON PARK,"1,060,000",527.44,"2,010",Jun-25,NORMANTON PARK,Sub Sale,Strata,49,"21,633",-,Apartment,1,99 yrs lease commencing from 2019,05,Rest of Central Region,21 to 25
VIVA VISTA,"990,000",699.66,"1,415",Jun-25,SOUTH BUONA VISTA ROAD,Resale,Strata,65,"15,231",-,Apartment,1,Freehold,05,Rest of Central Region,01 to 05
NORMANTON PARK,"1,020,000",516.67,"1,974",Jun-25,NORMANTON PARK,Sub Sale,Strata,48,"21,250",-,Apartment,1,99 yrs lease commencing from 2019,05,Rest of Central Region,21 to 25
THE TRILINQ,"2,360,000","1,345.5","1,754",Jun-25,JALAN LEMPENG,Resale,Strata,125,"18,880",-,Condominium,1,99 yrs lease commencing from 2012,05,Outside Central Region,31 to 35
WESTCOVE CONDOMINIUM,"1,320,000","1,119.46","1,179",Jun-25,WEST COAST CRESCENT,Resale,Strata,104,"12,692",-,Condominium,1,99 yrs lease commencing from 1995,05,Outside Central Region,01 to 05
THE VISION,"1,470,000",904.18,"1,626",Jun-25,WEST COAST CRESCENT,Resale,Strata,84,"17,500",-,Condominium,1,99 yrs lease commencing from 2008,05,Outside Central Region,16 to 20
NORMANTON PARK,"2,338,888","1,087.16","2,151",Jun-25,NORMANTON PARK,Sub Sale,Strata,101,"23,157",-,Apartment,1,99 yrs lease commencing from 2019,05,Rest of Central Region,06 to 10
ONE-NORTH RESIDENCES,"920,000",592.02,"1,554",Jun-25,ONE-NORTH GATEWAY,Resale,Strata,55,"16,727",-,Apartment,1,99 yrs lease commencing from 2005,05,Rest of Central Region,06 to 10
PARC CLEMATIS,"3,350,000","1,463.9","2,288",Jun-25,JALAN LEMPENG,Resale,Strata,136,"24,632",-,Apartment,1,99 yrs lease commencing from 2019,05,Outside Central Region,16 to 20
THE ROCHESTER RESIDENCES,"2,150,000","1,205.57","1,783",Jun-25,ROCHESTER DRIVE,Resale,Strata,112,"19,196",-,Apartment,1,99 yrs lease commencing from 2005,05,Rest of Central Region,21 to 25
THE TRILINQ,"945,000",538.2,"1,756",Jun-25,JALAN LEMPENG,Resale,Strata,50,"18,900",-,Condominium,1,99 yrs lease commencing from 2012,05,Outside Central Region,16 to 20
THE TRILINQ,"1,900,000",936.47,"2,029",Jun-25,JALAN LEMPENG,Resale,Strata,87,"21,839",-,Condominium,1,99 yrs lease commencing from 2012,05,Outside Central Region,11 to 15
ONE-NORTH EDEN,"1,680,000",688.9,"2,439",Jun-25,SLIM BARRACKS RISE,Resale,Strata,64,"26,250",-,Apartment,1,99 yrs lease commencing from 2019,05,Rest of Central Region,06 to 10
WHISTLER GRAND,"1,200,000",624.31,"1,922",Jun-25,WEST COAST VALE,Resale,Strata,58,"20,690",-,Apartment,1,99 yrs lease commencing from 2018,05,Outside Central Region,31 to 35
NORMANTON PARK,"1,500,000",764.24,"1,963",Jun-25,NORMANTON PARK,Sub Sale,Strata,71,"21,127",-,Apartment,1,99 yrs lease commencing from 2019,05,Rest of Central Region,06 to 10
THE PARC CONDOMINIUM,"1,880,000",979.52,"1,919",Jun-25,WEST COAST WALK,Resale,Strata,91,"20,659",-,Condominium,1,Freehold,05,Outside Central Region,16 to 20
TWIN VEW,"2,698,000","1,377.79","1,958",Jun-25,WEST COAST VALE,Resale,Strata,128,"21,078",-,Apartment,1,99 yrs lease commencing from 2017,05,Outside Central Region,31 to 35
DOVER PARKVIEW,"1,400,000",968.76,"1,445",Jun-25,DOVER RISE,Resale,Strata,90,"15,556",-,Condominium,1,99 yrs lease commencing from 1993,05,Rest of Central Region,01 to 05
NORMANTON PARK,"3,699,000","1,614.6","2,291",Jun-25,NORMANTON PARK,Sub Sale,Strata,150,"24,660",-,Apartment,1,99 yrs lease commencing from 2019,05,Rest of Central Region,16 to 20
PARC RIVIERA,"822,000",462.85,"1,776",Jun-25,WEST COAST VALE,Resale,Strata,43,"19,116",-,Condominium,1,99 yrs lease commencing from 2015,05,Outside Central Region,31 to 35
PARC CLEMATIS,"900,000",452.09,"1,991",Jun-25,JALAN LEMPENG,Resale,Strata,42,"21,429",-,Apartment,1,99 yrs lease commencing from 2019,05,Outside Central Region,01 to 05
THE VISION,"1,370,000",904.18,"1,515",Jun-25,WEST COAST CRESCENT,Resale,Strata,84,"16,310",-,Condominium,1,99 yrs lease commencing from 2008,05,Outside Central Region,01 to 05
TWIN VEW,"1,556,000",818.06,"1,902",Jun-25,WEST COAST VALE,Resale,Strata,76,"20,474",-,Apartment,1,99 yrs lease commencing from 2017,05,Outside Central Region,16 to 20
KENT RIDGE HILL RESIDENCES,"905,000",484.38,"1,868",Jun-25,SOUTH BUONA VISTA ROAD,Resale,Strata,45,"20,111",-,Apartment,1,99 yrs lease commencing from 2018,05,Rest of Central Region,01 to 05
NEWEST,"2,650,000","2,400.37","1,104",Jun-25,WEST COAST DRIVE,Resale,Strata,223,"11,883",-,Apartment,1,956 yrs lease commencing from 1928,05,Outside Central Region,01 to 05
NORMANTON PARK,"1,280,000",667.37,"1,918",Jun-25,NORMANTON PARK,Sub Sale,Strata,62,"20,645",-,Apartment,1,99 yrs lease commencing from 2019,05,Rest of Central Region,01 to 05
CLAVON,"1,520,000",764.24,"1,989",Jun-25,CLEMENTI AVENUE 1,Sub Sale,Strata,71,"21,408",-,Apartment,1,99 yrs lease commencing from 2019,05,Outside Central Region,06 to 10
SEAHILL,"1,470,000",861.12,"1,707",Jun-25,WEST COAST CRESCENT,Resale,Strata,80,"18,375",-,Condominium,1,99 yrs lease commencing from 2011,05,Outside Central Region,16 to 20
THE VERANDAH RESIDENCES,"1,150,000",602.78,"1,908",Jun-25,PASIR PANJANG ROAD,Resale,Strata,56,"20,536",-,Apartment,1,Freehold,05,Rest of Central Region,01 to 05
PARC CLEMATIS,"1,010,000",505.91,"1,996",Jun-25,JALAN LEMPENG,Resale,Strata,47,"21,489",-,Apartment,1,99 yrs lease commencing from 2019,05,Outside Central Region,21 to 25
THE TRILINQ,"1,270,000",710.42,"1,788",Jun-25,JALAN LEMPENG,Resale,Strata,66,"19,242",-,Condominium,1,99 yrs lease commencing from 2012,05,Outside Central Region,11 to 15
WHISTLER GRAND,"1,320,000",688.9,"1,916",Jun-25,WEST COAST VALE,Resale,Strata,64,"20,625",-,Apartment,1,99 yrs lease commencing from 2018,05,Outside Central Region,36 to 40
KENT RIDGE HILL RESIDENCES,"1,560,000",785.77,"1,985",Jun-25,SOUTH BUONA VISTA ROAD,Resale,Strata,73,"21,370",-,Apartment,1,99 yrs lease commencing from 2018,05,Rest of Central Region,01 to 05
NORMANTON PARK,"928,000",495.14,"1,874",Jun-25,NORMANTON PARK,Sub Sale,Strata,46,"20,174",-,Apartment,1,99 yrs lease commencing from 2019,05,Rest of Central Region,16 to 20
PARC CLEMATIS,"1,002,000",505.91,"1,981",Jun-25,JALAN LEMPENG,Resale,Strata,47,"21,319",-,Apartment,1,99 yrs lease commencing from 2019,05,Outside Central Region,21 to 25
PARC RIVIERA,"1,000,000",602.78,"1,659",Jun-25,WEST COAST VALE,Resale,Strata,56,"17,857",-,Condominium,1,99 yrs lease commencing from 2015,05,Outside Central Region,06 to 10
THE VISION,"1,585,000",904.18,"1,753",Jun-25,WEST COAST CRESCENT,Resale,Strata,84,"18,869",-,Condominium,1,99 yrs lease commencing from 2008,05,Outside Central Region,26 to 30
PARC CLEMATIS,"2,600,000","1,044.11","2,490",Jun-25,JALAN LEMPENG,Resale,Strata,97,"26,804",-,Apartment,1,99 yrs lease commencing from 2019,05,Outside Central Region,06 to 10
NORMANTON PARK,"2,388,000","1,087.16","2,197",Jun-25,NORMANTON PARK,Sub Sale,Strata,101,"23,644",-,Apartment,1,99 yrs lease commencing from 2019,05,Rest of Central Region,21 to 25
WHISTLER GRAND,"1,460,000",764.24,"1,910",Jun-25,WEST COAST VALE,Resale,Strata,71,"20,563",-,Apartment,1,99 yrs lease commencing from 2018,05,Outside Central Region,16 to 20
PARC RIVIERA,"1,005,000",602.78,"1,667",Jun-25,WEST COAST VALE,Resale,Strata,56,"17,946",-,Condominium,1,99 yrs lease commencing from 2015,05,Outside Central Region,11 to 15
NORMANTON PARK,"2,880,000","1,313.21","2,193",Jun-25,NORMANTON PARK,Sub Sale,Strata,122,"23,607",-,Apartment,1,99 yrs lease commencing from 2019,05,Rest of Central Region,16 to 20
PARC CLEMATIS,"1,955,000",882.65,"2,215",Jun-25,JALAN LEMPENG,Resale,Strata,82,"23,841",-,Apartment,1,99 yrs lease commencing from 2019,05,Outside Central Region,01 to 05
THE VISION,"1,460,000",904.18,"1,615",Jun-25,WEST COAST CRESCENT,Resale,Strata,84,"17,381",-,Condominium,1,99 yrs lease commencing from 2008,05,Outside Central Region,11 to 15
NORMANTON PARK,"2,248,000","1,065.64","2,110",Jun-25,NORMANTON PARK,Sub Sale,Strata,99,"22,707",-,Apartment,1,99 yrs lease commencing from 2019,05,Rest of Central Region,06 to 10
THE CLEMENT CANOPY,"2,070,000",990.29,"2,090",Jun-25,CLEMENTI AVENUE 1,Resale,Strata,92,"22,500",-,Apartment,1,99 yrs lease commencing from 2016,05,Outside Central Region,26 to 30
PARC CLEMATIS,"1,980,000",990.29,"1,999",Jun-25,JALAN LEMPENG,Resale,Strata,92,"21,522",-,Apartment,1,99 yrs lease commencing from 2019,05,Outside Central Region,01 to 05
VARSITY PARK CONDOMINIUM,"2,260,000","1,431.61","1,579",Jun-25,WEST COAST ROAD,Resale,Strata,133,"16,992",-,Condominium,1,99 yrs lease commencing from 2004,05,Outside Central Region,01 to 05
24 ONE RESIDENCES,"1,695,000",807.3,"2,100",Jun-25,PASIR PANJANG ROAD,Resale,Strata,75,"22,600",-,Apartment,1,Freehold,05,Rest of Central Region,01 to 05
THE INFINITI,"1,570,000",914.94,"1,716",Jun-25,WEST COAST PARK,Resale,Strata,85,"18,471",-,Condominium,1,Freehold,05,Outside Central Region,01 to 05
PARC CLEMATIS,"1,460,000",731.95,"1,995",Jun-25,JALAN LEMPENG,Resale,Strata,68,"21,471",-,Apartment,1,99 yrs lease commencing from 2019,05,Outside Central Region,01 to 05
HERITAGE VIEW,"1,850,000","1,162.51","1,591",Jun-25,DOVER RISE,Resale,Strata,108,"17,130",-,Condominium,1,99 yrs lease commencing from 1996,05,Rest of Central Region,16 to 20
NORMANTON PARK,"1,560,000",731.95,"2,131",Jun-25,NORMANTON PARK,Sub Sale,Strata,68,"22,941",-,Apartment,1,99 yrs lease commencing from 2019,05,Rest of Central Region,16 to 20
NORMANTON PARK,"1,996,000",936.47,"2,131",May-25,NORMANTON PARK,Sub Sale,Strata,87,"22,943",-,Apartment,1,99 yrs lease commencing from 2019,05,Rest of Central Region,11 to 15
PARC CLEMATIS,"1,538,000",710.42,"2,165",May-25,JALAN LEMPENG,Resale,Strata,66,"23,303",-,Apartment,1,99 yrs lease commencing from 2019,05,Outside Central Region,11 to 15
WHITEHAVEN,"1,023,000",538.2,"1,901",May-25,PASIR PANJANG ROAD,Resale,Strata,50,"20,460",-,Apartment,1,Freehold,05,Rest of Central Region,01 to 05
WHISTLER GRAND,"830,000",441.32,"1,881",May-25,WEST COAST VALE,Resale,Strata,41,"20,244",-,Apartment,1,99 yrs lease commencing from 2018,05,Outside Central Region,16 to 20
PARC CLEMATIS,"1,975,000",893.41,"2,211",May-25,JALAN LEMPENG,Resale,Strata,83,"23,795",-,Apartment,1,99 yrs lease commencing from 2019,05,Outside Central Region,06 to 10
THE ORIENT,"1,350,000",667.37,"2,023",May-25,PASIR PANJANG ROAD,Resale,Strata,62,"21,774",-,Apartment,1,Freehold,05,Rest of Central Region,01 to 05
CLEMENTIWOODS CONDOMINIUM,"1,750,000","1,130.22","1,548",May-25,WEST COAST ROAD,Resale,Strata,105,"16,667",-,Condominium,1,99 yrs lease commencing from 2006,05,Outside Central Region,01 to 05
THE CLEMENT CANOPY,"1,210,000",635.08,"1,905",May-25,CLEMENTI AVENUE 1,Resale,Strata,59,"20,508",-,Apartment,1,99 yrs lease commencing from 2016,05,Outside Central Region,11 to 15
FRAGRANCE COURT,"2,085,000","1,420.85","1,467",May-25,YEW SIANG ROAD,Resale,Strata,132,"15,795",-,Apartment,1,Freehold,05,Rest of Central Region,01 to 05
PASIR PANJANG COURT,"1,900,000","1,334.74","1,424",May-25,PASIR PANJANG CLOSE,Resale,Strata,124,"15,323",-,Apartment,1,Freehold,05,Rest of Central Region,01 to 05
NORMANTON PARK,"1,308,000",635.08,"2,060",May-25,NORMANTON PARK,Sub Sale,Strata,59,"22,169",-,Apartment,1,99 yrs lease commencing from 2019,05,Rest of Central Region,21 to 25
LE HILL CONDOMINIUM,"2,100,000","1,711.48","1,227",May-25,PASIR PANJANG HILL,Resale,Strata,159,"13,208",-,Condominium,1,Freehold,05,Rest of Central Region,01 to 05
THE PARC CONDOMINIUM,"2,700,000","1,420.85","1,900",May-25,WEST COAST WALK,Resale,Strata,132,"20,455",-,Condominium,1,Freehold,05,Outside Central Region,06 to 10
KENT RIDGE HILL RESIDENCES,"1,580,000",775.01,"2,039",May-25,SOUTH BUONA VISTA ROAD,Resale,Strata,72,"21,944",-,Apartment,1,99 yrs lease commencing from 2018,05,Rest of Central Region,01 to 05
THE TRILINQ,"935,000",538.2,"1,737",May-25,JALAN LEMPENG,Resale,Strata,50,"18,700",-,Condominium,1,99 yrs lease commencing from 2012,05,Outside Central Region,16 to 20
NORMANTON PARK,"988,000",516.67,"1,912",May-25,NORMANTON PARK,Sub Sale,Strata,48,"20,583",-,Apartment,1,99 yrs lease commencing from 2019,05,Rest of Central Region,21 to 25
THE PARC CONDOMINIUM,"2,370,000","1,216.33","1,948",May-25,WEST COAST WALK,Resale,Strata,113,"20,973",-,Condominium,1,Freehold,05,Outside Central Region,01 to 05
KENT RIDGE HILL RESIDENCES,"1,670,000",882.65,"1,892",May-25,SOUTH BUONA VISTA ROAD,Resale,Strata,82,"20,366",-,Apartment,1,99 yrs lease commencing from 2018,05,Rest of Central Region,01 to 05
THE ROCHESTER RESIDENCES,"2,800,000","1,679.18","1,667",May-25,ROCHESTER DRIVE,Resale,Strata,156,"17,949",-,Apartment,1,99 yrs lease commencing from 2005,05,Rest of Central Region,16 to 20
WHISTLER GRAND,"900,000",505.91,"1,779",May-25,WEST COAST VALE,Resale,Strata,47,"19,149",-,Apartment,1,99 yrs lease commencing from 2018,05,Outside Central Region,26 to 30
PARC CLEMATIS,"2,080,000",968.76,"2,147",May-25,JALAN LEMPENG,Resale,Strata,90,"23,111",-,Apartment,1,99 yrs lease commencing from 2019,05,Outside Central Region,16 to 20
KENT RIDGE HILL RESIDENCES,"950,000",602.78,"1,576",May-25,SOUTH BUONA VISTA ROAD,Resale,Strata,56,"16,964",-,Apartment,1,99 yrs lease commencing from 2018,05,Rest of Central Region,01 to 05
SEAHILL,"1,960,000","1,130.22","1,734",May-25,WEST COAST CRESCENT,Resale,Strata,105,"18,667",-,Condominium,1,99 yrs lease commencing from 2011,05,Outside Central Region,16 to 20
NORMANTON PARK,"1,410,000",731.95,"1,926",May-25,NORMANTON PARK,Sub Sale,Strata,68,"20,735",-,Apartment,1,99 yrs lease commencing from 2019,05,Rest of Central Region,01 to 05
NORMANTON PARK,"1,250,000",527.44,"2,370",May-25,NORMANTON PARK,Sub Sale,Strata,49,"25,510",-,Apartment,1,99 yrs lease commencing from 2019,05,Rest of Central Region,21 to 25
WEST BAY CONDOMINIUM,"1,660,000","1,442.38","1,151",May-25,WEST COAST CRESCENT,Resale,Strata,134,"12,388",-,Condominium,1,99 yrs lease commencing from 1991,05,Outside Central Region,06 to 10
VIVA VISTA,"680,000",355.21,"1,914",May-25,SOUTH BUONA VISTA ROAD,Resale,Strata,33,"20,606",-,Apartment,1,Freehold,05,Rest of Central Region,01 to 05
WHISTLER GRAND,"2,100,000","1,065.64","1,971",May-25,WEST COAST VALE,Resale,Strata,99,"21,212",-,Apartment,1,99 yrs lease commencing from 2018,05,Outside Central Region,16 to 20
TWIN VEW,"2,105,525","1,065.64","1,976",May-25,WEST COAST VALE,Resale,Strata,99,"21,268",-,Apartment,1,99 yrs lease commencing from 2017,05,Outside Central Region,21 to 25
KENT RIDGE HILL RESIDENCES,"1,020,000",516.67,"1,974",May-25,SOUTH BUONA VISTA ROAD,Resale,Strata,48,"21,250",-,Apartment,1,99 yrs lease commencing from 2018,05,Rest of Central Region,01 to 05
VARSITY PARK CONDOMINIUM,"3,068,888","2,152.8","1,426",May-25,WEST COAST ROAD,Resale,Strata,200,"15,344",-,Condominium,1,99 yrs lease commencing from 2004,05,Outside Central Region,01 to 05
NORMANTON PARK,"1,850,000",936.47,"1,976",May-25,NORMANTON PARK,Sub Sale,Strata,87,"21,264",-,Apartment,1,99 yrs lease commencing from 2019,05,Rest of Central Region,11 to 15
VENTANA,"1,880,000","1,205.57","1,559",May-25,PASIR PANJANG HILL,Resale,Strata,112,"16,786",-,Apartment,1,Freehold,05,Rest of Central Region,01 to 05
PARC CLEMATIS,"2,250,000","1,054.87","2,133",May-25,JALAN LEMPENG,Resale,Strata,98,"22,959",-,Apartment,1,99 yrs lease commencing from 2019,05,Outside Central Region,21 to 25
WHISTLER GRAND,"1,200,000",602.78,"1,991",May-25,WEST COAST VALE,Resale,Strata,56,"21,429",-,Apartment,1,99 yrs lease commencing from 2018,05,Outside Central Region,31 to 35
TWIN VEW,"1,258,000",710.42,"1,771",May-25,WEST COAST VALE,Resale,Strata,66,"19,061",-,Apartment,1,99 yrs lease commencing from 2017,05,Outside Central Region,11 to 15
BLUE HORIZON,"1,650,000","1,151.75","1,433",May-25,WEST COAST CRESCENT,Resale,Strata,107,"15,421",-,Condominium,1,99 yrs lease commencing from 2000,05,Outside Central Region,01 to 05
WEST BAY CONDOMINIUM,"1,050,000",850.36,"1,235",May-25,WEST COAST CRESCENT,Resale,Strata,79,"13,291",-,Condominium,1,99 yrs lease commencing from 1991,05,Outside Central Region,01 to 05
PARC RIVIERA,"809,000",462.85,"1,748",May-25,WEST COAST VALE,Resale,Strata,43,"18,814",-,Condominium,1,99 yrs lease commencing from 2015,05,Outside Central Region,21 to 25
NORMANTON PARK,"948,000",527.44,"1,797",May-25,NORMANTON PARK,Sub Sale,Strata,49,"19,347",-,Apartment,1,99 yrs lease commencing from 2019,05,Rest of Central Region,01 to 05
REGENT PARK,"1,688,888","1,162.51","1,453",May-25,JALAN LEMPENG,Resale,Strata,108,"15,638",-,Condominium,1,99 yrs lease commencing from 1993,05,Outside Central Region,01 to 05
WHISTLER GRAND,"1,420,000",764.24,"1,858",May-25,WEST COAST VALE,Resale,Strata,71,"20,000",-,Apartment,1,99 yrs lease commencing from 2018,05,Outside Central Region,06 to 10
CLAVON,"1,280,000",678.13,"1,888",May-25,CLEMENTI AVENUE 1,Sub Sale,Strata,63,"20,317",-,Apartment,1,99 yrs lease commencing from 2019,05,Outside Central Region,01 to 05
NORMANTON PARK,"2,980,000","1,474.67","2,021",May-25,NORMANTON PARK,Sub Sale,Strata,137,"21,752",-,Apartment,1,99 yrs lease commencing from 2019,05,Rest of Central Region,21 to 25
NORMANTON PARK,"1,985,000",936.47,"2,120",May-25,NORMANTON PARK,Sub Sale,Strata,87,"22,816",-,Apartment,1,99 yrs lease commencing from 2019,05,Rest of Central Region,21 to 25
PARC RIVIERA,"990,000",602.78,"1,642",May-25,WEST COAST VALE,Resale,Strata,56,"17,679",-,Condominium,1,99 yrs lease commencing from 2015,05,Outside Central Region,16 to 20
BLUE HORIZON,"1,700,000","1,151.75","1,476",May-25,WEST COAST CRESCENT,Resale,Strata,107,"15,888",-,Condominium,1,99 yrs lease commencing from 2000,05,Outside Central Region,01 to 05
WESTCOVE CONDOMINIUM,"1,420,000","1,216.33","1,167",May-25,WEST COAST CRESCENT,Resale,Strata,113,"12,566",-,Condominium,1,99 yrs lease commencing from 1995,05,Outside Central Region,01 to 05
PARC CLEMATIS,"1,413,000",688.9,"2,051",May-25,JALAN LEMPENG,Resale,Strata,64,"22,078",-,Apartment,1,99 yrs lease commencing from 2019,05,Outside Central Region,16 to 20
NORMANTON PARK,"1,308,888",656.6,"1,993",May-25,NORMANTON PARK,Sub Sale,Strata,61,"21,457",-,Apartment,1,99 yrs lease commencing from 2019,05,Rest of Central Region,16 to 20
BIJOU,"1,222,500",613.55,"1,993",May-25,JALAN MAT JAMBOL,Resale,Strata,57,"21,447",-,Apartment,1,Freehold,05,Rest of Central Region,01 to 05
WHISTLER GRAND,"1,150,000",613.55,"1,874",May-25,WEST COAST VALE,Resale,Strata,57,"20,175",-,Apartment,1,99 yrs lease commencing from 2018,05,Outside Central Region,06 to 10
KENT RIDGE HILL RESIDENCES,"1,570,000",785.77,"1,998",May-25,SOUTH BUONA VISTA ROAD,Sub Sale,Strata,73,"21,507",-,Apartment,1,99 yrs lease commencing from 2018,05,Rest of Central Region,01 to 05
CLAVON,"2,488,800","1,130.22","2,202",May-25,CLEMENTI AVENUE 1,Sub Sale,Strata,105,"23,703",-,Apartment,1,99 yrs lease commencing from 2019,05,Outside Central Region,06 to 10
CLAVON,"2,920,000","1,356.26","2,153",May-25,CLEMENTI AVENUE 1,Sub Sale,Strata,126,"23,175",-,Apartment,1,99 yrs lease commencing from 2019,05,Outside Central Region,26 to 30
WHISTLER GRAND,"829,000",441.32,"1,878",May-25,WEST COAST VALE,Resale,Strata,41,"20,220",-,Apartment,1,99 yrs lease commencing from 2018,05,Outside Central Region,11 to 15
WHISTLER GRAND,"1,210,000",624.31,"1,938",May-25,WEST COAST VALE,Resale,Strata,58,"20,862",-,Apartment,1,99 yrs lease commencing from 2018,05,Outside Central Region,31 to 35
THE TRILINQ,"1,270,000",710.42,"1,788",May-25,JALAN LEMPENG,Resale,Strata,66,"19,242",-,Condominium,1,99 yrs lease commencing from 2012,05,Outside Central Region,01 to 05
SEAHILL,"947,500",624.31,"1,518",May-25,WEST COAST CRESCENT,Resale,Strata,58,"16,336",-,Condominium,1,99 yrs lease commencing from 2011,05,Outside Central Region,06 to 10
PARC CLEMATIS,"880,000",452.09,"1,947",May-25,JALAN LEMPENG,Resale,Strata,42,"20,952",-,Apartment,1,99 yrs lease commencing from 2019,05,Outside Central Region,06 to 10
WATERFRONT @ FABER,"1,169,999",753.48,"1,553",May-25,FABER WALK,Resale,Strata,70,"16,714",-,Apartment,1,99 yrs lease commencing from 2013,05,Outside Central Region,01 to 05
CARABELLE,"2,580,000","1,388.56","1,858",May-25,WEST COAST WAY,Resale,Strata,129,"20,000",-,Condominium,1,956 yrs lease commencing from 1928,05,Outside Central Region,11 to 15
THE CLEMENT CANOPY,"2,160,000","1,108.69","1,948",May-25,CLEMENTI AVENUE 1,Resale,Strata,103,"20,971",-,Apartment,1,99 yrs lease commencing from 2016,05,Outside Central Region,16 to 20
THE ROCHESTER RESIDENCES,"1,450,000",979.52,"1,480",May-25,ROCHESTER DRIVE,Resale,Strata,91,"15,934",-,Apartment,1,99 yrs lease commencing from 2005,05,Rest of Central Region,06 to 10
CARABELLE,"2,580,000","1,399.32","1,844",May-25,WEST COAST WAY,Resale,Strata,130,"19,846",-,Condominium,1,956 yrs lease commencing from 1928,05,Outside Central Region,01 to 05
BOTANNIA,"2,850,000","1,560.78","1,826",May-25,WEST COAST PARK,Resale,Strata,145,"19,655",-,Condominium,1,956 yrs lease commencing from 1928,05,Outside Central Region,01 to 05
VARSITY PARK CONDOMINIUM,"1,630,000","1,011.82","1,611",May-25,WEST COAST ROAD,Resale,Strata,94,"17,340",-,Condominium,1,99 yrs lease commencing from 2004,05,Outside Central Region,01 to 05
SEAHILL,"1,430,000",861.12,"1,661",Apr-25,WEST COAST CRESCENT,Resale,Strata,80,"17,875",-,Condominium,1,99 yrs lease commencing from 2011,05,Outside Central Region,06 to 10
WHISTLER GRAND,"1,145,888",613.55,"1,868",Apr-25,WEST COAST VALE,Resale,Strata,57,"20,103",-,Apartment,1,99 yrs lease commencing from 2018,05,Outside Central Region,11 to 15
THE TRILINQ,"955,888",538.2,"1,776",Apr-25,JALAN LEMPENG,Resale,Strata,50,"19,118",-,Condominium,1,99 yrs lease commencing from 2012,05,Outside Central Region,21 to 25
ONE-NORTH RESIDENCES,"1,800,000","1,001.05","1,798",Apr-25,ONE-NORTH GATEWAY,Resale,Strata,93,"19,355",-,Apartment,1,99 yrs lease commencing from 2005,05,Rest of Central Region,06 to 10
PARC CLEMATIS,"1,980,000",914.94,"2,164",Apr-25,JALAN LEMPENG,Resale,Strata,85,"23,294",-,Apartment,1,99 yrs lease commencing from 2019,05,Outside Central Region,01 to 05
CARABELLE,"1,766,155",947.23,"1,865",Apr-25,WEST COAST WAY,Resale,Strata,88,"20,070",-,Condominium,1,956 yrs lease commencing from 1928,05,Outside Central Region,01 to 05
PARC CLEMATIS,"925,000",452.09,"2,046",Apr-25,JALAN LEMPENG,Resale,Strata,42,"22,024",-,Apartment,1,99 yrs lease commencing from 2019,05,Outside Central Region,16 to 20
THE TRILINQ,"1,828,000",914.94,"1,998",Apr-25,JALAN LEMPENG,Resale,Strata,85,"21,506",-,Condominium,1,99 yrs lease commencing from 2012,05,Outside Central Region,11 to 15
ONE-NORTH RESIDENCES,"918,000",592.02,"1,551",Apr-25,ONE-NORTH GATEWAY,Resale,Strata,55,"16,691",-,Apartment,1,99 yrs lease commencing from 2005,05,Rest of Central Region,06 to 10
BLUE HORIZON,"1,218,000",925.7,"1,316",Apr-25,WEST COAST CRESCENT,Resale,Strata,86,"14,163",-,Condominium,1,99 yrs lease commencing from 2000,05,Outside Central Region,06 to 10
PARC CLEMATIS,"1,910,000",861.12,"2,218",Apr-25,JALAN LEMPENG,Resale,Strata,80,"23,875",-,Apartment,1,99 yrs lease commencing from 2019,05,Outside Central Region,06 to 10
CLAVON,"1,550,000",764.24,"2,028",Apr-25,CLEMENTI AVENUE 1,Sub Sale,Strata,71,"21,831",-,Apartment,1,99 yrs lease commencing from 2019,05,Outside Central Region,16 to 20
HERITAGE VIEW,"1,528,888",968.76,"1,578",Apr-25,DOVER RISE,Resale,Strata,90,"16,988",-,Condominium,1,99 yrs lease commencing from 1996,05,Rest of Central Region,06 to 10
WEST BAY CONDOMINIUM,"1,600,000","1,280.92","1,249",Apr-25,WEST COAST CRESCENT,Resale,Strata,119,"13,445",-,Condominium,1,99 yrs lease commencing from 1991,05,Outside Central Region,01 to 05
HERITAGE VIEW,"2,000,000","1,194.8","1,674",Apr-25,DOVER RISE,Resale,Strata,111,"18,018",-,Condominium,1,99 yrs lease commencing from 1996,05,Rest of Central Region,06 to 10
DOVER PARKVIEW,"1,420,000",936.47,"1,516",Apr-25,DOVER RISE,Resale,Strata,87,"16,322",-,Condominium,1,99 yrs lease commencing from 1993,05,Rest of Central Region,11 to 15
BUONA VISTA GARDENS,"2,708,000","1,765.3","1,534",Apr-25,ZEHNDER ROAD,Resale,Strata,164,"16,512",-,Condominium,1,Freehold,05,Rest of Central Region,01 to 05
TWIN VEW,"1,760,000",904.18,"1,947",Apr-25,WEST COAST VALE,Resale,Strata,84,"20,952",-,Apartment,1,99 yrs lease commencing from 2017,05,Outside Central Region,21 to 25
PARC RIVIERA,"1,968,000","1,151.75","1,709",Apr-25,WEST COAST VALE,Resale,Strata,107,"18,393",-,Condominium,1,99 yrs lease commencing from 2015,05,Outside Central Region,06 to 10
CLAVON,"1,588,000",764.24,"2,078",Apr-25,CLEMENTI AVENUE 1,Sub Sale,Strata,71,"22,366",-,Apartment,1,99 yrs lease commencing from 2019,05,Outside Central Region,31 to 35
WHISTLER GRAND,"1,150,000",613.55,"1,874",Apr-25,WEST COAST VALE,Resale,Strata,57,"20,175",-,Apartment,1,99 yrs lease commencing from 2018,05,Outside Central Region,16 to 20
DOVER PARKVIEW,"1,380,000",936.47,"1,474",Apr-25,DOVER RISE,Resale,Strata,87,"15,862",-,Condominium,1,99 yrs lease commencing from 1993,05,Rest of Central Region,01 to 05
WESTCOVE CONDOMINIUM,"1,320,000","1,097.93","1,202",Apr-25,WEST COAST CRESCENT,Resale,Strata,102,"12,941",-,Condominium,1,99 yrs lease commencing from 1995,05,Outside Central Region,01 to 05
THE PARC CONDOMINIUM,"3,088,000","2,249.68","1,373",Apr-25,WEST COAST WALK,Resale,Strata,209,"14,775",-,Condominium,1,Freehold,05,Outside Central Region,01 to 05
MONTEREY PARK CONDOMINIUM,"2,460,000","1,313.21","1,873",Apr-25,WEST COAST RISE,Resale,Strata,122,"20,164",-,Condominium,1,999 yrs lease commencing from 1885,05,Outside Central Region,06 to 10
KENT RIDGE HILL RESIDENCES,"1,580,000",796.54,"1,984",Apr-25,SOUTH BUONA VISTA ROAD,Sub Sale,Strata,74,"21,351",-,Apartment,1,99 yrs lease commencing from 2018,05,Rest of Central Region,01 to 05
PARC CLEMATIS,"1,580,000",721.19,"2,191",Apr-25,JALAN LEMPENG,Resale,Strata,67,"23,582",-,Apartment,1,99 yrs lease commencing from 2019,05,Outside Central Region,16 to 20
THE MAYLEA,"860,000",495.14,"1,737",Apr-25,PASIR PANJANG ROAD,Resale,Strata,46,"18,696",-,Condominium,1,Freehold,05,Rest of Central Region,01 to 05
THE SORRENTO,"1,740,000","1,388.56","1,253",Apr-25,WEST COAST ROAD,Resale,Strata,129,"13,488",-,Condominium,1,Freehold,05,Outside Central Region,01 to 05
NORMANTON PARK,"1,100,000",527.44,"2,086",Apr-25,NORMANTON PARK,Sub Sale,Strata,49,"22,449",-,Apartment,1,99 yrs lease commencing from 2019,05,Rest of Central Region,16 to 20
PARC CLEMATIS,"2,088,000",968.76,"2,155",Apr-25,JALAN LEMPENG,Resale,Strata,90,"23,200",-,Apartment,1,99 yrs lease commencing from 2019,05,Outside Central Region,16 to 20
DOVER PARKVIEW,"1,320,000",936.47,"1,410",Apr-25,DOVER RISE,Resale,Strata,87,"15,172",-,Condominium,1,99 yrs lease commencing from 1993,05,Rest of Central Region,01 to 05
PARC CLEMATIS,"870,000",452.09,"1,924",Apr-25,JALAN LEMPENG,Resale,Strata,42,"20,714",-,Apartment,1,99 yrs lease commencing from 2019,05,Outside Central Region,01 to 05
ONE-NORTH EDEN,"1,780,000",764.24,"2,329",Apr-25,SLIM BARRACKS RISE,Resale,Strata,71,"25,070",-,Apartment,1,99 yrs lease commencing from 2019,05,Rest of Central Region,01 to 05
THE GRANDHILL,"2,238,000","1,302.44","1,718",Apr-25,PASIR PANJANG HILL,Resale,Strata,121,"18,496",-,Condominium,1,Freehold,05,Rest of Central Region,01 to 05
CLAVON,"1,070,000",527.44,"2,029",Apr-25,CLEMENTI AVENUE 1,Sub Sale,Strata,49,"21,837",-,Apartment,1,99 yrs lease commencing from 2019,05,Outside Central Region,31 to 35
PARC RIVIERA,"1,788,888",990.29,"1,806",Apr-25,WEST COAST VALE,Resale,Strata,92,"19,444",-,Condominium,1,99 yrs lease commencing from 2015,05,Outside Central Region,21 to 25
ICON @ PASIR PANJANG,"918,000",570.49,"1,609",Apr-25,PASIR PANJANG ROAD,Resale,Strata,53,"17,321",-,Apartment,1,Freehold,05,Rest of Central Region,01 to 05
SEAHILL,"1,320,000",861.12,"1,533",Apr-25,WEST COAST CRESCENT,Resale,Strata,80,"16,500",-,Condominium,1,99 yrs lease commencing from 2011,05,Outside Central Region,11 to 15
WHISTLER GRAND,"835,800",441.32,"1,894",Apr-25,WEST COAST VALE,Resale,Strata,41,"20,385",-,Apartment,1,99 yrs lease commencing from 2018,05,Outside Central Region,16 to 20
WHISTLER GRAND,"1,550,000",839.59,"1,846",Apr-25,WEST COAST VALE,Resale,Strata,78,"19,872",-,Apartment,1,99 yrs lease commencing from 2018,05,Outside Central Region,36 to 40
THE CLEMENT CANOPY,"1,420,000",731.95,"1,940",Apr-25,CLEMENTI AVENUE 1,Resale,Strata,68,"20,882",-,Apartment,1,99 yrs lease commencing from 2016,05,Outside Central Region,26 to 30
MONTEREY PARK CONDOMINIUM,"2,538,000","1,388.56","1,828",Apr-25,WEST COAST RISE,Resale,Strata,129,"19,674",-,Condominium,1,999 yrs lease commencing from 1885,05,Outside Central Region,11 to 15
TREASURE PLACE,"1,800,000","1,388.56","1,296",Apr-25,LORONG SARHAD,Resale,Strata,129,"13,953",-,Condominium,1,Freehold,05,Rest of Central Region,01 to 05
PARC RIVIERA,"1,050,000",645.84,"1,626",Apr-25,WEST COAST VALE,Resale,Strata,60,"17,500",-,Condominium,1,99 yrs lease commencing from 2015,05,Outside Central Region,06 to 10
PARC RIVIERA,"778,000",462.85,"1,681",Apr-25,WEST COAST VALE,Resale,Strata,43,"18,093",-,Condominium,1,99 yrs lease commencing from 2015,05,Outside Central Region,16 to 20
WHISTLER GRAND,"2,360,000","1,270.15","1,858",Apr-25,WEST COAST VALE,Resale,Strata,118,"20,000",-,Apartment,1,99 yrs lease commencing from 2018,05,Outside Central Region,11 to 15
BOTANNIA,"2,530,000","1,593.07","1,588",Apr-25,WEST COAST PARK,Resale,Strata,148,"17,095",-,Condominium,1,956 yrs lease commencing from 1928,05,Outside Central Region,01 to 05
VIVA VISTA,"657,000",344.45,"1,907",Apr-25,SOUTH BUONA VISTA ROAD,Resale,Strata,32,"20,531",-,Apartment,1,Freehold,05,Rest of Central Region,01 to 05
THE PARC CONDOMINIUM,"2,930,000","1,517.72","1,931",Apr-25,WEST COAST WALK,Resale,Strata,141,"20,780",-,Condominium,1,Freehold,05,Outside Central Region,06 to 10
NORMANTON PARK,"1,820,000",914.94,"1,989",Apr-25,NORMANTON PARK,Sub Sale,Strata,85,"21,412",-,Apartment,1,99 yrs lease commencing from 2019,05,Rest of Central Region,06 to 10
ONE-NORTH EDEN,"2,700,000","1,119.46","2,412",Apr-25,SLIM BARRACKS RISE,Resale,Strata,104,"25,962",-,Apartment,1,99 yrs lease commencing from 2019,05,Rest of Central Region,11 to 15
SEAHILL,"1,200,000",710.42,"1,689",Apr-25,WEST COAST CRESCENT,Resale,Strata,66,"18,182",-,Condominium,1,99 yrs lease commencing from 2011,05,Outside Central Region,26 to 30
THE ROCHESTER RESIDENCES,"3,170,000","1,948.28","1,627",Apr-25,ROCHESTER DRIVE,Resale,Strata,181,"17,514",-,Apartment,1,99 yrs lease commencing from 2005,05,Rest of Central Region,21 to 25
PARC CLEMATIS,"1,490,000",721.19,"2,066",Apr-25,JALAN LEMPENG,Resale,Strata,67,"22,239",-,Apartment,1,99 yrs lease commencing from 2019,05,Outside Central Region,06 to 10
BLUE HORIZON,"1,750,000","1,162.51","1,505",Apr-25,WEST COAST CRESCENT,Resale,Strata,108,"16,204",-,Condominium,1,99 yrs lease commencing from 2000,05,Outside Central Region,21 to 25
THE TRILINQ,"2,280,000","1,356.26","1,681",Apr-25,JALAN LEMPENG,Resale,Strata,126,"18,095",-,Condominium,1,99 yrs lease commencing from 2012,05,Outside Central Region,06 to 10
CARABELLE,"2,350,000","1,291.68","1,819",Apr-25,WEST COAST WAY,Resale,Strata,120,"19,583",-,Condominium,1,956 yrs lease commencing from 1928,05,Outside Central Region,06 to 10
NORMANTON PARK,"991,500",527.44,"1,880",Apr-25,NORMANTON PARK,Sub Sale,Strata,49,"20,235",-,Apartment,1,99 yrs lease commencing from 2019,05,Rest of Central Region,06 to 10
CLAVON,"1,580,000",764.24,"2,067",Apr-25,CLEMENTI AVENUE 1,Sub Sale,Strata,71,"22,254",-,Apartment,1,99 yrs lease commencing from 2019,05,Outside Central Region,21 to 25
BAYVILLE CONDOMINIUM,"1,520,000","1,022.58","1,486",Apr-25,SOUTH BUONA VISTA ROAD,Resale,Strata,95,"16,000",-,Condominium,1,Freehold,05,Rest of Central Region,01 to 05
THE CLEMENT CANOPY,"2,120,000","1,108.69","1,912",Apr-25,CLEMENTI AVENUE 1,Resale,Strata,103,"20,583",-,Apartment,1,99 yrs lease commencing from 2016,05,Outside Central Region,01 to 05
PARC CLEMATIS,"1,405,888",688.9,"2,041",Apr-25,JALAN LEMPENG,Resale,Strata,64,"21,967",-,Apartment,1,99 yrs lease commencing from 2019,05,Outside Central Region,11 to 15
NORMANTON PARK,"2,100,000",958,"2,192",Apr-25,NORMANTON PARK,Sub Sale,Strata,89,"23,596",-,Apartment,1,99 yrs lease commencing from 2019,05,Rest of Central Region,11 to 15
HUNDRED TREES,"2,128,000","1,162.51","1,831",Apr-25,WEST COAST DRIVE,Resale,Strata,108,"19,704",-,Condominium,1,956 yrs lease commencing from 1928,05,Outside Central Region,01 to 05
ONE-NORTH EDEN,"2,290,000",947.23,"2,418",Apr-25,SLIM BARRACKS RISE,Resale,Strata,88,"26,023",-,Apartment,1,99 yrs lease commencing from 2019,05,Rest of Central Region,06 to 10
MURANO,"1,690,000","1,054.87","1,602",Apr-25,PASIR PANJANG ROAD,Resale,Strata,98,"17,245",-,Apartment,1,Freehold,05,Rest of Central Region,01 to 05
VARSITY PARK CONDOMINIUM,"3,120,000","2,271.2","1,374",Apr-25,WEST COAST ROAD,Resale,Strata,211,"14,787",-,Condominium,1,99 yrs lease commencing from 2004,05,Outside Central Region,01 to 05
PARC RIVIERA,"1,110,000",645.84,"1,719",Apr-25,WEST COAST VALE,Resale,Strata,60,"18,500",-,Condominium,1,99 yrs lease commencing from 2015,05,Outside Central Region,21 to 25
LE HILL CONDOMINIUM,"1,795,000","1,205.57","1,489",Apr-25,PASIR PANJANG HILL,Resale,Strata,112,"16,027",-,Condominium,1,Freehold,05,Rest of Central Region,01 to 05
CLAVON,"1,530,000",764.24,"2,002",Apr-25,CLEMENTI AVENUE 1,Sub Sale,Strata,71,"21,549",-,Apartment,1,99 yrs lease commencing from 2019,05,Outside Central Region,11 to 15
VIVA VISTA,"728,000",387.5,"1,879",Apr-25,SOUTH BUONA VISTA ROAD,Resale,Strata,36,"20,222",-,Apartment,1,Freehold,05,Rest of Central Region,01 to 05
CLAVON,"1,640,000",764.24,"2,146",Apr-25,CLEMENTI AVENUE 1,Sub Sale,Strata,71,"23,099",-,Apartment,1,99 yrs lease commencing from 2019,05,Outside Central Region,16 to 20
FABER CREST,"1,270,000","1,011.82","1,255",Apr-25,FABER HEIGHTS,Resale,Strata,94,"13,511",-,Condominium,1,99 yrs lease commencing from 1996,05,Outside Central Region,01 to 05
CLEMENTIWOODS CONDOMINIUM,"2,610,000","1,625.36","1,606",Apr-25,WEST COAST ROAD,Resale,Strata,151,"17,285",-,Condominium,1,99 yrs lease commencing from 2006,05,Outside Central Region,01 to 05
THE VERANDAH RESIDENCES,"2,570,000","1,248.62","2,058",Apr-25,PASIR PANJANG ROAD,Resale,Strata,116,"22,155",-,Apartment,1,Freehold,05,Rest of Central Region,01 to 05
KENTVIEW PARK,"1,750,000","1,184.04","1,478",Apr-25,PASIR PANJANG HILL,Resale,Strata,110,"15,909",-,Condominium,1,Freehold,05,Rest of Central Region,01 to 05
PARC CLEMATIS,"935,000",452.09,"2,068",Apr-25,JALAN LEMPENG,Resale,Strata,42,"22,262",-,Apartment,1,99 yrs lease commencing from 2019,05,Outside Central Region,21 to 25
THE TRILINQ,"1,380,000",710.42,"1,943",Apr-25,JALAN LEMPENG,Resale,Strata,66,"20,909",-,Condominium,1,99 yrs lease commencing from 2012,05,Outside Central Region,31 to 35
PARC RIVIERA,"2,020,000","1,151.75","1,754",Apr-25,WEST COAST VALE,Resale,Strata,107,"18,879",-,Condominium,1,99 yrs lease commencing from 2015,05,Outside Central Region,31 to 35
PARC CLEMATIS,"900,000",452.09,"1,991",Apr-25,JALAN LEMPENG,Resale,Strata,42,"21,429",-,Apartment,1,99 yrs lease commencing from 2019,05,Outside Central Region,06 to 10
ONE-NORTH EDEN,"2,628,888","1,119.46","2,348",Mar-25,SLIM BARRACKS RISE,Resale,Strata,104,"25,278",-,Apartment,1,99 yrs lease commencing from 2019,05,Rest of Central Region,01 to 05
PARC CLEMATIS,"1,458,888",721.19,"2,023",Mar-25,JALAN LEMPENG,Resale,Strata,67,"21,774",-,Apartment,1,99 yrs lease commencing from 2019,05,Outside Central Region,11 to 15
HORIZON RESIDENCES,"1,888,888","1,001.05","1,887",Mar-25,PASIR PANJANG HILL,Resale,Strata,93,"20,311",-,Condominium,1,Freehold,05,Rest of Central Region,01 to 05
KENT RIDGE HILL RESIDENCES,"946,000",473.62,"1,997",Mar-25,SOUTH BUONA VISTA ROAD,Sub Sale,Strata,44,"21,500",-,Apartment,1,99 yrs lease commencing from 2018,05,Rest of Central Region,01 to 05
WESTCOVE CONDOMINIUM,"1,300,000","1,173.28","1,108",Mar-25,WEST COAST CRESCENT,Resale,Strata,109,"11,927",-,Condominium,1,99 yrs lease commencing from 1995,05,Outside Central Region,01 to 05
THE FOLIAGE,"895,000",505.91,"1,769",Mar-25,PASIR PANJANG ROAD,Resale,Strata,47,"19,043",-,Condominium,1,Freehold,05,Rest of Central Region,01 to 05
PARC RIVIERA,"2,350,000","1,679.18","1,399",Mar-25,WEST COAST VALE,Resale,Strata,156,"15,064",-,Condominium,1,99 yrs lease commencing from 2015,05,Outside Central Region,36 to 40
PARC CLEMATIS,"3,100,000","1,496.2","2,072",Mar-25,JALAN LEMPENG,Resale,Strata,139,"22,302",-,Apartment,1,99 yrs lease commencing from 2019,05,Outside Central Region,11 to 15
THE MAYLEA,"1,890,000","1,151.75","1,641",Mar-25,PASIR PANJANG ROAD,Resale,Strata,107,"17,664",-,Condominium,1,Freehold,05,Rest of Central Region,01 to 05
HERITAGE VIEW,"1,500,000",968.76,"1,548",Mar-25,DOVER RISE,Resale,Strata,90,"16,667",-,Condominium,1,99 yrs lease commencing from 1996,05,Rest of Central Region,01 to 05
NORMANTON PARK,"1,968,000",914.94,"2,151",Mar-25,NORMANTON PARK,Sub Sale,Strata,85,"23,153",-,Apartment,1,99 yrs lease commencing from 2019,05,Rest of Central Region,06 to 10
DOVER PARKVIEW,"1,360,000",936.47,"1,452",Mar-25,DOVER RISE,Resale,Strata,87,"15,632",-,Condominium,1,99 yrs lease commencing from 1993,05,Rest of Central Region,11 to 15
ONE-NORTH RESIDENCES,"920,000",592.02,"1,554",Mar-25,ONE-NORTH GATEWAY,Resale,Strata,55,"16,727",-,Apartment,1,99 yrs lease commencing from 2005,05,Rest of Central Region,01 to 05
PARC RIVIERA,"780,000",462.85,"1,685",Mar-25,WEST COAST VALE,Resale,Strata,43,"18,140",-,Condominium,1,99 yrs lease commencing from 2015,05,Outside Central Region,06 to 10
VARSITY PARK CONDOMINIUM,"2,938,000","2,152.8","1,365",Mar-25,WEST COAST ROAD,Resale,Strata,200,"14,690",-,Condominium,1,99 yrs lease commencing from 2004,05,Outside Central Region,01 to 05
BOTANNIA,"2,575,000","1,636.13","1,574",Mar-25,WEST COAST PARK,Resale,Strata,152,"16,941",-,Condominium,1,956 yrs lease commencing from 1928,05,Outside Central Region,01 to 05
PARC CLEMATIS,"2,010,000",968.76,"2,075",Mar-25,JALAN LEMPENG,Resale,Strata,90,"22,333",-,Apartment,1,99 yrs lease commencing from 2019,05,Outside Central Region,06 to 10
BAYVILLE CONDOMINIUM,"1,860,000","1,194.8","1,557",Mar-25,SOUTH BUONA VISTA ROAD,Resale,Strata,111,"16,757",-,Condominium,1,Freehold,05,Rest of Central Region,01 to 05
CLAVON,"1,600,000",764.24,"2,094",Mar-25,CLEMENTI AVENUE 1,Sub Sale,Strata,71,"22,535",-,Apartment,1,99 yrs lease commencing from 2019,05,Outside Central Region,31 to 35
PARC CLEMATIS,"1,402,988",688.9,"2,037",Mar-25,JALAN LEMPENG,Resale,Strata,64,"21,922",-,Apartment,1,99 yrs lease commencing from 2019,05,Outside Central Region,11 to 15
WHISTLER GRAND,"900,000",505.91,"1,779",Mar-25,WEST COAST VALE,Resale,Strata,47,"19,149",-,Apartment,1,99 yrs lease commencing from 2018,05,Outside Central Region,11 to 15
CLAVON,"2,030,000",958,"2,119",Mar-25,CLEMENTI AVENUE 1,Sub Sale,Strata,89,"22,809",-,Apartment,1,99 yrs lease commencing from 2019,05,Outside Central Region,01 to 05
NORMANTON PARK,"2,350,000","1,087.16","2,162",Mar-25,NORMANTON PARK,Sub Sale,Strata,101,"23,267",-,Apartment,1,99 yrs lease commencing from 2019,05,Rest of Central Region,11 to 15
NORMANTON PARK,"1,920,000",947.23,"2,027",Mar-25,NORMANTON PARK,Sub Sale,Strata,88,"21,818",-,Apartment,1,99 yrs lease commencing from 2019,05,Rest of Central Region,11 to 15
THE TRILINQ,"1,468,000",753.48,"1,948",Mar-25,JALAN LEMPENG,Resale,Strata,70,"20,971",-,Condominium,1,99 yrs lease commencing from 2012,05,Outside Central Region,21 to 25
DOVER PARKVIEW,"1,760,000","1,248.62","1,410",Mar-25,DOVER RISE,Resale,Strata,116,"15,172",-,Condominium,1,99 yrs lease commencing from 1993,05,Rest of Central Region,01 to 05
PARC CLEMATIS,"985,000",516.67,"1,906",Mar-25,JALAN LEMPENG,Resale,Strata,48,"20,521",-,Apartment,1,99 yrs lease commencing from 2019,05,Outside Central Region,01 to 05
CLAVON,"1,600,000",764.24,"2,094",Mar-25,CLEMENTI AVENUE 1,Sub Sale,Strata,71,"22,535",-,Apartment,1,99 yrs lease commencing from 2019,05,Outside Central Region,16 to 20
SEAHILL,"805,000",495.14,"1,626",Mar-25,WEST COAST CRESCENT,Resale,Strata,46,"17,500",-,Condominium,1,99 yrs lease commencing from 2011,05,Outside Central Region,06 to 10
NORMANTON PARK,"1,480,000",775.01,"1,910",Mar-25,NORMANTON PARK,Sub Sale,Strata,72,"20,556",-,Apartment,1,99 yrs lease commencing from 2019,05,Rest of Central Region,11 to 15
HERITAGE VIEW,"1,850,000","1,313.21","1,409",Mar-25,DOVER RISE,Resale,Strata,122,"15,164",-,Condominium,1,99 yrs lease commencing from 1996,05,Rest of Central Region,16 to 20
NORMANTON PARK,"1,080,000",516.67,"2,090",Mar-25,NORMANTON PARK,Sub Sale,Strata,48,"22,500",-,Apartment,1,99 yrs lease commencing from 2019,05,Rest of Central Region,21 to 25
THE VERANDAH RESIDENCES,"1,100,000",527.44,"2,086",Mar-25,PASIR PANJANG ROAD,Resale,Strata,49,"22,449",-,Apartment,1,Freehold,05,Rest of Central Region,01 to 05
CLAVON,"3,300,000","1,582.31","2,086",Mar-25,CLEMENTI AVENUE 1,Sub Sale,Strata,147,"22,449",-,Apartment,1,99 yrs lease commencing from 2019,05,Outside Central Region,06 to 10
NORMANTON PARK,"1,100,000",527.44,"2,086",Mar-25,NORMANTON PARK,Sub Sale,Strata,49,"22,449",-,Apartment,1,99 yrs lease commencing from 2019,05,Rest of Central Region,21 to 25
VARSITY PARK CONDOMINIUM,"2,225,000","1,453.14","1,531",Mar-25,WEST COAST ROAD,Resale,Strata,135,"16,481",-,Condominium,1,99 yrs lease commencing from 2004,05,Outside Central Region,01 to 05
PARC RIVIERA,"2,140,000","1,184.04","1,807",Mar-25,WEST COAST VALE,Resale,Strata,110,"19,455",-,Condominium,1,99 yrs lease commencing from 2015,05,Outside Central Region,21 to 25
SEAHILL,"800,000",516.67,"1,548",Mar-25,WEST COAST CRESCENT,Resale,Strata,48,"16,667",-,Condominium,1,99 yrs lease commencing from 2011,05,Outside Central Region,16 to 20
PARC CLEMATIS,"1,405,000",688.9,"2,039",Mar-25,JALAN LEMPENG,Resale,Strata,64,"21,953",-,Apartment,1,99 yrs lease commencing from 2019,05,Outside Central Region,21 to 25
THE ORIENT,"1,230,000",624.31,"1,970",Mar-25,PASIR PANJANG ROAD,Resale,Strata,58,"21,207",-,Apartment,1,Freehold,05,Rest of Central Region,01 to 05
THE ORIENT,"1,300,000",721.19,"1,803",Mar-25,PASIR PANJANG ROAD,Resale,Strata,67,"19,403",-,Apartment,1,Freehold,05,Rest of Central Region,01 to 05
THE INFINITI,"2,450,000","1,496.2","1,637",Mar-25,WEST COAST PARK,Resale,Strata,139,"17,626",-,Condominium,1,Freehold,05,Outside Central Region,01 to 05
THE INFINITI,"1,600,000",925.7,"1,728",Mar-25,WEST COAST PARK,Resale,Strata,86,"18,605",-,Condominium,1,Freehold,05,Outside Central Region,11 to 15
CLAVON,"1,550,000",764.24,"2,028",Mar-25,CLEMENTI AVENUE 1,Sub Sale,Strata,71,"21,831",-,Apartment,1,99 yrs lease commencing from 2019,05,Outside Central Region,01 to 05
THE TRILINQ,"2,165,000","1,108.69","1,953",Mar-25,JALAN LEMPENG,Resale,Strata,103,"21,019",-,Condominium,1,99 yrs lease commencing from 2012,05,Outside Central Region,11 to 15
NORMANTON PARK,"1,280,000",656.6,"1,949",Mar-25,NORMANTON PARK,Sub Sale,Strata,61,"20,984",-,Apartment,1,99 yrs lease commencing from 2019,05,Rest of Central Region,01 to 05
THE VERANDAH RESIDENCES,"983,800",484.38,"2,031",Mar-25,PASIR PANJANG ROAD,Resale,Strata,45,"21,862",-,Apartment,1,Freehold,05,Rest of Central Region,01 to 05
TWIN VEW,"2,088,000","1,140.98","1,830",Mar-25,WEST COAST VALE,Resale,Strata,106,"19,698",-,Apartment,1,99 yrs lease commencing from 2017,05,Outside Central Region,01 to 05
ONE-NORTH RESIDENCES,"2,350,000","1,313.21","1,790",Mar-25,ONE-NORTH GATEWAY,Resale,Strata,122,"19,262",-,Apartment,1,99 yrs lease commencing from 2005,05,Rest of Central Region,01 to 05
WHISTLER GRAND,"1,170,000",602.78,"1,941",Mar-25,WEST COAST VALE,Resale,Strata,56,"20,893",-,Apartment,1,99 yrs lease commencing from 2018,05,Outside Central Region,26 to 30
WEST-N,"2,050,000","1,216.33","1,685",Mar-25,PASIR PANJANG ROAD,Resale,Strata,113,"18,142",-,Apartment,1,Freehold,05,Rest of Central Region,01 to 05
THE TRILINQ,"905,000",538.2,"1,682",Mar-25,JALAN LEMPENG,Resale,Strata,50,"18,100",-,Condominium,1,99 yrs lease commencing from 2012,05,Outside Central Region,06 to 10
CLEMENTIWOODS CONDOMINIUM,"2,500,000","1,819.12","1,374",Mar-25,WEST COAST ROAD,Resale,Strata,169,"14,793",-,Condominium,1,99 yrs lease commencing from 2006,05,Outside Central Region,01 to 05
THE CLEMENT CANOPY,"2,053,000",990.29,"2,073",Mar-25,CLEMENTI AVENUE 1,Resale,Strata,92,"22,315",-,Apartment,1,99 yrs lease commencing from 2016,05,Outside Central Region,36 to 40
BLUE HORIZON,"1,760,000","1,162.51","1,514",Mar-25,WEST COAST CRESCENT,Resale,Strata,108,"16,296",-,Condominium,1,99 yrs lease commencing from 2000,05,Outside Central Region,16 to 20
BOTANNIA,"3,008,000","1,593.07","1,888",Mar-25,WEST COAST PARK,Resale,Strata,148,"20,324",-,Condominium,1,956 yrs lease commencing from 1928,05,Outside Central Region,06 to 10
DOVER PARKVIEW,"1,280,000",936.47,"1,367",Mar-25,DOVER RISE,Resale,Strata,87,"14,713",-,Condominium,1,99 yrs lease commencing from 1993,05,Rest of Central Region,01 to 05
NORMANTON PARK,"1,530,000",731.95,"2,090",Mar-25,NORMANTON PARK,Sub Sale,Strata,68,"22,500",-,Apartment,1,99 yrs lease commencing from 2019,05,Rest of Central Region,06 to 10
THE CLEMENT CANOPY,"2,008,000",990.29,"2,028",Mar-25,CLEMENTI AVENUE 1,Resale,Strata,92,"21,826",-,Apartment,1,99 yrs lease commencing from 2016,05,Outside Central Region,26 to 30
BOTANNIA,"1,560,000",904.18,"1,725",Mar-25,WEST COAST PARK,Resale,Strata,84,"18,571",-,Condominium,1,956 yrs lease commencing from 1928,05,Outside Central Region,01 to 05
THE ROCHESTER RESIDENCES,"1,250,000",839.59,"1,489",Mar-25,ROCHESTER DRIVE,Resale,Strata,78,"16,026",-,Apartment,1,99 yrs lease commencing from 2005,05,Rest of Central Region,06 to 10
CLAVON,"1,388,000",678.13,"2,047",Mar-25,CLEMENTI AVENUE 1,Sub Sale,Strata,63,"22,032",-,Apartment,1,99 yrs lease commencing from 2019,05,Outside Central Region,21 to 25
PARC RIVIERA,"990,000",602.78,"1,642",Mar-25,WEST COAST VALE,Resale,Strata,56,"17,679",-,Condominium,1,99 yrs lease commencing from 2015,05,Outside Central Region,21 to 25
PARC RIVIERA,"1,588,000",904.18,"1,756",Mar-25,WEST COAST VALE,Resale,Strata,84,"18,905",-,Condominium,1,99 yrs lease commencing from 2015,05,Outside Central Region,31 to 35
THE PARC CONDOMINIUM,"2,600,000","1,345.5","1,932",Mar-25,WEST COAST WALK,Resale,Strata,125,"20,800",-,Condominium,1,Freehold,05,Outside Central Region,21 to 25
PARC CLEMATIS,"2,500,000","1,044.11","2,394",Mar-25,JALAN LEMPENG,Resale,Strata,97,"25,773",-,Apartment,1,99 yrs lease commencing from 2019,05,Outside Central Region,06 to 10
THE CLEMENT CANOPY,"2,080,000","1,162.51","1,789",Mar-25,CLEMENTI AVENUE 1,Resale,Strata,108,"19,259",-,Apartment,1,99 yrs lease commencing from 2016,05,Outside Central Region,36 to 40
SEAHILL,"780,000",495.14,"1,575",Mar-25,WEST COAST CRESCENT,Resale,Strata,46,"16,957",-,Condominium,1,99 yrs lease commencing from 2011,05,Outside Central Region,06 to 10
VARSITY PARK CONDOMINIUM,"2,310,000","1,345.5","1,717",Mar-25,WEST COAST ROAD,Resale,Strata,125,"18,480",-,Condominium,1,99 yrs lease commencing from 2004,05,Outside Central Region,01 to 05
THE INFINITI,"2,465,000","1,496.2","1,648",Mar-25,WEST COAST PARK,Resale,Strata,139,"17,734",-,Condominium,1,Freehold,05,Outside Central Region,01 to 05
WHISTLER GRAND,"1,870,000",958,"1,952",Mar-25,WEST COAST VALE,Resale,Strata,89,"21,011",-,Apartment,1,99 yrs lease commencing from 2018,05,Outside Central Region,06 to 10
WHISTLER GRAND,"1,168,888",602.78,"1,939",Mar-25,WEST COAST VALE,Resale,Strata,56,"20,873",-,Apartment,1,99 yrs lease commencing from 2018,05,Outside Central Region,21 to 25
DOVER PARKVIEW,"1,980,000","1,280.92","1,546",Mar-25,DOVER RISE,Resale,Strata,119,"16,639",-,Condominium,1,99 yrs lease commencing from 1993,05,Rest of Central Region,11 to 15
NORMANTON PARK,"1,920,000",968.76,"1,982",Mar-25,NORMANTON PARK,Sub Sale,Strata,90,"21,333",-,Apartment,1,99 yrs lease commencing from 2019,05,Rest of Central Region,16 to 20
DOVER PARKVIEW,"1,380,000",968.76,"1,425",Mar-25,DOVER RISE,Resale,Strata,90,"15,333",-,Condominium,1,99 yrs lease commencing from 1993,05,Rest of Central Region,01 to 05
THE STELLAR,"2,588,000","1,485.43","1,742",Mar-25,WEST COAST ROAD,Resale,Strata,138,"18,754",-,Condominium,1,Freehold,05,Outside Central Region,01 to 05
SEAHILL,"1,800,000","1,044.11","1,724",Mar-25,WEST COAST CRESCENT,Resale,Strata,97,"18,557",-,Condominium,1,99 yrs lease commencing from 2011,05,Outside Central Region,11 to 15
CLAVON,"1,558,888",764.24,"2,040",Mar-25,CLEMENTI AVENUE 1,Sub Sale,Strata,71,"21,956",-,Apartment,1,99 yrs lease commencing from 2019,05,Outside Central Region,26 to 30
PARC IMPERIAL,"788,000",398.27,"1,979",Mar-25,PASIR PANJANG ROAD,Resale,Strata,37,"21,297",-,Condominium,1,Freehold,05,Rest of Central Region,01 to 05
VARSITY PARK CONDOMINIUM,"2,320,000","1,463.9","1,585",Mar-25,WEST COAST ROAD,Resale,Strata,136,"17,059",-,Condominium,1,99 yrs lease commencing from 2004,05,Outside Central Region,01 to 05
DOVER PARKVIEW,"1,470,000",968.76,"1,517",Mar-25,DOVER RISE,Resale,Strata,90,"16,333",-,Condominium,1,99 yrs lease commencing from 1993,05,Rest of Central Region,11 to 15
THE TRILINQ,"1,780,000",914.94,"1,945",Mar-25,JALAN LEMPENG,Resale,Strata,85,"20,941",-,Condominium,1,99 yrs lease commencing from 2012,05,Outside Central Region,06 to 10
DOVER PARKVIEW,"1,320,000",968.76,"1,363",Mar-25,DOVER RISE,Resale,Strata,90,"14,667",-,Condominium,1,99 yrs lease commencing from 1993,05,Rest of Central Region,01 to 05
HARBOUR VIEW GARDENS,"1,237,000",624.31,"1,981",Mar-25,PASIR PANJANG ROAD,Resale,Strata,58,"21,328",-,Apartment,1,Freehold,05,Rest of Central Region,01 to 05
CLAVON,"2,510,000","1,130.22","2,221",Mar-25,CLEMENTI AVENUE 1,Sub Sale,Strata,105,"23,905",-,Apartment,1,99 yrs lease commencing from 2019,05,Outside Central Region,26 to 30
TWIN VEW,"1,660,000",904.18,"1,836",Mar-25,WEST COAST VALE,Resale,Strata,84,"19,762",-,Apartment,1,99 yrs lease commencing from 2017,05,Outside Central Region,01 to 05
THE ROCHESTER RESIDENCES,"1,554,000","1,280.92","1,213",Mar-25,ROCHESTER DRIVE,Resale,Strata,119,"13,059",-,Apartment,1,99 yrs lease commencing from 2005,05,Rest of Central Region,06 to 10
THE TRILINQ,"1,333,888",710.42,"1,878",Mar-25,JALAN LEMPENG,Resale,Strata,66,"20,210",-,Condominium,1,99 yrs lease commencing from 2012,05,Outside Central Region,21 to 25
VENTANA,"1,680,000","1,130.22","1,486",Mar-25,PASIR PANJANG HILL,Resale,Strata,105,"16,000",-,Apartment,1,Freehold,05,Rest of Central Region,01 to 05
BLUE HORIZON,"1,650,000","1,151.75","1,433",Mar-25,WEST COAST CRESCENT,Resale,Strata,107,"15,421",-,Condominium,1,99 yrs lease commencing from 2000,05,Outside Central Region,06 to 10
PARC RIVIERA,"1,125,000",645.84,"1,742",Mar-25,WEST COAST VALE,Resale,Strata,60,"18,750",-,Condominium,1,99 yrs lease commencing from 2015,05,Outside Central Region,31 to 35
WHISTLER GRAND,"2,100,000","1,065.64","1,971",Mar-25,WEST COAST VALE,Resale,Strata,99,"21,212",-,Apartment,1,99 yrs lease commencing from 2018,05,Outside Central Region,16 to 20
NORMANTON PARK,"2,088,000",936.47,"2,230",Mar-25,NORMANTON PARK,Sub Sale,Strata,87,"24,000",-,Apartment,1,99 yrs lease commencing from 2019,05,Rest of Central Region,16 to 20
THE TRILINQ,"975,000",538.2,"1,812",Mar-25,JALAN LEMPENG,Resale,Strata,50,"19,500",-,Condominium,1,99 yrs lease commencing from 2012,05,Outside Central Region,31 to 35
VILLAGE @ PASIR PANJANG,"1,880,000","1,011.82","1,858",Mar-25,PASIR PANJANG ROAD,Resale,Strata,94,"20,000",-,Condominium,1,Freehold,05,Rest of Central Region,01 to 05
NORMANTON PARK,"1,900,000",968.76,"1,961",Mar-25,NORMANTON PARK,Sub Sale,Strata,90,"21,111",-,Apartment,1,99 yrs lease commencing from 2019,05,Rest of Central Region,11 to 15
PARC CLEMATIS,"2,008,888",990.29,"2,029",Mar-25,JALAN LEMPENG,Resale,Strata,92,"21,836",-,Apartment,1,99 yrs lease commencing from 2019,05,Outside Central Region,11 to 15
PARC CLEMATIS,"1,380,000",688.9,"2,003",Mar-25,JALAN LEMPENG,Resale,Strata,64,"21,563",-,Apartment,1,99 yrs lease commencing from 2019,05,Outside Central Region,06 to 10
THE ROCHESTER RESIDENCES,"2,150,000","1,205.57","1,783",Feb-25,ROCHESTER DRIVE,Resale,Strata,112,"19,196",-,Apartment,1,99 yrs lease commencing from 2005,05,Rest of Central Region,31 to 35
WHISTLER GRAND,"1,180,000",602.78,"1,958",Feb-25,WEST COAST VALE,Resale,Strata,56,"21,071",-,Apartment,1,99 yrs lease commencing from 2018,05,Outside Central Region,26 to 30
NORMANTON PARK,"3,500,000","1,614.6","2,168",Feb-25,NORMANTON PARK,Sub Sale,Strata,150,"23,333",-,Apartment,1,99 yrs lease commencing from 2019,05,Rest of Central Region,11 to 15
CLAVON,"1,485,000",764.24,"1,943",Feb-25,CLEMENTI AVENUE 1,Sub Sale,Strata,71,"20,915",-,Apartment,1,99 yrs lease commencing from 2019,05,Outside Central Region,01 to 05
CLAVON,"1,050,000",527.44,"1,991",Feb-25,CLEMENTI AVENUE 1,Sub Sale,Strata,49,"21,429",-,Apartment,1,99 yrs lease commencing from 2019,05,Outside Central Region,06 to 10
WHISTLER GRAND,"1,140,000",613.55,"1,858",Feb-25,WEST COAST VALE,Resale,Strata,57,"20,000",-,Apartment,1,99 yrs lease commencing from 2018,05,Outside Central Region,11 to 15
SEAHILL,"1,185,000",785.77,"1,508",Feb-25,WEST COAST CRESCENT,Resale,Strata,73,"16,233",-,Condominium,1,99 yrs lease commencing from 2011,05,Outside Central Region,06 to 10
CLAVON,"1,608,000",764.24,"2,104",Feb-25,CLEMENTI AVENUE 1,Sub Sale,Strata,71,"22,648",-,Apartment,1,99 yrs lease commencing from 2019,05,Outside Central Region,21 to 25
WEST BAY CONDOMINIUM,"1,048,000",850.36,"1,232",Feb-25,WEST COAST CRESCENT,Resale,Strata,79,"13,266",-,Condominium,1,99 yrs lease commencing from 1991,05,Outside Central Region,01 to 05
DOVER PARKVIEW,"2,000,000","1,291.68","1,548",Feb-25,DOVER RISE,Resale,Strata,120,"16,667",-,Condominium,1,99 yrs lease commencing from 1993,05,Rest of Central Region,16 to 20
BOTANNIA,"2,475,000","1,614.6","1,533",Feb-25,WEST COAST PARK,Resale,Strata,150,"16,500",-,Condominium,1,956 yrs lease commencing from 1928,05,Outside Central Region,01 to 05
NORMANTON PARK,"1,548,000",764.24,"2,026",Feb-25,NORMANTON PARK,Sub Sale,Strata,71,"21,803",-,Apartment,1,99 yrs lease commencing from 2019,05,Rest of Central Region,16 to 20
ONE-NORTH RESIDENCES,"2,300,000","1,334.74","1,723",Feb-25,ONE-NORTH GATEWAY,Resale,Strata,124,"18,548",-,Apartment,1,99 yrs lease commencing from 2005,05,Rest of Central Region,06 to 10
BUONA LODGE,"2,480,000","1,636.13","1,516",Feb-25,ZEHNDER ROAD,Resale,Strata,152,"16,316",-,Condominium,1,Freehold,05,Rest of Central Region,01 to 05
BLUE HORIZON,"1,270,000",958,"1,326",Feb-25,WEST COAST CRESCENT,Resale,Strata,89,"14,270",-,Condominium,1,99 yrs lease commencing from 2000,05,Outside Central Region,06 to 10
THE ROCHESTER RESIDENCES,"1,353,000",861.12,"1,571",Feb-25,ROCHESTER DRIVE,Resale,Strata,80,"16,913",-,Apartment,1,99 yrs lease commencing from 2005,05,Rest of Central Region,16 to 20
THE ROCHESTER RESIDENCES,"2,168,000","1,302.44","1,665",Feb-25,ROCHESTER DRIVE,Resale,Strata,121,"17,917",-,Apartment,1,99 yrs lease commencing from 2005,05,Rest of Central Region,31 to 35
PARC CLEMATIS,"2,251,688","1,044.11","2,157",Feb-25,JALAN LEMPENG,Resale,Strata,97,"23,213",-,Apartment,1,99 yrs lease commencing from 2019,05,Outside Central Region,01 to 05
CLAVON,"1,920,000",958,"2,004",Feb-25,CLEMENTI AVENUE 1,Sub Sale,Strata,89,"21,573",-,Apartment,1,99 yrs lease commencing from 2019,05,Outside Central Region,01 to 05
THE SORRENTO,"860,000",462.85,"1,858",Feb-25,WEST COAST ROAD,Resale,Strata,43,"20,000",-,Condominium,1,Freehold,05,Outside Central Region,01 to 05
WHISTLER GRAND,"1,170,000",602.78,"1,941",Feb-25,WEST COAST VALE,Resale,Strata,56,"20,893",-,Apartment,1,99 yrs lease commencing from 2018,05,Outside Central Region,31 to 35
ONE-NORTH RESIDENCES,"1,830,000",979.52,"1,868",Feb-25,ONE-NORTH GATEWAY,Resale,Strata,91,"20,110",-,Apartment,1,99 yrs lease commencing from 2005,05,Rest of Central Region,06 to 10
CARABELLE,"1,590,000",882.65,"1,801",Feb-25,WEST COAST WAY,Resale,Strata,82,"19,390",-,Condominium,1,956 yrs lease commencing from 1928,05,Outside Central Region,11 to 15
HUNDRED TREES,"1,635,000",914.94,"1,787",Feb-25,WEST COAST DRIVE,Resale,Strata,85,"19,235",-,Condominium,1,956 yrs lease commencing from 1928,05,Outside Central Region,01 to 05
THE PARC CONDOMINIUM,"2,606,000","1,291.68","2,018",Feb-25,WEST COAST WALK,Resale,Strata,120,"21,717",-,Condominium,1,Freehold,05,Outside Central Region,11 to 15
THE PARC CONDOMINIUM,"1,180,000",667.37,"1,768",Feb-25,WEST COAST WALK,Resale,Strata,62,"19,032",-,Condominium,1,Freehold,05,Outside Central Region,06 to 10
HORIZON RESIDENCES,"1,930,000",990.29,"1,949",Feb-25,PASIR PANJANG HILL,Resale,Strata,92,"20,978",-,Condominium,1,Freehold,05,Rest of Central Region,01 to 05
KENT RIDGE HILL RESIDENCES,"1,485,000",775.01,"1,916",Feb-25,SOUTH BUONA VISTA ROAD,Sub Sale,Strata,72,"20,625",-,Apartment,1,99 yrs lease commencing from 2018,05,Rest of Central Region,01 to 05
THE TRILINQ,"1,735,000",914.94,"1,896",Feb-25,JALAN LEMPENG,Resale,Strata,85,"20,412",-,Condominium,1,99 yrs lease commencing from 2012,05,Outside Central Region,01 to 05
THE CLEMENT CANOPY,"1,295,000",656.6,"1,972",Feb-25,CLEMENTI AVENUE 1,Resale,Strata,61,"21,230",-,Apartment,1,99 yrs lease commencing from 2016,05,Outside Central Region,06 to 10
THE CLEMENT CANOPY,"2,050,000",990.29,"2,070",Feb-25,CLEMENTI AVENUE 1,Resale,Strata,92,"22,283",-,Apartment,1,99 yrs lease commencing from 2016,05,Outside Central Region,36 to 40
CLAVON,"1,180,000",527.44,"2,237",Feb-25,CLEMENTI AVENUE 1,Sub Sale,Strata,49,"24,082",-,Apartment,1,99 yrs lease commencing from 2019,05,Outside Central Region,36 to 40
PARC RIVIERA,"1,765,000",990.29,"1,782",Feb-25,WEST COAST VALE,Resale,Strata,92,"19,185",-,Condominium,1,99 yrs lease commencing from 2015,05,Outside Central Region,11 to 15
PARC RIVIERA,"955,000",602.78,"1,584",Feb-25,WEST COAST VALE,Resale,Strata,56,"17,054",-,Condominium,1,99 yrs lease commencing from 2015,05,Outside Central Region,01 to 05
CLAVON,"1,480,000",764.24,"1,937",Feb-25,CLEMENTI AVENUE 1,Sub Sale,Strata,71,"20,845",-,Apartment,1,99 yrs lease commencing from 2019,05,Outside Central Region,01 to 05
CLAVON,"1,510,000",764.24,"1,976",Feb-25,CLEMENTI AVENUE 1,Sub Sale,Strata,71,"21,268",-,Apartment,1,99 yrs lease commencing from 2019,05,Outside Central Region,11 to 15
DOVER PARKVIEW,"1,385,000",936.47,"1,479",Feb-25,DOVER RISE,Resale,Strata,87,"15,920",-,Condominium,1,99 yrs lease commencing from 1993,05,Rest of Central Region,16 to 20
KENT RIDGE HILL RESIDENCES,"1,635,000",904.18,"1,808",Feb-25,SOUTH BUONA VISTA ROAD,Sub Sale,Strata,84,"19,464",-,Apartment,1,99 yrs lease commencing from 2018,05,Rest of Central Region,01 to 05
PARC CLEMATIS,"1,120,000",699.66,"1,601",Feb-25,JALAN LEMPENG,Sub Sale,Strata,65,"17,231",-,Apartment,1,99 yrs lease commencing from 2019,05,Outside Central Region,21 to 25
REGENT PARK,"1,260,000",968.76,"1,301",Feb-25,JALAN LEMPENG,Resale,Strata,90,"14,000",-,Condominium,1,99 yrs lease commencing from 1993,05,Outside Central Region,01 to 05
THE STELLAR,"2,280,000","1,388.56","1,642",Feb-25,WEST COAST ROAD,Resale,Strata,129,"17,674",-,Condominium,1,Freehold,05,Outside Central Region,01 to 05
THE INFINITI,"1,930,000","1,345.5","1,434",Feb-25,WEST COAST PARK,Resale,Strata,125,"15,440",-,Condominium,1,Freehold,05,Outside Central Region,01 to 05
NORMANTON PARK,"2,920,000","1,313.21","2,224",Feb-25,NORMANTON PARK,Sub Sale,Strata,122,"23,934",-,Apartment,1,99 yrs lease commencing from 2019,05,Rest of Central Region,16 to 20
WATERFRONT @ FABER,"1,770,000","1,173.28","1,509",Feb-25,FABER WALK,Resale,Strata,109,"16,239",-,Apartment,1,99 yrs lease commencing from 2013,05,Outside Central Region,01 to 05
NORMANTON PARK,"1,368,000",656.6,"2,083",Feb-25,NORMANTON PARK,Sub Sale,Strata,61,"22,426",-,Apartment,1,99 yrs lease commencing from 2019,05,Rest of Central Region,16 to 20
ONE-NORTH EDEN,"1,678,900",688.9,"2,437",Feb-25,SLIM BARRACKS RISE,Sub Sale,Strata,64,"26,233",-,Apartment,1,99 yrs lease commencing from 2019,05,Rest of Central Region,06 to 10
CLAVON,"1,400,000",764.24,"1,832",Feb-25,CLEMENTI AVENUE 1,Sub Sale,Strata,71,"19,718",-,Apartment,1,99 yrs lease commencing from 2019,05,Outside Central Region,01 to 05
ONE-NORTH EDEN,"1,850,000",785.77,"2,354",Feb-25,SLIM BARRACKS RISE,Sub Sale,Strata,73,"25,342",-,Apartment,1,99 yrs lease commencing from 2019,05,Rest of Central Region,06 to 10
TWIN VEW,"2,400,000","1,248.62","1,922",Feb-25,WEST COAST VALE,Resale,Strata,116,"20,690",-,Apartment,1,99 yrs lease commencing from 2017,05,Outside Central Region,16 to 20
WHISTLER GRAND,"1,915,000",990.29,"1,934",Feb-25,WEST COAST VALE,Resale,Strata,92,"20,815",-,Apartment,1,99 yrs lease commencing from 2018,05,Outside Central Region,16 to 20
THE ROCHESTER RESIDENCES,"1,450,000",871.88,"1,663",Feb-25,ROCHESTER DRIVE,Resale,Strata,81,"17,901",-,Apartment,1,99 yrs lease commencing from 2005,05,Rest of Central Region,16 to 20
CLEMENTIWOODS CONDOMINIUM,"1,540,000","1,054.87","1,460",Feb-25,WEST COAST ROAD,Resale,Strata,98,"15,714",-,Condominium,1,99 yrs lease commencing from 2006,05,Outside Central Region,01 to 05
CLAVON,"1,540,000",764.24,"2,015",Feb-25,CLEMENTI AVENUE 1,Sub Sale,Strata,71,"21,690",-,Apartment,1,99 yrs lease commencing from 2019,05,Outside Central Region,11 to 15
PARC CLEMATIS,"920,000",505.91,"1,819",Feb-25,JALAN LEMPENG,Sub Sale,Strata,47,"19,574",-,Apartment,1,99 yrs lease commencing from 2019,05,Outside Central Region,01 to 05
NORMANTON PARK,"2,770,000","1,313.21","2,109",Feb-25,NORMANTON PARK,Sub Sale,Strata,122,"22,705",-,Apartment,1,99 yrs lease commencing from 2019,05,Rest of Central Region,06 to 10
THE CLEMENT CANOPY,"1,950,000",990.29,"1,969",Feb-25,CLEMENTI AVENUE 1,Resale,Strata,92,"21,196",-,Apartment,1,99 yrs lease commencing from 2016,05,Outside Central Region,11 to 15
BLUE HORIZON,"1,545,000","1,184.04","1,305",Feb-25,WEST COAST CRESCENT,Resale,Strata,110,"14,045",-,Condominium,1,99 yrs lease commencing from 2000,05,Outside Central Region,01 to 05
THE CLEMENT CANOPY,"1,255,000",656.6,"1,911",Feb-25,CLEMENTI AVENUE 1,Resale,Strata,61,"20,574",-,Apartment,1,99 yrs lease commencing from 2016,05,Outside Central Region,31 to 35
PARC RIVIERA,"1,200,000",710.42,"1,689",Feb-25,WEST COAST VALE,Resale,Strata,66,"18,182",-,Condominium,1,99 yrs lease commencing from 2015,05,Outside Central Region,16 to 20
VARSITY PARK CONDOMINIUM,"3,200,000","2,346.55","1,364",Feb-25,WEST COAST ROAD,Resale,Strata,218,"14,679",-,Condominium,1,99 yrs lease commencing from 2004,05,Outside Central Region,01 to 05
PARC RIVIERA,"1,500,888",904.18,"1,660",Feb-25,WEST COAST VALE,Resale,Strata,84,"17,868",-,Condominium,1,99 yrs lease commencing from 2015,05,Outside Central Region,11 to 15
PARC RIVIERA,"1,250,000",710.42,"1,760",Feb-25,WEST COAST VALE,Resale,Strata,66,"18,939",-,Condominium,1,99 yrs lease commencing from 2015,05,Outside Central Region,26 to 30
THE CLEMENT CANOPY,"2,095,000","1,108.69","1,890",Feb-25,CLEMENTI AVENUE 1,Resale,Strata,103,"20,340",-,Apartment,1,99 yrs lease commencing from 2016,05,Outside Central Region,06 to 10
CLAVON,"3,235,000","1,582.31","2,044",Feb-25,CLEMENTI AVENUE 1,Sub Sale,Strata,147,"22,007",-,Apartment,1,99 yrs lease commencing from 2019,05,Outside Central Region,21 to 25
PARC CLEMATIS,"2,485,000","1,044.11","2,380",Feb-25,JALAN LEMPENG,Sub Sale,Strata,97,"25,619",-,Apartment,1,99 yrs lease commencing from 2019,05,Outside Central Region,01 to 05
THE MAYLEA,"2,000,000","1,227.1","1,630",Feb-25,PASIR PANJANG ROAD,Resale,Strata,114,"17,544",-,Condominium,1,Freehold,05,Rest of Central Region,01 to 05
BLUE HORIZON,"1,700,000","1,151.75","1,476",Feb-25,WEST COAST CRESCENT,Resale,Strata,107,"15,888",-,Condominium,1,99 yrs lease commencing from 2000,05,Outside Central Region,06 to 10
NORMANTON PARK,"2,038,000",936.47,"2,176",Feb-25,NORMANTON PARK,Sub Sale,Strata,87,"23,425",-,Apartment,1,99 yrs lease commencing from 2019,05,Rest of Central Region,21 to 25
CLAVON,"1,398,000",678.13,"2,062",Feb-25,CLEMENTI AVENUE 1,Sub Sale,Strata,63,"22,190",-,Apartment,1,99 yrs lease commencing from 2019,05,Outside Central Region,21 to 25
CLAVON,"1,550,000",764.24,"2,028",Feb-25,CLEMENTI AVENUE 1,Sub Sale,Strata,71,"21,831",-,Apartment,1,99 yrs lease commencing from 2019,05,Outside Central Region,06 to 10
CLAVON,"3,080,000","1,356.26","2,271",Feb-25,CLEMENTI AVENUE 1,Sub Sale,Strata,126,"24,444",-,Apartment,1,99 yrs lease commencing from 2019,05,Outside Central Region,31 to 35
PARC IMPERIAL,"790,000",398.27,"1,984",Feb-25,PASIR PANJANG ROAD,Resale,Strata,37,"21,351",-,Condominium,1,Freehold,05,Rest of Central Region,01 to 05
NORMANTON PARK,"1,388,000",656.6,"2,114",Feb-25,NORMANTON PARK,Sub Sale,Strata,61,"22,754",-,Apartment,1,99 yrs lease commencing from 2019,05,Rest of Central Region,11 to 15
CLAVON,"1,650,000",764.24,"2,159",Feb-25,CLEMENTI AVENUE 1,Sub Sale,Strata,71,"23,239",-,Apartment,1,99 yrs lease commencing from 2019,05,Outside Central Region,31 to 35
PALISADES,"4,000,000","3,982.68","1,004",Feb-25,PASIR PANJANG ROAD,Resale,Strata,370,"10,811",-,Condominium,1,Freehold,05,Rest of Central Region,01 to 05
VARSITY PARK CONDOMINIUM,"2,008,000","1,291.68","1,555",Feb-25,WEST COAST ROAD,Resale,Strata,120,"16,733",-,Condominium,1,99 yrs lease commencing from 2004,05,Outside Central Region,01 to 05
BOTANNIA,"2,260,000","1,270.15","1,779",Feb-25,WEST COAST PARK,Resale,Strata,118,"19,153",-,Condominium,1,956 yrs lease commencing from 1928,05,Outside Central Region,01 to 05
PARC RIVIERA,"1,020,000",602.78,"1,692",Feb-25,WEST COAST VALE,Resale,Strata,56,"18,214",-,Condominium,1,99 yrs lease commencing from 2015,05,Outside Central Region,31 to 35
TWIN VEW,"1,280,000",710.42,"1,802",Feb-25,WEST COAST VALE,Resale,Strata,66,"19,394",-,Apartment,1,99 yrs lease commencing from 2017,05,Outside Central Region,26 to 30
PARC CLEMATIS,"1,393,000",688.9,"2,022",Feb-25,JALAN LEMPENG,Sub Sale,Strata,64,"21,766",-,Apartment,1,99 yrs lease commencing from 2019,05,Outside Central Region,11 to 15
LE HILL CONDOMINIUM,"1,868,000","1,334.74","1,400",Feb-25,PASIR PANJANG HILL,Resale,Strata,124,"15,065",-,Condominium,1,Freehold,05,Rest of Central Region,01 to 05
HARBOUR VIEW GARDENS,"1,200,000",635.08,"1,890",Feb-25,PASIR PANJANG ROAD,Resale,Strata,59,"20,339",-,Apartment,1,Freehold,05,Rest of Central Region,01 to 05
SEAHILL,"1,280,000",785.77,"1,629",Feb-25,WEST COAST CRESCENT,Resale,Strata,73,"17,534",-,Condominium,1,99 yrs lease commencing from 2011,05,Outside Central Region,06 to 10
THE VISION,"2,050,000","1,313.21","1,561",Jan-25,WEST COAST CRESCENT,Resale,Strata,122,"16,803",-,Condominium,1,99 yrs lease commencing from 2008,05,Outside Central Region,06 to 10
CLAVON,"1,598,888",764.24,"2,092",Jan-25,CLEMENTI AVENUE 1,Sub Sale,Strata,71,"22,520",-,Apartment,1,99 yrs lease commencing from 2019,05,Outside Central Region,21 to 25
THE TRILINQ,"938,000",538.2,"1,743",Jan-25,JALAN LEMPENG,Resale,Strata,50,"18,760",-,Condominium,1,99 yrs lease commencing from 2012,05,Outside Central Region,16 to 20
THE PARC CONDOMINIUM,"1,030,000",667.37,"1,543",Jan-25,WEST COAST WALK,Resale,Strata,62,"16,613",-,Condominium,1,Freehold,05,Outside Central Region,11 to 15
HERITAGE VIEW,"1,500,000",968.76,"1,548",Jan-25,DOVER RISE,Resale,Strata,90,"16,667",-,Condominium,1,99 yrs lease commencing from 1996,05,Rest of Central Region,11 to 15
CLAVON,"1,470,000",764.24,"1,923",Jan-25,CLEMENTI AVENUE 1,Sub Sale,Strata,71,"20,704",-,Apartment,1,99 yrs lease commencing from 2019,05,Outside Central Region,06 to 10
THE PARC CONDOMINIUM,"2,760,000","1,420.85","1,943",Jan-25,WEST COAST WALK,Resale,Strata,132,"20,909",-,Condominium,1,Freehold,05,Outside Central Region,11 to 15
WHISTLER GRAND,"1,140,000",613.55,"1,858",Jan-25,WEST COAST VALE,Resale,Strata,57,"20,000",-,Apartment,1,99 yrs lease commencing from 2018,05,Outside Central Region,26 to 30
CLAVON,"1,560,000",764.24,"2,041",Jan-25,CLEMENTI AVENUE 1,Sub Sale,Strata,71,"21,972",-,Apartment,1,99 yrs lease commencing from 2019,05,Outside Central Region,16 to 20
ONE-NORTH EDEN,"2,610,000","1,119.46","2,331",Jan-25,SLIM BARRACKS RISE,Sub Sale,Strata,104,"25,096",-,Apartment,1,99 yrs lease commencing from 2019,05,Rest of Central Region,06 to 10
REGENT PARK,"1,085,000",818.06,"1,326",Jan-25,JALAN LEMPENG,Resale,Strata,76,"14,276",-,Condominium,1,99 yrs lease commencing from 1993,05,Outside Central Region,06 to 10
KENT RIDGE HILL RESIDENCES,"1,530,000",775.01,"1,974",Jan-25,SOUTH BUONA VISTA ROAD,Sub Sale,Strata,72,"21,250",-,Apartment,1,99 yrs lease commencing from 2018,05,Rest of Central Region,01 to 05
CLAVON,"1,020,000",527.44,"1,934",Jan-25,CLEMENTI AVENUE 1,Sub Sale,Strata,49,"20,816",-,Apartment,1,99 yrs lease commencing from 2019,05,Outside Central Region,16 to 20
THE CLEMENT CANOPY,"2,180,000","1,108.69","1,966",Jan-25,CLEMENTI AVENUE 1,Resale,Strata,103,"21,165",-,Apartment,1,99 yrs lease commencing from 2016,05,Outside Central Region,21 to 25
WHISTLER GRAND,"2,200,000","1,065.64","2,064",Jan-25,WEST COAST VALE,Resale,Strata,99,"22,222",-,Apartment,1,99 yrs lease commencing from 2018,05,Outside Central Region,11 to 15
BLUE HORIZON,"1,800,000","1,227.1","1,467",Jan-25,WEST COAST CRESCENT,Resale,Strata,114,"15,789",-,Condominium,1,99 yrs lease commencing from 2000,05,Outside Central Region,21 to 25
WHITEHAVEN,"1,818,000","1,151.75","1,578",Jan-25,PASIR PANJANG ROAD,Resale,Strata,107,"16,991",-,Apartment,1,Freehold,05,Rest of Central Region,01 to 05
WHISTLER GRAND,"1,910,000",958,"1,994",Jan-25,WEST COAST VALE,Resale,Strata,89,"21,461",-,Apartment,1,99 yrs lease commencing from 2018,05,Outside Central Region,06 to 10
BOTANNIA,"2,160,000","1,184.04","1,824",Jan-25,WEST COAST PARK,Resale,Strata,110,"19,636",-,Condominium,1,956 yrs lease commencing from 1928,05,Outside Central Region,11 to 15
THE CLEMENT CANOPY,"1,938,000",990.29,"1,957",Jan-25,CLEMENTI AVENUE 1,Resale,Strata,92,"21,065",-,Apartment,1,99 yrs lease commencing from 2016,05,Outside Central Region,21 to 25
PARC CLEMATIS,"3,510,000","1,496.2","2,346",Jan-25,JALAN LEMPENG,Sub Sale,Strata,139,"25,252",-,Apartment,1,99 yrs lease commencing from 2019,05,Outside Central Region,11 to 15
NORMANTON PARK,"1,200,000",581.26,"2,064",Jan-25,NORMANTON PARK,Sub Sale,Strata,54,"22,222",-,Apartment,1,99 yrs lease commencing from 2019,05,Rest of Central Region,06 to 10
PARC CLEMATIS,"1,550,000",699.66,"2,215",Jan-25,JALAN LEMPENG,Sub Sale,Strata,65,"23,846",-,Apartment,1,99 yrs lease commencing from 2019,05,Outside Central Region,21 to 25
PARC RIVIERA,"1,080,000",645.84,"1,672",Jan-25,WEST COAST VALE,Resale,Strata,60,"18,000",-,Condominium,1,99 yrs lease commencing from 2015,05,Outside Central Region,26 to 30
DOVER PARKVIEW,"1,325,000",936.47,"1,415",Jan-25,DOVER RISE,Resale,Strata,87,"15,230",-,Condominium,1,99 yrs lease commencing from 1993,05,Rest of Central Region,01 to 05
SEASUITES,"2,110,000","1,259.39","1,675",Jan-25,PASIR PANJANG ROAD,Resale,Strata,117,"18,034",-,Apartment,1,Freehold,05,Rest of Central Region,01 to 05
CLAVON,"1,520,000",764.24,"1,989",Jan-25,CLEMENTI AVENUE 1,Sub Sale,Strata,71,"21,408",-,Apartment,1,99 yrs lease commencing from 2019,05,Outside Central Region,16 to 20
WHISTLER GRAND,"1,135,000",613.55,"1,850",Jan-25,WEST COAST VALE,Resale,Strata,57,"19,912",-,Apartment,1,99 yrs lease commencing from 2018,05,Outside Central Region,16 to 20
MONTEREY PARK CONDOMINIUM,"2,500,000","1,420.85","1,760",Jan-25,WEST COAST RISE,Resale,Strata,132,"18,939",-,Condominium,1,999 yrs lease commencing from 1885,05,Outside Central Region,06 to 10
NORMANTON PARK,"890,000",516.67,"1,723",Jan-25,NORMANTON PARK,Sub Sale,Strata,48,"18,542",-,Apartment,1,99 yrs lease commencing from 2019,05,Rest of Central Region,11 to 15
ONE-NORTH RESIDENCES,"1,400,000","1,076.4","1,301",Jan-25,ONE-NORTH GATEWAY,Resale,Strata,100,"14,000",-,Apartment,1,99 yrs lease commencing from 2005,05,Rest of Central Region,06 to 10
THE PARC CONDOMINIUM,"2,628,000","1,420.85","1,850",Jan-25,WEST COAST WALK,Resale,Strata,132,"19,909",-,Condominium,1,Freehold,05,Outside Central Region,16 to 20
SEAHILL,"1,221,888",785.77,"1,555",Jan-25,WEST COAST CRESCENT,Resale,Strata,73,"16,738",-,Condominium,1,99 yrs lease commencing from 2011,05,Outside Central Region,06 to 10
WHISTLER GRAND,"1,170,000",613.55,"1,907",Jan-25,WEST COAST VALE,Resale,Strata,57,"20,526",-,Apartment,1,99 yrs lease commencing from 2018,05,Outside Central Region,26 to 30
NEWEST,"2,680,000","2,475.72","1,083",Jan-25,WEST COAST DRIVE,Resale,Strata,230,"11,652",-,Apartment,1,956 yrs lease commencing from 1928,05,Outside Central Region,01 to 05
PARC CLEMATIS,"3,048,888","1,463.9","2,083",Jan-25,JALAN LEMPENG,Sub Sale,Strata,136,"22,418",-,Apartment,1,99 yrs lease commencing from 2019,05,Outside Central Region,11 to 15
PARC CLEMATIS,"870,000",452.09,"1,924",Jan-25,JALAN LEMPENG,Sub Sale,Strata,42,"20,714",-,Apartment,1,99 yrs lease commencing from 2019,05,Outside Central Region,06 to 10
ONE-NORTH EDEN,"2,250,000",947.23,"2,375",Jan-25,SLIM BARRACKS RISE,Sub Sale,Strata,88,"25,568",-,Apartment,1,99 yrs lease commencing from 2019,05,Rest of Central Region,06 to 10
BLUE HORIZON,"1,680,000","1,162.51","1,445",Jan-25,WEST COAST CRESCENT,Resale,Strata,108,"15,556",-,Condominium,1,99 yrs lease commencing from 2000,05,Outside Central Region,16 to 20
NORMANTON PARK,"1,350,000",656.6,"2,056",Jan-25,NORMANTON PARK,Sub Sale,Strata,61,"22,131",-,Apartment,1,99 yrs lease commencing from 2019,05,Rest of Central Region,16 to 20
CLAVON,"2,100,000",958,"2,192",Jan-25,CLEMENTI AVENUE 1,Sub Sale,Strata,89,"23,596",-,Apartment,1,99 yrs lease commencing from 2019,05,Outside Central Region,21 to 25
THE FOLIAGE,"1,650,000","1,108.69","1,488",Jan-25,PASIR PANJANG ROAD,Resale,Strata,103,"16,019",-,Condominium,1,Freehold,05,Rest of Central Region,01 to 05
ONE-NORTH RESIDENCES,"2,323,000","1,313.21","1,769",Jan-25,ONE-NORTH GATEWAY,Resale,Strata,122,"19,041",-,Apartment,1,99 yrs lease commencing from 2005,05,Rest of Central Region,06 to 10
PARC IMPERIAL,"698,000",365.98,"1,907",Jan-25,PASIR PANJANG ROAD,Resale,Strata,34,"20,529",-,Condominium,1,Freehold,05,Rest of Central Region,01 to 05
WHISTLER GRAND,"1,865,000",958,"1,947",Jan-25,WEST COAST VALE,Resale,Strata,89,"20,955",-,Apartment,1,99 yrs lease commencing from 2018,05,Outside Central Region,11 to 15
VIVA VISTA,"658,000",387.5,"1,698",Jan-25,SOUTH BUONA VISTA ROAD,Resale,Strata,36,"18,278",-,Apartment,1,Freehold,05,Rest of Central Region,01 to 05
RESIDENTIAL APARTMENTS,"2,170,000","1,819.12","1,193",Jan-25,PASIR PANJANG ROAD,Resale,Strata,169,"12,840",-,Apartment,1,Freehold,05,Rest of Central Region,01 to 05
THE STELLAR,"3,050,000","2,206.62","1,382",Jan-25,WEST COAST ROAD,Resale,Strata,205,"14,878",-,Condominium,1,Freehold,05,Outside Central Region,01 to 05
LUXE VILLE,"2,320,000","1,593.07","1,456",Jan-25,PASIR PANJANG ROAD,Resale,Strata,148,"15,676",-,Apartment,1,Freehold,05,Rest of Central Region,01 to 05
PARC RIVIERA,"800,000",462.85,"1,728",Jan-25,WEST COAST VALE,Resale,Strata,43,"18,605",-,Condominium,1,99 yrs lease commencing from 2015,05,Outside Central Region,21 to 25
PARC CLEMATIS,"2,160,000",914.94,"2,361",Jan-25,JALAN LEMPENG,Sub Sale,Strata,85,"25,412",-,Apartment,1,99 yrs lease commencing from 2019,05,Outside Central Region,11 to 15
CLAVON,"1,325,000",678.13,"1,954",Jan-25,CLEMENTI AVENUE 1,Sub Sale,Strata,63,"21,032",-,Apartment,1,99 yrs lease commencing from 2019,05,Outside Central Region,06 to 10
CLAVON,"1,580,000",764.24,"2,067",Jan-25,CLEMENTI AVENUE 1,Sub Sale,Strata,71,"22,254",-,Apartment,1,99 yrs lease commencing from 2019,05,Outside Central Region,36 to 40
PARC CLEMATIS,"2,100,888",914.94,"2,296",Jan-25,JALAN LEMPENG,Sub Sale,Strata,85,"24,716",-,Apartment,1,99 yrs lease commencing from 2019,05,Outside Central Region,21 to 25
WHISTLER GRAND,"1,175,000",624.31,"1,882",Jan-25,WEST COAST VALE,Resale,Strata,58,"20,259",-,Apartment,1,99 yrs lease commencing from 2018,05,Outside Central Region,16 to 20
BLUE HORIZON,"1,820,000","1,216.33","1,496",Jan-25,WEST COAST CRESCENT,Resale,Strata,113,"16,106",-,Condominium,1,99 yrs lease commencing from 2000,05,Outside Central Region,21 to 25
TWIN VEW,"2,580,000","1,377.79","1,873",Jan-25,WEST COAST VALE,Resale,Strata,128,"20,156",-,Apartment,1,99 yrs lease commencing from 2017,05,Outside Central Region,26 to 30
PARC RIVIERA,"1,060,000",645.84,"1,641",Jan-25,WEST COAST VALE,Resale,Strata,60,"17,667",-,Condominium,1,99 yrs lease commencing from 2015,05,Outside Central Region,11 to 15
CLAVON,"2,660,000","1,280.92","2,077",Jan-25,CLEMENTI AVENUE 1,Sub Sale,Strata,119,"22,353",-,Apartment,1,99 yrs lease commencing from 2019,05,Outside Central Region,11 to 15
ONE-NORTH RESIDENCES,"2,330,000","1,323.97","1,760",Jan-25,ONE-NORTH GATEWAY,Resale,Strata,123,"18,943",-,Apartment,1,99 yrs lease commencing from 2005,05,Rest of Central Region,06 to 10
CLAVON,"990,000",527.44,"1,877",Jan-25,CLEMENTI AVENUE 1,Sub Sale,Strata,49,"20,204",-,Apartment,1,99 yrs lease commencing from 2019,05,Outside Central Region,01 to 05
PARC CLEMATIS,"2,093,000",914.94,"2,288",Jan-25,JALAN LEMPENG,Sub Sale,Strata,85,"24,624",-,Apartment,1,99 yrs lease commencing from 2019,05,Outside Central Region,21 to 25
THE VISION,"2,050,000","1,313.21","1,561",Jan-25,WEST COAST CRESCENT,Resale,Strata,122,"16,803",-,Condominium,1,99 yrs lease commencing from 2008,05,Outside Central Region,21 to 25
THE CLEMENT CANOPY,"2,525,000","1,345.5","1,877",Jan-25,CLEMENTI AVENUE 1,Resale,Strata,125,"20,200",-,Apartment,1,99 yrs lease commencing from 2016,05,Outside Central Region,06 to 10
BLUE HORIZON,"1,730,000","1,151.75","1,502",Jan-25,WEST COAST CRESCENT,Resale,Strata,107,"16,168",-,Condominium,1,99 yrs lease commencing from 2000,05,Outside Central Region,16 to 20
PARC RIVIERA,"1,330,000","1,033.34","1,287",Jan-25,WEST COAST VALE,Resale,Strata,96,"13,854",-,Condominium,1,99 yrs lease commencing from 2015,05,Outside Central Region,36 to 40
LE HILL CONDOMINIUM,"1,470,000",990.29,"1,484",Jan-25,PASIR PANJANG HILL,Resale,Strata,92,"15,978",-,Condominium,1,Freehold,05,Rest of Central Region,01 to 05
WATERFRONT @ FABER,"1,668,000","1,065.64","1,565",Jan-25,FABER WALK,Resale,Strata,99,"16,848",-,Apartment,1,99 yrs lease commencing from 2013,05,Outside Central Region,01 to 05
WEST BAY CONDOMINIUM,"1,450,000","1,140.98","1,271",Jan-25,WEST COAST CRESCENT,Resale,Strata,106,"13,679",-,Condominium,1,99 yrs lease commencing from 1991,05,Outside Central Region,01 to 05
TREASURE PLACE,"2,088,000","1,356.26","1,540",Jan-25,LORONG SARHAD,Resale,Strata,126,"16,571",-,Condominium,1,Freehold,05,Rest of Central Region,01 to 05
CLAVON,"1,668,000",764.24,"2,183",Jan-25,CLEMENTI AVENUE 1,Sub Sale,Strata,71,"23,493",-,Apartment,1,99 yrs lease commencing from 2019,05,Outside Central Region,26 to 30
NORMANTON PARK,"1,420,000",667.37,"2,128",Jan-25,NORMANTON PARK,Sub Sale,Strata,62,"22,903",-,Apartment,1,99 yrs lease commencing from 2019,05,Rest of Central Region,11 to 15
TWIN VEW,"1,220,000",742.72,"1,643",Jan-25,WEST COAST VALE,Resale,Strata,69,"17,681",-,Apartment,1,99 yrs lease commencing from 2017,05,Outside Central Region,01 to 05
PARC RIVIERA,"1,500,000",904.18,"1,659",Jan-25,WEST COAST VALE,Resale,Strata,84,"17,857",-,Condominium,1,99 yrs lease commencing from 2015,05,Outside Central Region,11 to 15
PARC RIVIERA,"805,000",462.85,"1,739",Jan-25,WEST COAST VALE,Resale,Strata,43,"18,721",-,Condominium,1,99 yrs lease commencing from 2015,05,Outside Central Region,21 to 25
THE TRILINQ,"1,800,000",914.94,"1,967",Jan-25,JALAN LEMPENG,Resale,Strata,85,"21,176",-,Condominium,1,99 yrs lease commencing from 2012,05,Outside Central Region,26 to 30
PARC RIVIERA,"1,190,000",710.42,"1,675",Jan-25,WEST COAST VALE,Resale,Strata,66,"18,030",-,Condominium,1,99 yrs lease commencing from 2015,05,Outside Central Region,21 to 25
PARC RIVIERA,"1,080,000",645.84,"1,672",Jan-25,WEST COAST VALE,Resale,Strata,60,"18,000",-,Condominium,1,99 yrs lease commencing from 2015,05,Outside Central Region,21 to 25
ISLAND VIEW,"4,870,000","3,498.3","1,392",Jan-25,JALAN MAT JAMBOL,Resale,Strata,325,"14,985",-,Condominium,1,Freehold,05,Rest of Central Region,01 to 05
PARC CLEMATIS,"1,485,000",721.19,"2,059",Jan-25,JALAN LEMPENG,Sub Sale,Strata,67,"22,164",-,Apartment,1,99 yrs lease commencing from 2019,05,Outside Central Region,01 to 05
CLAVON,"1,572,000",764.24,"2,057",Dec-24,CLEMENTI AVENUE 1,Sub Sale,Strata,71,"22,141",-,Apartment,1,99 yrs lease commencing from 2019,05,Outside Central Region,06 to 10
VIVA VISTA,"1,100,000",721.19,"1,525",Dec-24,SOUTH BUONA VISTA ROAD,Resale,Strata,67,"16,418",-,Apartment,1,Freehold,05,Rest of Central Region,01 to 05
PARC RIVIERA,"1,168,000",710.42,"1,644",Dec-24,WEST COAST VALE,Resale,Strata,66,"17,697",-,Condominium,1,99 yrs lease commencing from 2015,05,Outside Central Region,26 to 30
CLAVON,"1,090,000",527.44,"2,067",Dec-24,CLEMENTI AVENUE 1,Sub Sale,Strata,49,"22,245",-,Apartment,1,99 yrs lease commencing from 2019,05,Outside Central Region,26 to 30
THE VERANDAH RESIDENCES,"1,870,000",936.47,"1,997",Dec-24,PASIR PANJANG ROAD,Resale,Strata,87,"21,494",-,Apartment,1,Freehold,05,Rest of Central Region,01 to 05
PARC CLEMATIS,"1,430,000",893.41,"1,601",Dec-24,JALAN LEMPENG,Sub Sale,Strata,83,"17,229",-,Apartment,1,99 yrs lease commencing from 2019,05,Outside Central Region,21 to 25
GOLD COAST CONDOMINIUM,"2,400,000","1,453.14","1,652",Dec-24,PASIR PANJANG ROAD,Resale,Strata,135,"17,778",-,Condominium,1,Freehold,05,Rest of Central Region,01 to 05
DOVER PARKVIEW,"1,400,000",968.76,"1,445",Dec-24,DOVER RISE,Resale,Strata,90,"15,556",-,Condominium,1,99 yrs lease commencing from 1993,05,Rest of Central Region,01 to 05
PARC CLEMATIS,"970,000",624.31,"1,554",Dec-24,JALAN LEMPENG,Sub Sale,Strata,58,"16,724",-,Apartment,1,99 yrs lease commencing from 2019,05,Outside Central Region,21 to 25
WHISTLER GRAND,"1,140,000",613.55,"1,858",Dec-24,WEST COAST VALE,Resale,Strata,57,"20,000",-,Apartment,1,99 yrs lease commencing from 2018,05,Outside Central Region,21 to 25
TWIN VEW,"2,130,000","1,140.98","1,867",Dec-24,WEST COAST VALE,Resale,Strata,106,"20,094",-,Apartment,1,99 yrs lease commencing from 2017,05,Outside Central Region,26 to 30
SEASUITES,"955,000",516.67,"1,848",Dec-24,PASIR PANJANG ROAD,Resale,Strata,48,"19,896",-,Apartment,1,Freehold,05,Rest of Central Region,01 to 05
NORMANTON PARK,"1,150,000",559.73,"2,055",Dec-24,NORMANTON PARK,Sub Sale,Strata,52,"22,115",-,Apartment,1,99 yrs lease commencing from 2019,05,Rest of Central Region,06 to 10
THE VERANDAH RESIDENCES,"961,800",462.85,"2,078",Dec-24,PASIR PANJANG ROAD,Resale,Strata,43,"22,367",-,Apartment,1,Freehold,05,Rest of Central Region,01 to 05
CLAVON,"2,068,000",958,"2,159",Dec-24,CLEMENTI AVENUE 1,Sub Sale,Strata,89,"23,236",-,Apartment,1,99 yrs lease commencing from 2019,05,Outside Central Region,06 to 10
THE VISION,"1,438,000",904.18,"1,590",Dec-24,WEST COAST CRESCENT,Resale,Strata,84,"17,119",-,Condominium,1,99 yrs lease commencing from 2008,05,Outside Central Region,21 to 25
PARC CLEMATIS,"1,500,000",710.42,"2,111",Dec-24,JALAN LEMPENG,Sub Sale,Strata,66,"22,727",-,Apartment,1,99 yrs lease commencing from 2019,05,Outside Central Region,01 to 05
CLAVON,"980,000",527.44,"1,858",Dec-24,CLEMENTI AVENUE 1,Sub Sale,Strata,49,"20,000",-,Apartment,1,99 yrs lease commencing from 2019,05,Outside Central Region,01 to 05
KENT RIDGE HILL RESIDENCES,"1,520,000",785.77,"1,934",Dec-24,SOUTH BUONA VISTA ROAD,Sub Sale,Strata,73,"20,822",-,Apartment,1,99 yrs lease commencing from 2018,05,Rest of Central Region,01 to 05
THE ROCHESTER RESIDENCES,"1,310,000",839.59,"1,560",Dec-24,ROCHESTER DRIVE,Resale,Strata,78,"16,795",-,Apartment,1,99 yrs lease commencing from 2005,05,Rest of Central Region,06 to 10
WHISTLER GRAND,"1,140,000",613.55,"1,858",Dec-24,WEST COAST VALE,Resale,Strata,57,"20,000",-,Apartment,1,99 yrs lease commencing from 2018,05,Outside Central Region,26 to 30
REGENT PARK,"1,250,000",979.52,"1,276",Dec-24,JALAN LEMPENG,Resale,Strata,91,"13,736",-,Condominium,1,99 yrs lease commencing from 1993,05,Outside Central Region,01 to 05
THE PEAK@BALMEG,"4,360,000","2,604.89","1,674",Dec-24,BALMEG HILL,Resale,Strata,242,"18,017",-,Condominium,1,Freehold,05,Rest of Central Region,01 to 05
KENT RIDGE HILL RESIDENCES,"2,220,000","1,076.4","2,062",Dec-24,SOUTH BUONA VISTA ROAD,Sub Sale,Strata,100,"22,200",-,Apartment,1,99 yrs lease commencing from 2018,05,Rest of Central Region,01 to 05
PARC CLEMATIS,"1,560,000",721.19,"2,163",Dec-24,JALAN LEMPENG,Sub Sale,Strata,67,"23,284",-,Apartment,1,99 yrs lease commencing from 2019,05,Outside Central Region,16 to 20
DOVER PARKVIEW,"1,420,000",936.47,"1,516",Dec-24,DOVER RISE,Resale,Strata,87,"16,322",-,Condominium,1,99 yrs lease commencing from 1993,05,Rest of Central Region,06 to 10
CLAVON,"1,650,000",764.24,"2,159",Dec-24,CLEMENTI AVENUE 1,Sub Sale,Strata,71,"23,239",-,Apartment,1,99 yrs lease commencing from 2019,05,Outside Central Region,36 to 40
PARC CLEMATIS,"970,000",505.91,"1,917",Dec-24,JALAN LEMPENG,Sub Sale,Strata,47,"20,638",-,Apartment,1,99 yrs lease commencing from 2019,05,Outside Central Region,11 to 15
NORMANTON PARK,"1,318,000",635.08,"2,075",Dec-24,NORMANTON PARK,Sub Sale,Strata,59,"22,339",-,Apartment,1,99 yrs lease commencing from 2019,05,Rest of Central Region,21 to 25
CLAVON,"1,025,000",527.44,"1,943",Dec-24,CLEMENTI AVENUE 1,Sub Sale,Strata,49,"20,918",-,Apartment,1,99 yrs lease commencing from 2019,05,Outside Central Region,11 to 15
THE PEAK@BALMEG,"4,818,800","3,067.74","1,571",Dec-24,BALMEG HILL,Resale,Strata,285,"16,908",-,Condominium,1,Freehold,05,Rest of Central Region,01 to 05
WATERFRONT @ FABER,"1,770,000","1,173.28","1,509",Dec-24,FABER WALK,Resale,Strata,109,"16,239",-,Apartment,1,99 yrs lease commencing from 2013,05,Outside Central Region,01 to 05
NORMANTON PARK,"1,215,000",635.08,"1,913",Dec-24,NORMANTON PARK,Sub Sale,Strata,59,"20,593",-,Apartment,1,99 yrs lease commencing from 2019,05,Rest of Central Region,11 to 15
NORMANTON PARK,"1,920,000",914.94,"2,098",Dec-24,NORMANTON PARK,Sub Sale,Strata,85,"22,588",-,Apartment,1,99 yrs lease commencing from 2019,05,Rest of Central Region,11 to 15
PARC CLEMATIS,"1,940,000",914.94,"2,120",Dec-24,JALAN LEMPENG,Sub Sale,Strata,85,"22,824",-,Apartment,1,99 yrs lease commencing from 2019,05,Outside Central Region,01 to 05
WHISTLER GRAND,"1,428,000",764.24,"1,869",Dec-24,WEST COAST VALE,Resale,Strata,71,"20,113",-,Apartment,1,99 yrs lease commencing from 2018,05,Outside Central Region,06 to 10
NORMANTON PARK,"2,388,888","1,097.93","2,176",Dec-24,NORMANTON PARK,Sub Sale,Strata,102,"23,420",-,Apartment,1,99 yrs lease commencing from 2019,05,Rest of Central Region,11 to 15
CLAVON,"1,270,000",678.13,"1,873",Dec-24,CLEMENTI AVENUE 1,Sub Sale,Strata,63,"20,159",-,Apartment,1,99 yrs lease commencing from 2019,05,Outside Central Region,01 to 05
CLAVON,"1,060,000",527.44,"2,010",Dec-24,CLEMENTI AVENUE 1,Sub Sale,Strata,49,"21,633",-,Apartment,1,99 yrs lease commencing from 2019,05,Outside Central Region,26 to 30
PARC CLEMATIS,"1,538,000",721.19,"2,133",Dec-24,JALAN LEMPENG,Sub Sale,Strata,67,"22,955",-,Apartment,1,99 yrs lease commencing from 2019,05,Outside Central Region,11 to 15
WHISTLER GRAND,"1,168,000",613.55,"1,904",Dec-24,WEST COAST VALE,Resale,Strata,57,"20,491",-,Apartment,1,99 yrs lease commencing from 2018,05,Outside Central Region,31 to 35
PARC CLEMATIS,"1,530,000",710.42,"2,154",Dec-24,JALAN LEMPENG,Sub Sale,Strata,66,"23,182",-,Apartment,1,99 yrs lease commencing from 2019,05,Outside Central Region,11 to 15
KENT RIDGE HILL RESIDENCES,"1,298,000",645.84,"2,010",Dec-24,SOUTH BUONA VISTA ROAD,Sub Sale,Strata,60,"21,633",-,Apartment,1,99 yrs lease commencing from 2018,05,Rest of Central Region,01 to 05
WATERFRONT @ FABER,"1,630,000","1,065.64","1,530",Dec-24,FABER WALK,Resale,Strata,99,"16,465",-,Apartment,1,99 yrs lease commencing from 2013,05,Outside Central Region,01 to 05
PARC RIVIERA,"990,000",602.78,"1,642",Dec-24,WEST COAST VALE,Resale,Strata,56,"17,679",-,Condominium,1,99 yrs lease commencing from 2015,05,Outside Central Region,21 to 25
WHISTLER GRAND,"2,360,000","1,270.15","1,858",Dec-24,WEST COAST VALE,Resale,Strata,118,"20,000",-,Apartment,1,99 yrs lease commencing from 2018,05,Outside Central Region,16 to 20
PARC CLEMATIS,"1,900,000",828.83,"2,292",Dec-24,JALAN LEMPENG,Sub Sale,Strata,77,"24,675",-,Apartment,1,99 yrs lease commencing from 2019,05,Outside Central Region,01 to 05
PARC CLEMATIS,"1,110,000",710.42,"1,562",Dec-24,JALAN LEMPENG,Sub Sale,Strata,66,"16,818",-,Apartment,1,99 yrs lease commencing from 2019,05,Outside Central Region,21 to 25
MENDON SPRING,"1,350,000","1,054.87","1,280",Dec-24,PASIR PANJANG ROAD,Resale,Strata,98,"13,776",-,Apartment,1,Freehold,05,Rest of Central Region,01 to 05
BOTANNIA,"2,230,000","1,270.15","1,756",Dec-24,WEST COAST PARK,Resale,Strata,118,"18,898",-,Condominium,1,956 yrs lease commencing from 1928,05,Outside Central Region,01 to 05
THE PEAK@BALMEG,"3,300,000","1,754.53","1,881",Dec-24,BALMEG HILL,Resale,Strata,163,"20,245",-,Condominium,1,Freehold,05,Rest of Central Region,01 to 05
WHISTLER GRAND,"1,395,000",764.24,"1,825",Dec-24,WEST COAST VALE,Resale,Strata,71,"19,648",-,Apartment,1,99 yrs lease commencing from 2018,05,Outside Central Region,16 to 20
THE PARC CONDOMINIUM,"2,900,000","1,517.72","1,911",Dec-24,WEST COAST WALK,Resale,Strata,141,"20,567",-,Condominium,1,Freehold,05,Outside Central Region,01 to 05
DOVER PARKVIEW,"1,328,000",968.76,"1,371",Dec-24,DOVER RISE,Resale,Strata,90,"14,756",-,Condominium,1,99 yrs lease commencing from 1993,05,Rest of Central Region,11 to 15
DOVER PARKVIEW,"1,365,000",936.47,"1,458",Dec-24,DOVER RISE,Resale,Strata,87,"15,690",-,Condominium,1,99 yrs lease commencing from 1993,05,Rest of Central Region,06 to 10
PALM GREEN,"1,780,000","1,291.68","1,378",Dec-24,PASIR PANJANG ROAD,Resale,Strata,120,"14,833",-,Apartment,1,Freehold,05,Rest of Central Region,01 to 05
BLUE HORIZON,"1,638,888","1,151.75","1,423",Dec-24,WEST COAST CRESCENT,Resale,Strata,107,"15,317",-,Condominium,1,99 yrs lease commencing from 2000,05,Outside Central Region,11 to 15
BLUE HORIZON,"1,640,000","1,151.75","1,424",Dec-24,WEST COAST CRESCENT,Resale,Strata,107,"15,327",-,Condominium,1,99 yrs lease commencing from 2000,05,Outside Central Region,16 to 20
VILLAGE @ PASIR PANJANG,"2,030,000","1,560.78","1,301",Dec-24,PASIR PANJANG ROAD,Resale,Strata,145,"14,000",-,Condominium,1,Freehold,05,Rest of Central Region,01 to 05
FABER CREST,"1,568,888","1,259.39","1,246",Dec-24,FABER HEIGHTS,Resale,Strata,117,"13,409",-,Condominium,1,99 yrs lease commencing from 1996,05,Outside Central Region,01 to 05
THE STELLAR,"2,410,000","1,334.74","1,806",Dec-24,WEST COAST ROAD,Resale,Strata,124,"19,435",-,Condominium,1,Freehold,05,Outside Central Region,01 to 05
ONE-NORTH EDEN,"1,650,000",688.9,"2,395",Dec-24,SLIM BARRACKS RISE,Sub Sale,Strata,64,"25,781",-,Apartment,1,99 yrs lease commencing from 2019,05,Rest of Central Region,06 to 10
CLAVON,"2,080,000",958,"2,171",Dec-24,CLEMENTI AVENUE 1,Sub Sale,Strata,89,"23,371",-,Apartment,1,99 yrs lease commencing from 2019,05,Outside Central Region,06 to 10
DOVER PARKVIEW,"1,300,000",936.47,"1,388",Dec-24,DOVER RISE,Resale,Strata,87,"14,943",-,Condominium,1,99 yrs lease commencing from 1993,05,Rest of Central Region,06 to 10
HERITAGE VIEW,"2,501,000","1,506.96","1,660",Dec-24,DOVER RISE,Resale,Strata,140,"17,864",-,Condominium,1,99 yrs lease commencing from 1996,05,Rest of Central Region,11 to 15
PARC RIVIERA,"1,158,000",710.42,"1,630",Dec-24,WEST COAST VALE,Resale,Strata,66,"17,545",-,Condominium,1,99 yrs lease commencing from 2015,05,Outside Central Region,11 to 15
TWIN VEW,"1,258,000",742.72,"1,694",Dec-24,WEST COAST VALE,Resale,Strata,69,"18,232",-,Apartment,1,99 yrs lease commencing from 2017,05,Outside Central Region,06 to 10
HORIZON RESIDENCES,"1,980,000","1,001.05","1,978",Dec-24,PASIR PANJANG HILL,Resale,Strata,93,"21,290",-,Condominium,1,Freehold,05,Rest of Central Region,01 to 05
ONE-NORTH EDEN,"2,800,000","1,259.39","2,223",Dec-24,SLIM BARRACKS RISE,Sub Sale,Strata,117,"23,932",-,Apartment,1,99 yrs lease commencing from 2019,05,Rest of Central Region,01 to 05
THE ROCHESTER RESIDENCES,"1,325,000","1,022.58","1,296",Dec-24,ROCHESTER DRIVE,Resale,Strata,95,"13,947",-,Apartment,1,99 yrs lease commencing from 2005,05,Rest of Central Region,11 to 15
BOTANNIA,"2,188,000","1,270.15","1,723",Dec-24,WEST COAST PARK,Resale,Strata,118,"18,542",-,Condominium,1,956 yrs lease commencing from 1928,05,Outside Central Region,06 to 10
MENDON SPRING,"1,350,000","1,065.64","1,267",Dec-24,PASIR PANJANG ROAD,Resale,Strata,99,"13,636",-,Apartment,1,Freehold,05,Rest of Central Region,01 to 05
HERITAGE VIEW,"1,860,000","1,194.8","1,557",Dec-24,DOVER RISE,Resale,Strata,111,"16,757",-,Condominium,1,99 yrs lease commencing from 1996,05,Rest of Central Region,06 to 10
PARC RIVIERA,"1,468,800",904.18,"1,624",Dec-24,WEST COAST VALE,Resale,Strata,84,"17,486",-,Condominium,1,99 yrs lease commencing from 2015,05,Outside Central Region,06 to 10
THE TRILINQ,"2,100,000","1,044.11","2,011",Nov-24,JALAN LEMPENG,Resale,Strata,97,"21,649",-,Condominium,1,99 yrs lease commencing from 2012,05,Outside Central Region,31 to 35
HUNDRED TREES,"1,620,000",914.94,"1,771",Nov-24,WEST COAST DRIVE,Resale,Strata,85,"19,059",-,Condominium,1,956 yrs lease commencing from 1928,05,Outside Central Region,01 to 05
PARC CLEMATIS,"1,400,000",721.19,"1,941",Nov-24,JALAN LEMPENG,Sub Sale,Strata,67,"20,896",-,Apartment,1,99 yrs lease commencing from 2019,05,Outside Central Region,06 to 10
WHISTLER GRAND,"935,800",505.91,"1,850",Nov-24,WEST COAST VALE,Resale,Strata,47,"19,911",-,Apartment,1,99 yrs lease commencing from 2018,05,Outside Central Region,26 to 30
ISLAND VIEW,"4,800,000","3,498.3","1,372",Nov-24,JALAN MAT JAMBOL,Resale,Strata,325,"14,769",-,Condominium,1,Freehold,05,Rest of Central Region,01 to 05
ONE-NORTH RESIDENCES,"1,956,600","1,108.69","1,765",Nov-24,ONE-NORTH GATEWAY,Resale,Strata,103,"18,996",-,Apartment,1,99 yrs lease commencing from 2005,05,Rest of Central Region,06 to 10
ONE-NORTH RESIDENCES,"2,310,000","1,334.74","1,731",Nov-24,ONE-NORTH GATEWAY,Resale,Strata,124,"18,629",-,Apartment,1,99 yrs lease commencing from 2005,05,Rest of Central Region,11 to 15
MENDON SPRING,"1,350,000","1,054.87","1,280",Nov-24,PASIR PANJANG ROAD,Resale,Strata,98,"13,776",-,Apartment,1,Freehold,05,Rest of Central Region,01 to 05
CLEMENTIWOODS CONDOMINIUM,"2,890,000","2,077.45","1,391",Nov-24,WEST COAST ROAD,Resale,Strata,193,"14,974",-,Condominium,1,99 yrs lease commencing from 2006,05,Outside Central Region,01 to 05
HUNDRED TREES,"2,380,000","1,302.44","1,827",Nov-24,WEST COAST DRIVE,Resale,Strata,121,"19,669",-,Condominium,1,956 yrs lease commencing from 1928,05,Outside Central Region,06 to 10
CLAVON,"1,620,000",764.24,"2,120",Nov-24,CLEMENTI AVENUE 1,Sub Sale,Strata,71,"22,817",-,Apartment,1,99 yrs lease commencing from 2019,05,Outside Central Region,31 to 35
THE TRILINQ,"4,580,000","4,606.99",994,Nov-24,JALAN LEMPENG,Resale,Strata,428,"10,701",-,Condominium,1,99 yrs lease commencing from 2012,05,Outside Central Region,36 to 40
KENT RIDGE HILL RESIDENCES,"910,000",473.62,"1,921",Nov-24,SOUTH BUONA VISTA ROAD,Sub Sale,Strata,44,"20,682",-,Apartment,1,99 yrs lease commencing from 2018,05,Rest of Central Region,01 to 05
ONE-NORTH EDEN,"1,615,000",688.9,"2,344",Nov-24,SLIM BARRACKS RISE,Sub Sale,Strata,64,"25,234",-,Apartment,1,99 yrs lease commencing from 2019,05,Rest of Central Region,06 to 10
TWIN VEW,"1,000,000",570.49,"1,753",Nov-24,WEST COAST VALE,Resale,Strata,53,"18,868",-,Apartment,1,99 yrs lease commencing from 2017,05,Outside Central Region,11 to 15
NORMANTON PARK,"1,250,000",635.08,"1,968",Nov-24,NORMANTON PARK,Sub Sale,Strata,59,"21,186",-,Apartment,1,99 yrs lease commencing from 2019,05,Rest of Central Region,06 to 10
WHITEHAVEN,"1,200,000","1,054.87","1,138",Nov-24,PASIR PANJANG ROAD,Resale,Strata,98,"12,245",-,Apartment,1,Freehold,05,Rest of Central Region,01 to 05
PARC RIVIERA,"820,000",462.85,"1,772",Nov-24,WEST COAST VALE,Resale,Strata,43,"19,070",-,Condominium,1,99 yrs lease commencing from 2015,05,Outside Central Region,31 to 35
WHISTLER GRAND,"1,231,000",688.9,"1,787",Nov-24,WEST COAST VALE,Resale,Strata,64,"19,234",-,Apartment,1,99 yrs lease commencing from 2018,05,Outside Central Region,36 to 40
WEST BAY CONDOMINIUM,"1,390,000","1,216.33","1,143",Nov-24,WEST COAST CRESCENT,Resale,Strata,113,"12,301",-,Condominium,1,99 yrs lease commencing from 1991,05,Outside Central Region,01 to 05
CLEMENTIWOODS CONDOMINIUM,"1,668,000","1,130.22","1,476",Nov-24,WEST COAST ROAD,Resale,Strata,105,"15,886",-,Condominium,1,99 yrs lease commencing from 2006,05,Outside Central Region,01 to 05
HERITAGE VIEW,"1,928,000","1,162.51","1,658",Nov-24,DOVER RISE,Resale,Strata,108,"17,852",-,Condominium,1,99 yrs lease commencing from 1996,05,Rest of Central Region,16 to 20
CLAVON,"1,468,000",764.24,"1,921",Nov-24,CLEMENTI AVENUE 1,Sub Sale,Strata,71,"20,676",-,Apartment,1,99 yrs lease commencing from 2019,05,Outside Central Region,01 to 05
PARC CLEMATIS,"1,648,000",742.72,"2,219",Nov-24,JALAN LEMPENG,Sub Sale,Strata,69,"23,884",-,Apartment,1,99 yrs lease commencing from 2019,05,Outside Central Region,06 to 10
VIVA VISTA,"773,000",462.85,"1,670",Nov-24,SOUTH BUONA VISTA ROAD,Resale,Strata,43,"17,977",-,Apartment,1,Freehold,05,Rest of Central Region,01 to 05
PARC CLEMATIS,"1,368,000",688.9,"1,986",Nov-24,JALAN LEMPENG,Sub Sale,Strata,64,"21,375",-,Apartment,1,99 yrs lease commencing from 2019,05,Outside Central Region,16 to 20
WHISTLER GRAND,"1,380,000",764.24,"1,806",Nov-24,WEST COAST VALE,Resale,Strata,71,"19,437",-,Apartment,1,99 yrs lease commencing from 2018,05,Outside Central Region,06 to 10
THE PARC CONDOMINIUM,"2,460,000","1,216.33","2,022",Nov-24,WEST COAST WALK,Resale,Strata,113,"21,770",-,Condominium,1,Freehold,05,Outside Central Region,06 to 10
ONE-NORTH EDEN,"1,640,000",688.9,"2,381",Nov-24,SLIM BARRACKS RISE,Sub Sale,Strata,64,"25,625",-,Apartment,1,99 yrs lease commencing from 2019,05,Rest of Central Region,06 to 10
THE PARC CONDOMINIUM,"2,473,800","1,302.44","1,899",Nov-24,WEST COAST WALK,Resale,Strata,121,"20,445",-,Condominium,1,Freehold,05,Outside Central Region,11 to 15
NORMANTON PARK,"2,000,000",904.18,"2,212",Nov-24,NORMANTON PARK,Sub Sale,Strata,84,"23,810",-,Apartment,1,99 yrs lease commencing from 2019,05,Rest of Central Region,16 to 20
THE TRILINQ,"2,080,000","1,044.11","1,992",Nov-24,JALAN LEMPENG,Resale,Strata,97,"21,443",-,Condominium,1,99 yrs lease commencing from 2012,05,Outside Central Region,21 to 25
VILLA DE WEST,"1,360,000","1,011.82","1,344",Nov-24,PASIR PANJANG ROAD,Resale,Strata,94,"14,468",-,Condominium,1,Freehold,05,Rest of Central Region,01 to 05
PARC IMPERIAL,"753,000",409.03,"1,841",Nov-24,PASIR PANJANG ROAD,Resale,Strata,38,"19,816",-,Condominium,1,Freehold,05,Rest of Central Region,01 to 05
THE VISION,"1,350,000",818.06,"1,650",Nov-24,WEST COAST CRESCENT,Resale,Strata,76,"17,763",-,Condominium,1,99 yrs lease commencing from 2008,05,Outside Central Region,26 to 30
THE TRILINQ,"1,320,000",710.42,"1,858",Nov-24,JALAN LEMPENG,Resale,Strata,66,"20,000",-,Condominium,1,99 yrs lease commencing from 2012,05,Outside Central Region,26 to 30
KENT RIDGE HILL RESIDENCES,"1,560,000",775.01,"2,013",Nov-24,SOUTH BUONA VISTA ROAD,Sub Sale,Strata,72,"21,667",-,Apartment,1,99 yrs lease commencing from 2018,05,Rest of Central Region,01 to 05
PARC RIVIERA,"1,033,600",645.84,"1,600",Nov-24,WEST COAST VALE,Resale,Strata,60,"17,227",-,Condominium,1,99 yrs lease commencing from 2015,05,Outside Central Region,26 to 30
CLAVON,"2,080,000",958,"2,171",Nov-24,CLEMENTI AVENUE 1,Sub Sale,Strata,89,"23,371",-,Apartment,1,99 yrs lease commencing from 2019,05,Outside Central Region,11 to 15
WHISTLER GRAND,"2,160,000","1,065.64","2,027",Nov-24,WEST COAST VALE,Resale,Strata,99,"21,818",-,Apartment,1,99 yrs lease commencing from 2018,05,Outside Central Region,16 to 20
CLAVON,"3,338,000","1,582.31","2,110",Nov-24,CLEMENTI AVENUE 1,Sub Sale,Strata,147,"22,707",-,Apartment,1,99 yrs lease commencing from 2019,05,Outside Central Region,31 to 35
WHISTLER GRAND,"915,000",505.91,"1,809",Nov-24,WEST COAST VALE,Resale,Strata,47,"19,468",-,Apartment,1,99 yrs lease commencing from 2018,05,Outside Central Region,21 to 25
THE TRILINQ,"1,730,000",936.47,"1,847",Nov-24,JALAN LEMPENG,Resale,Strata,87,"19,885",-,Condominium,1,99 yrs lease commencing from 2012,05,Outside Central Region,06 to 10
PARC CLEMATIS,"3,438,000","1,496.2","2,298",Nov-24,JALAN LEMPENG,Sub Sale,Strata,139,"24,734",-,Apartment,1,99 yrs lease commencing from 2019,05,Outside Central Region,16 to 20
WHISTLER GRAND,"918,000",505.91,"1,815",Nov-24,WEST COAST VALE,Resale,Strata,47,"19,532",-,Apartment,1,99 yrs lease commencing from 2018,05,Outside Central Region,21 to 25
ONE-NORTH EDEN,"2,560,000","1,119.46","2,287",Nov-24,SLIM BARRACKS RISE,Sub Sale,Strata,104,"24,615",-,Apartment,1,99 yrs lease commencing from 2019,05,Rest of Central Region,06 to 10
TWIN VEW,"1,300,000",742.72,"1,750",Nov-24,WEST COAST VALE,Resale,Strata,69,"18,841",-,Apartment,1,99 yrs lease commencing from 2017,05,Outside Central Region,16 to 20
WHISTLER GRAND,"2,480,000","1,280.92","1,936",Nov-24,WEST COAST VALE,Resale,Strata,119,"20,840",-,Apartment,1,99 yrs lease commencing from 2018,05,Outside Central Region,21 to 25
THE CLEMENT CANOPY,"1,430,000",731.95,"1,954",Nov-24,CLEMENTI AVENUE 1,Resale,Strata,68,"21,029",-,Apartment,1,99 yrs lease commencing from 2016,05,Outside Central Region,36 to 40
THE CLEMENT CANOPY,"1,388,000",731.95,"1,896",Nov-24,CLEMENTI AVENUE 1,Resale,Strata,68,"20,412",-,Apartment,1,99 yrs lease commencing from 2016,05,Outside Central Region,26 to 30
PARC CLEMATIS,"1,385,000",688.9,"2,010",Nov-24,JALAN LEMPENG,Sub Sale,Strata,64,"21,641",-,Apartment,1,99 yrs lease commencing from 2019,05,Outside Central Region,16 to 20
THE VERANDAH RESIDENCES,"1,260,000",645.84,"1,951",Nov-24,PASIR PANJANG ROAD,Resale,Strata,60,"21,000",-,Apartment,1,Freehold,05,Rest of Central Region,01 to 05
WEST BAY CONDOMINIUM,"1,298,000","1,140.98","1,138",Nov-24,WEST COAST CRESCENT,Resale,Strata,106,"12,245",-,Condominium,1,99 yrs lease commencing from 1991,05,Outside Central Region,01 to 05
MONTEREY PARK CONDOMINIUM,"2,450,000","1,367.03","1,792",Nov-24,WEST COAST RISE,Resale,Strata,127,"19,291",-,Condominium,1,999 yrs lease commencing from 1885,05,Outside Central Region,06 to 10
THE INFINITI,"1,908,000","1,248.62","1,528",Nov-24,WEST COAST PARK,Resale,Strata,116,"16,448",-,Condominium,1,Freehold,05,Outside Central Region,11 to 15
THE ROCHESTER RESIDENCES,"1,358,888",861.12,"1,578",Nov-24,ROCHESTER DRIVE,Resale,Strata,80,"16,986",-,Apartment,1,99 yrs lease commencing from 2005,05,Rest of Central Region,26 to 30
PARC IMPERIAL,"705,000",365.98,"1,926",Nov-24,PASIR PANJANG ROAD,Resale,Strata,34,"20,735",-,Condominium,1,Freehold,05,Rest of Central Region,01 to 05
ONE-NORTH EDEN,"1,700,000",688.9,"2,468",Nov-24,SLIM BARRACKS RISE,Sub Sale,Strata,64,"26,563",-,Apartment,1,99 yrs lease commencing from 2019,05,Rest of Central Region,11 to 15
CLAVON,"1,340,000",678.13,"1,976",Nov-24,CLEMENTI AVENUE 1,Sub Sale,Strata,63,"21,270",-,Apartment,1,99 yrs lease commencing from 2019,05,Outside Central Region,16 to 20
HERITAGE VIEW,"1,900,000","1,162.51","1,634",Nov-24,DOVER RISE,Resale,Strata,108,"17,593",-,Condominium,1,99 yrs lease commencing from 1996,05,Rest of Central Region,16 to 20
ONE-NORTH EDEN,"2,600,000","1,119.46","2,323",Nov-24,SLIM BARRACKS RISE,Sub Sale,Strata,104,"25,000",-,Apartment,1,99 yrs lease commencing from 2019,05,Rest of Central Region,11 to 15
KENT RIDGE HILL RESIDENCES,"1,020,000",516.67,"1,974",Nov-24,SOUTH BUONA VISTA ROAD,Sub Sale,Strata,48,"21,250",-,Apartment,1,99 yrs lease commencing from 2018,05,Rest of Central Region,01 to 05
ONE-NORTH EDEN,"2,540,000","1,119.46","2,269",Nov-24,SLIM BARRACKS RISE,Sub Sale,Strata,104,"24,423",-,Apartment,1,99 yrs lease commencing from 2019,05,Rest of Central Region,11 to 15
FABER CREST,"2,000,000","1,733","1,154",Nov-24,FABER HEIGHTS,Resale,Strata,161,"12,422",-,Condominium,1,99 yrs lease commencing from 1996,05,Outside Central Region,01 to 05
PARC CLEMATIS,"3,458,000","1,496.2","2,311",Nov-24,JALAN LEMPENG,Sub Sale,Strata,139,"24,878",-,Apartment,1,99 yrs lease commencing from 2019,05,Outside Central Region,11 to 15
SEAHILL,"1,338,000",861.12,"1,554",Nov-24,WEST COAST CRESCENT,Resale,Strata,80,"16,725",-,Condominium,1,99 yrs lease commencing from 2011,05,Outside Central Region,11 to 15
CLAVON,"1,573,000",764.24,"2,058",Nov-24,CLEMENTI AVENUE 1,Sub Sale,Strata,71,"22,155",-,Apartment,1,99 yrs lease commencing from 2019,05,Outside Central Region,11 to 15
WHISTLER GRAND,"820,000",441.32,"1,858",Nov-24,WEST COAST VALE,Resale,Strata,41,"20,000",-,Apartment,1,99 yrs lease commencing from 2018,05,Outside Central Region,21 to 25
THE ROCHESTER RESIDENCES,"1,435,000",871.88,"1,646",Nov-24,ROCHESTER DRIVE,Resale,Strata,81,"17,716",-,Apartment,1,99 yrs lease commencing from 2005,05,Rest of Central Region,21 to 25
ONE-NORTH RESIDENCES,"1,040,000",613.55,"1,695",Nov-24,ONE-NORTH GATEWAY,Resale,Strata,57,"18,246",-,Apartment,1,99 yrs lease commencing from 2005,05,Rest of Central Region,01 to 05
NORMANTON PARK,"1,170,000",570.49,"2,051",Nov-24,NORMANTON PARK,Sub Sale,Strata,53,"22,075",-,Apartment,1,99 yrs lease commencing from 2019,05,Rest of Central Region,06 to 10
PARC RIVIERA,"2,030,000","1,184.04","1,714",Nov-24,WEST COAST VALE,Resale,Strata,110,"18,455",-,Condominium,1,99 yrs lease commencing from 2015,05,Outside Central Region,06 to 10
ONE-NORTH RESIDENCES,"1,230,000",958,"1,284",Nov-24,ONE-NORTH GATEWAY,Resale,Strata,89,"13,820",-,Apartment,1,99 yrs lease commencing from 2005,05,Rest of Central Region,06 to 10
NORMANTON PARK,"2,090,000",968.76,"2,157",Nov-24,NORMANTON PARK,Sub Sale,Strata,90,"23,222",-,Apartment,1,99 yrs lease commencing from 2019,05,Rest of Central Region,06 to 10
PARC CLEMATIS,"2,480,000","1,076.4","2,304",Nov-24,JALAN LEMPENG,Sub Sale,Strata,100,"24,800",-,Apartment,1,99 yrs lease commencing from 2019,05,Outside Central Region,01 to 05
THE PARC CONDOMINIUM,"2,760,000","1,420.85","1,943",Nov-24,WEST COAST WALK,Resale,Strata,132,"20,909",-,Condominium,1,Freehold,05,Outside Central Region,11 to 15
PARC RIVIERA,"805,000",462.85,"1,739",Nov-24,WEST COAST VALE,Resale,Strata,43,"18,721",-,Condominium,1,99 yrs lease commencing from 2015,05,Outside Central Region,31 to 35
THE CLEMENT CANOPY,"1,200,000",635.08,"1,890",Nov-24,CLEMENTI AVENUE 1,Resale,Strata,59,"20,339",-,Apartment,1,99 yrs lease commencing from 2016,05,Outside Central Region,06 to 10
NORMANTON PARK,"1,533,000",731.95,"2,094",Oct-24,NORMANTON PARK,Sub Sale,Strata,68,"22,544",-,Apartment,1,99 yrs lease commencing from 2019,05,Rest of Central Region,06 to 10
WHISTLER GRAND,"1,170,000",624.31,"1,874",Oct-24,WEST COAST VALE,Resale,Strata,58,"20,172",-,Apartment,1,99 yrs lease commencing from 2018,05,Outside Central Region,21 to 25
NORMANTON PARK,"3,650,000","1,614.6","2,261",Oct-24,NORMANTON PARK,Sub Sale,Strata,150,"24,333",-,Apartment,1,99 yrs lease commencing from 2019,05,Rest of Central Region,16 to 20
PARC CLEMATIS,"2,910,000","1,237.86","2,351",Oct-24,JALAN LEMPENG,Sub Sale,Strata,115,"25,304",-,Apartment,1,99 yrs lease commencing from 2019,05,Outside Central Region,21 to 25
PARC RIVIERA,"1,980,000","1,151.75","1,719",Oct-24,WEST COAST VALE,Resale,Strata,107,"18,505",-,Condominium,1,99 yrs lease commencing from 2015,05,Outside Central Region,16 to 20
MENDON SPRING,"1,300,000","1,065.64","1,220",Oct-24,PASIR PANJANG ROAD,Resale,Strata,99,"13,131",-,Apartment,1,Freehold,05,Rest of Central Region,01 to 05
PARC CLEMATIS,"1,930,000",861.12,"2,241",Oct-24,JALAN LEMPENG,Sub Sale,Strata,80,"24,125",-,Apartment,1,99 yrs lease commencing from 2019,05,Outside Central Region,21 to 25
LE HILL CONDOMINIUM,"1,765,000","1,302.44","1,355",Oct-24,PASIR PANJANG HILL,Resale,Strata,121,"14,587",-,Condominium,1,Freehold,05,Rest of Central Region,01 to 05
THE INFINITI,"2,000,000","1,302.44","1,536",Oct-24,WEST COAST PARK,Resale,Strata,121,"16,529",-,Condominium,1,Freehold,05,Outside Central Region,01 to 05
WHISTLER GRAND,"1,110,000",602.78,"1,841",Oct-24,WEST COAST VALE,Resale,Strata,56,"19,821",-,Apartment,1,99 yrs lease commencing from 2018,05,Outside Central Region,16 to 20
THE CLEMENT CANOPY,"1,320,000",731.95,"1,803",Oct-24,CLEMENTI AVENUE 1,Resale,Strata,68,"19,412",-,Apartment,1,99 yrs lease commencing from 2016,05,Outside Central Region,06 to 10
THE TRILINQ,"2,250,000","1,345.5","1,672",Oct-24,JALAN LEMPENG,Resale,Strata,125,"18,000",-,Condominium,1,99 yrs lease commencing from 2012,05,Outside Central Region,11 to 15
PALM MANSIONS,"1,565,000","1,205.57","1,298",Oct-24,PASIR PANJANG ROAD,Resale,Strata,112,"13,973",-,Apartment,1,Freehold,05,Rest of Central Region,01 to 05
PARC CLEMATIS,"1,350,000",688.9,"1,960",Oct-24,JALAN LEMPENG,Sub Sale,Strata,64,"21,094",-,Apartment,1,99 yrs lease commencing from 2019,05,Outside Central Region,16 to 20
THE STELLAR,"2,050,000","1,313.21","1,561",Oct-24,WEST COAST ROAD,Resale,Strata,122,"16,803",-,Condominium,1,Freehold,05,Outside Central Region,01 to 05
VARSITY PARK CONDOMINIUM,"3,050,000","2,228.15","1,369",Oct-24,WEST COAST ROAD,Resale,Strata,207,"14,734",-,Condominium,1,99 yrs lease commencing from 2004,05,Outside Central Region,01 to 05
PARC RIVIERA,"970,000",602.78,"1,609",Oct-24,WEST COAST VALE,Resale,Strata,56,"17,321",-,Condominium,1,99 yrs lease commencing from 2015,05,Outside Central Region,06 to 10
SEASUITES,"1,080,000",667.37,"1,618",Oct-24,PASIR PANJANG ROAD,Resale,Strata,62,"17,419",-,Apartment,1,Freehold,05,Rest of Central Region,01 to 05
TWIN VEW,"1,240,000",710.42,"1,745",Oct-24,WEST COAST VALE,Resale,Strata,66,"18,788",-,Apartment,1,99 yrs lease commencing from 2017,05,Outside Central Region,11 to 15
CLAVON,"1,045,000",527.44,"1,981",Oct-24,CLEMENTI AVENUE 1,Sub Sale,Strata,49,"21,327",-,Apartment,1,99 yrs lease commencing from 2019,05,Outside Central Region,11 to 15
CLAVON,"1,080,000",527.44,"2,048",Oct-24,CLEMENTI AVENUE 1,Sub Sale,Strata,49,"22,041",-,Apartment,1,99 yrs lease commencing from 2019,05,Outside Central Region,26 to 30
THE PARC CONDOMINIUM,"4,700,000","3,681.29","1,277",Oct-24,WEST COAST WALK,Resale,Strata,342,"13,743",-,Condominium,1,Freehold,05,Outside Central Region,21 to 25
ONE-NORTH EDEN,"1,280,000",516.67,"2,477",Oct-24,SLIM BARRACKS RISE,Sub Sale,Strata,48,"26,667",-,Apartment,1,99 yrs lease commencing from 2019,05,Rest of Central Region,06 to 10
THE TRILINQ,"1,750,000",936.47,"1,869",Oct-24,JALAN LEMPENG,Resale,Strata,87,"20,115",-,Condominium,1,99 yrs lease commencing from 2012,05,Outside Central Region,11 to 15
ONE-NORTH EDEN,"1,840,000",785.77,"2,342",Oct-24,SLIM BARRACKS RISE,Sub Sale,Strata,73,"25,205",-,Apartment,1,99 yrs lease commencing from 2019,05,Rest of Central Region,06 to 10
THE CLEMENT CANOPY,"1,970,000",990.29,"1,989",Oct-24,CLEMENTI AVENUE 1,Resale,Strata,92,"21,413",-,Apartment,1,99 yrs lease commencing from 2016,05,Outside Central Region,36 to 40
FABER CREST,"2,145,000","1,754.53","1,223",Oct-24,FABER HEIGHTS,Resale,Strata,163,"13,160",-,Condominium,1,99 yrs lease commencing from 1996,05,Outside Central Region,01 to 05
TWIN VEW,"1,288,000",731.95,"1,760",Oct-24,WEST COAST VALE,Resale,Strata,68,"18,941",-,Apartment,1,99 yrs lease commencing from 2017,05,Outside Central Region,01 to 05
TWIN VEW,"1,055,000",570.49,"1,849",Oct-24,WEST COAST VALE,Resale,Strata,53,"19,906",-,Apartment,1,99 yrs lease commencing from 2017,05,Outside Central Region,06 to 10
THE ROCHESTER RESIDENCES,"2,000,000","1,302.44","1,536",Oct-24,ROCHESTER DRIVE,Resale,Strata,121,"16,529",-,Apartment,1,99 yrs lease commencing from 2005,05,Rest of Central Region,11 to 15
KENT RIDGE HILL RESIDENCES,"1,520,000",742.72,"2,047",Oct-24,SOUTH BUONA VISTA ROAD,Sub Sale,Strata,69,"22,029",-,Apartment,1,99 yrs lease commencing from 2018,05,Rest of Central Region,01 to 05
ONE-NORTH RESIDENCES,"947,000",592.02,"1,600",Oct-24,ONE-NORTH GATEWAY,Resale,Strata,55,"17,218",-,Apartment,1,99 yrs lease commencing from 2005,05,Rest of Central Region,06 to 10
THE ROCHESTER RESIDENCES,"1,350,000",871.88,"1,548",Oct-24,ROCHESTER DRIVE,Resale,Strata,81,"16,667",-,Apartment,1,99 yrs lease commencing from 2005,05,Rest of Central Region,26 to 30
VILLAGE @ PASIR PANJANG,"1,480,000",828.83,"1,786",Oct-24,PASIR PANJANG ROAD,Resale,Strata,77,"19,221",-,Condominium,1,Freehold,05,Rest of Central Region,01 to 05
BLUE HORIZON,"1,685,000","1,162.51","1,449",Oct-24,WEST COAST CRESCENT,Resale,Strata,108,"15,602",-,Condominium,1,99 yrs lease commencing from 2000,05,Outside Central Region,16 to 20
WHISTLER GRAND,"905,000",505.91,"1,789",Oct-24,WEST COAST VALE,Resale,Strata,47,"19,255",-,Apartment,1,99 yrs lease commencing from 2018,05,Outside Central Region,16 to 20
FABER CREST,"1,600,000","1,356.26","1,180",Oct-24,FABER HEIGHTS,Resale,Strata,126,"12,698",-,Condominium,1,99 yrs lease commencing from 1996,05,Outside Central Region,01 to 05
PARC CLEMATIS,"1,525,000",721.19,"2,115",Oct-24,JALAN LEMPENG,Sub Sale,Strata,67,"22,761",-,Apartment,1,99 yrs lease commencing from 2019,05,Outside Central Region,11 to 15
NORMANTON PARK,"1,268,000",645.84,"1,963",Oct-24,NORMANTON PARK,Sub Sale,Strata,60,"21,133",-,Apartment,1,99 yrs lease commencing from 2019,05,Rest of Central Region,21 to 25
ONE-NORTH EDEN,"3,310,800","1,410.08","2,348",Oct-24,SLIM BARRACKS RISE,Sub Sale,Strata,131,"25,273",-,Apartment,1,99 yrs lease commencing from 2019,05,Rest of Central Region,01 to 05
FABER CREST,"1,600,000","1,259.39","1,270",Oct-24,FABER HEIGHTS,Resale,Strata,117,"13,675",-,Condominium,1,99 yrs lease commencing from 1996,05,Outside Central Region,01 to 05
CLAVON,"1,398,000",764.24,"1,829",Oct-24,CLEMENTI AVENUE 1,Sub Sale,Strata,71,"19,690",-,Apartment,1,99 yrs lease commencing from 2019,05,Outside Central Region,01 to 05
WHISTLER GRAND,"1,950,000",990.29,"1,969",Oct-24,WEST COAST VALE,Resale,Strata,92,"21,196",-,Apartment,1,99 yrs lease commencing from 2018,05,Outside Central Region,26 to 30
CLEMENTIWOODS CONDOMINIUM,"1,850,000","1,345.5","1,375",Oct-24,WEST COAST ROAD,Resale,Strata,125,"14,800",-,Condominium,1,99 yrs lease commencing from 2006,05,Outside Central Region,01 to 05
THE CLEMENT CANOPY,"2,150,000","1,140.98","1,884",Oct-24,CLEMENTI AVENUE 1,Resale,Strata,106,"20,283",-,Apartment,1,99 yrs lease commencing from 2016,05,Outside Central Region,06 to 10
WHISTLER GRAND,"2,300,000","1,280.92","1,796",Oct-24,WEST COAST VALE,Resale,Strata,119,"19,328",-,Apartment,1,99 yrs lease commencing from 2018,05,Outside Central Region,06 to 10
THE INFINITI,"1,540,000",914.94,"1,683",Oct-24,WEST COAST PARK,Resale,Strata,85,"18,118",-,Condominium,1,Freehold,05,Outside Central Region,06 to 10
SEAHILL,"1,750,000","1,044.11","1,676",Oct-24,WEST COAST CRESCENT,Resale,Strata,97,"18,041",-,Condominium,1,99 yrs lease commencing from 2011,05,Outside Central Region,11 to 15
PARC CLEMATIS,"2,388,000","1,044.11","2,287",Oct-24,JALAN LEMPENG,Sub Sale,Strata,97,"24,619",-,Apartment,1,99 yrs lease commencing from 2019,05,Outside Central Region,16 to 20
TWIN VEW,"1,630,000",904.18,"1,803",Oct-24,WEST COAST VALE,Resale,Strata,84,"19,405",-,Apartment,1,99 yrs lease commencing from 2017,05,Outside Central Region,01 to 05
HUNDRED TREES,"1,620,000",914.94,"1,771",Oct-24,WEST COAST DRIVE,Resale,Strata,85,"19,059",-,Condominium,1,956 yrs lease commencing from 1928,05,Outside Central Region,06 to 10
CLAVON,"988,888",527.44,"1,875",Oct-24,CLEMENTI AVENUE 1,Sub Sale,Strata,49,"20,181",-,Apartment,1,99 yrs lease commencing from 2019,05,Outside Central Region,06 to 10
PARC CLEMATIS,"1,838,888",861.12,"2,135",Oct-24,JALAN LEMPENG,Sub Sale,Strata,80,"22,986",-,Apartment,1,99 yrs lease commencing from 2019,05,Outside Central Region,16 to 20
PARC IMPERIAL,"888,000",495.14,"1,793",Oct-24,PASIR PANJANG ROAD,Resale,Strata,46,"19,304",-,Condominium,1,Freehold,05,Rest of Central Region,01 to 05
CRYSTAL HEIGHTS,"1,250,000",796.54,"1,569",Oct-24,PASIR PANJANG HILL,Resale,Strata,74,"16,892",-,Apartment,1,Freehold,05,Rest of Central Region,01 to 05
CLAVON,"1,288,000",678.13,"1,899",Oct-24,CLEMENTI AVENUE 1,Sub Sale,Strata,63,"20,444",-,Apartment,1,99 yrs lease commencing from 2019,05,Outside Central Region,01 to 05
PARC CLEMATIS,"915,000",452.09,"2,024",Oct-24,JALAN LEMPENG,Sub Sale,Strata,42,"21,786",-,Apartment,1,99 yrs lease commencing from 2019,05,Outside Central Region,06 to 10
PARC CLEMATIS,"1,338,000",688.9,"1,942",Oct-24,JALAN LEMPENG,Sub Sale,Strata,64,"20,906",-,Apartment,1,99 yrs lease commencing from 2019,05,Outside Central Region,06 to 10
THE VERANDAH RESIDENCES,"970,000",462.85,"2,096",Oct-24,PASIR PANJANG ROAD,Resale,Strata,43,"22,558",-,Apartment,1,Freehold,05,Rest of Central Region,01 to 05
VARSITY PARK CONDOMINIUM,"1,978,000","1,280.92","1,544",Oct-24,WEST COAST ROAD,Resale,Strata,119,"16,622",-,Condominium,1,99 yrs lease commencing from 2004,05,Outside Central Region,01 to 05
THE VISION,"1,430,000",904.18,"1,582",Oct-24,WEST COAST CRESCENT,Resale,Strata,84,"17,024",-,Condominium,1,99 yrs lease commencing from 2008,05,Outside Central Region,16 to 20
PARC CLEMATIS,"860,000",452.09,"1,902",Oct-24,JALAN LEMPENG,Sub Sale,Strata,42,"20,476",-,Apartment,1,99 yrs lease commencing from 2019,05,Outside Central Region,06 to 10
CLAVON,"3,300,000","1,582.31","2,086",Oct-24,CLEMENTI AVENUE 1,Sub Sale,Strata,147,"22,449",-,Apartment,1,99 yrs lease commencing from 2019,05,Outside Central Region,26 to 30
DOVER PARKVIEW,"1,200,000","1,216.33",987,Oct-24,DOVER RISE,Resale,Strata,113,"10,619",-,Condominium,1,99 yrs lease commencing from 1993,05,Rest of Central Region,01 to 05
WHISTLER GRAND,"1,370,000",764.24,"1,793",Oct-24,WEST COAST VALE,Resale,Strata,71,"19,296",-,Apartment,1,99 yrs lease commencing from 2018,05,Outside Central Region,16 to 20
PARC RIVIERA,"958,000",602.78,"1,589",Oct-24,WEST COAST VALE,Resale,Strata,56,"17,107",-,Condominium,1,99 yrs lease commencing from 2015,05,Outside Central Region,11 to 15
WESTCOVE CONDOMINIUM,"1,300,000","1,097.93","1,184",Oct-24,WEST COAST CRESCENT,Resale,Strata,102,"12,745",-,Condominium,1,99 yrs lease commencing from 1995,05,Outside Central Region,01 to 05
CLAVON,"1,468,000",764.24,"1,921",Oct-24,CLEMENTI AVENUE 1,Sub Sale,Strata,71,"20,676",-,Apartment,1,99 yrs lease commencing from 2019,05,Outside Central Region,01 to 05
CLEMENTIWOODS CONDOMINIUM,"1,960,000","1,388.56","1,412",Oct-24,WEST COAST ROAD,Resale,Strata,129,"15,194",-,Condominium,1,99 yrs lease commencing from 2006,05,Outside Central Region,01 to 05
CLAVON,"1,530,000",764.24,"2,002",Oct-24,CLEMENTI AVENUE 1,Sub Sale,Strata,71,"21,549",-,Apartment,1,99 yrs lease commencing from 2019,05,Outside Central Region,26 to 30
CLAVON,"2,000,000",958,"2,088",Oct-24,CLEMENTI AVENUE 1,Sub Sale,Strata,89,"22,472",-,Apartment,1,99 yrs lease commencing from 2019,05,Outside Central Region,06 to 10
ONE-NORTH EDEN,"1,243,000",516.67,"2,406",Oct-24,SLIM BARRACKS RISE,Sub Sale,Strata,48,"25,896",-,Apartment,1,99 yrs lease commencing from 2019,05,Rest of Central Region,06 to 10
WEST BAY CONDOMINIUM,"1,480,000","1,227.1","1,206",Oct-24,WEST COAST CRESCENT,Resale,Strata,114,"12,982",-,Condominium,1,99 yrs lease commencing from 1991,05,Outside Central Region,01 to 05
ICON @ PASIR PANJANG,"830,000",452.09,"1,836",Oct-24,PASIR PANJANG ROAD,Resale,Strata,42,"19,762",-,Apartment,1,Freehold,05,Rest of Central Region,01 to 05
THE ROCHESTER RESIDENCES,"1,970,000","1,302.44","1,513",Oct-24,ROCHESTER DRIVE,Resale,Strata,121,"16,281",-,Apartment,1,99 yrs lease commencing from 2005,05,Rest of Central Region,11 to 15
THE TRILINQ,"2,350,000","1,356.26","1,733",Oct-24,JALAN LEMPENG,Resale,Strata,126,"18,651",-,Condominium,1,99 yrs lease commencing from 2012,05,Outside Central Region,26 to 30
WATERFRONT @ FABER,"1,030,000",710.42,"1,450",Oct-24,FABER WALK,Resale,Strata,66,"15,606",-,Apartment,1,99 yrs lease commencing from 2013,05,Outside Central Region,01 to 05
SEAHILL,"1,910,000","1,130.22","1,690",Oct-24,WEST COAST CRESCENT,Resale,Strata,105,"18,190",-,Condominium,1,99 yrs lease commencing from 2011,05,Outside Central Region,16 to 20
CLAVON,"1,510,000",764.24,"1,976",Oct-24,CLEMENTI AVENUE 1,Sub Sale,Strata,71,"21,268",-,Apartment,1,99 yrs lease commencing from 2019,05,Outside Central Region,11 to 15
TWIN VEW,"1,860,000","1,054.87","1,763",Oct-24,WEST COAST VALE,Resale,Strata,98,"18,980",-,Apartment,1,99 yrs lease commencing from 2017,05,Outside Central Region,11 to 15
NORMANTON PARK,"2,400,000","1,097.93","2,186",Oct-24,NORMANTON PARK,Sub Sale,Strata,102,"23,529",-,Apartment,1,99 yrs lease commencing from 2019,05,Rest of Central Region,21 to 25
PARC CLEMATIS,"2,933,000","1,291.68","2,271",Oct-24,JALAN LEMPENG,Sub Sale,Strata,120,"24,442",-,Apartment,1,99 yrs lease commencing from 2019,05,Outside Central Region,06 to 10
KENT RIDGE HILL RESIDENCES,"1,518,000",785.77,"1,932",Oct-24,SOUTH BUONA VISTA ROAD,Sub Sale,Strata,73,"20,795",-,Apartment,1,99 yrs lease commencing from 2018,05,Rest of Central Region,01 to 05
TWIN VEW,"1,400,000",818.06,"1,711",Oct-24,WEST COAST VALE,Resale,Strata,76,"18,421",-,Apartment,1,99 yrs lease commencing from 2017,05,Outside Central Region,16 to 20
THE INFINITI,"2,000,000","1,345.5","1,486",Oct-24,WEST COAST PARK,Resale,Strata,125,"16,000",-,Condominium,1,Freehold,05,Outside Central Region,01 to 05
WATERFRONT @ FABER,"1,605,000","1,033.34","1,553",Oct-24,FABER WALK,Resale,Strata,96,"16,719",-,Apartment,1,99 yrs lease commencing from 2013,05,Outside Central Region,01 to 05
CLAVON,"2,030,000",958,"2,119",Oct-24,CLEMENTI AVENUE 1,Sub Sale,Strata,89,"22,809",-,Apartment,1,99 yrs lease commencing from 2019,05,Outside Central Region,11 to 15
PARC CLEMATIS,"2,295,000","1,044.11","2,198",Oct-24,JALAN LEMPENG,Sub Sale,Strata,97,"23,660",-,Apartment,1,99 yrs lease commencing from 2019,05,Outside Central Region,06 to 10
PARC CLEMATIS,"1,960,000",990.29,"1,979",Oct-24,JALAN LEMPENG,Sub Sale,Strata,92,"21,304",-,Apartment,1,99 yrs lease commencing from 2019,05,Outside Central Region,06 to 10
VARSITY PARK CONDOMINIUM,"3,000,000","2,271.2","1,321",Oct-24,WEST COAST ROAD,Resale,Strata,211,"14,218",-,Condominium,1,99 yrs lease commencing from 2004,05,Outside Central Region,01 to 05
WHISTLER GRAND,"1,160,000",613.55,"1,891",Oct-24,WEST COAST VALE,Resale,Strata,57,"20,351",-,Apartment,1,99 yrs lease commencing from 2018,05,Outside Central Region,11 to 15
SEAHILL,"1,180,000",710.42,"1,661",Oct-24,WEST COAST CRESCENT,Resale,Strata,66,"17,879",-,Condominium,1,99 yrs lease commencing from 2011,05,Outside Central Region,26 to 30
PARC RIVIERA,"980,000",602.78,"1,626",Oct-24,WEST COAST VALE,Resale,Strata,56,"17,500",-,Condominium,1,99 yrs lease commencing from 2015,05,Outside Central Region,21 to 25
HERITAGE VIEW,"1,920,000","1,162.51","1,652",Oct-24,DOVER RISE,Resale,Strata,108,"17,778",-,Condominium,1,99 yrs lease commencing from 1996,05,Rest of Central Region,16 to 20
PARC RIVIERA,"1,118,000",710.42,"1,574",Oct-24,WEST COAST VALE,Resale,Strata,66,"16,939",-,Condominium,1,99 yrs lease commencing from 2015,05,Outside Central Region,06 to 10
CLAVON,"2,480,000","1,130.22","2,194",Oct-24,CLEMENTI AVENUE 1,Sub Sale,Strata,105,"23,619",-,Apartment,1,99 yrs lease commencing from 2019,05,Outside Central Region,26 to 30
CLAVON,"1,338,000",678.13,"1,973",Oct-24,CLEMENTI AVENUE 1,Sub Sale,Strata,63,"21,238",-,Apartment,1,99 yrs lease commencing from 2019,05,Outside Central Region,06 to 10
THE TRILINQ,"1,780,000",914.94,"1,945",Oct-24,JALAN LEMPENG,Resale,Strata,85,"20,941",-,Condominium,1,99 yrs lease commencing from 2012,05,Outside Central Region,21 to 25
CLAVON,"1,310,000",678.13,"1,932",Oct-24,CLEMENTI AVENUE 1,Sub Sale,Strata,63,"20,794",-,Apartment,1,99 yrs lease commencing from 2019,05,Outside Central Region,06 to 10
CLAVON,"2,938,000","1,582.31","1,857",Oct-24,CLEMENTI AVENUE 1,Sub Sale,Strata,147,"19,986",-,Apartment,1,99 yrs lease commencing from 2019,05,Outside Central Region,01 to 05
PARC RIVIERA,"1,880,000","1,151.75","1,632",Sep-24,WEST COAST VALE,Resale,Strata,107,"17,570",-,Condominium,1,99 yrs lease commencing from 2015,05,Outside Central Region,11 to 15
THE CLEMENT CANOPY,"1,958,888",990.29,"1,978",Sep-24,CLEMENTI AVENUE 1,Resale,Strata,92,"21,292",-,Apartment,1,99 yrs lease commencing from 2016,05,Outside Central Region,31 to 35
TWIN VEW,"2,278,000","1,184.04","1,924",Sep-24,WEST COAST VALE,Resale,Strata,110,"20,709",-,Apartment,1,99 yrs lease commencing from 2017,05,Outside Central Region,31 to 35
CLAVON,"2,700,000","1,280.92","2,108",Sep-24,CLEMENTI AVENUE 1,Sub Sale,Strata,119,"22,689",-,Apartment,1,99 yrs lease commencing from 2019,05,Outside Central Region,21 to 25
CARABELLE,"2,260,000","1,259.39","1,795",Sep-24,WEST COAST WAY,Resale,Strata,117,"19,316",-,Condominium,1,956 yrs lease commencing from 1928,05,Outside Central Region,06 to 10
FABER CREST,"2,195,000","1,754.53","1,251",Sep-24,FABER HEIGHTS,Resale,Strata,163,"13,466",-,Condominium,1,99 yrs lease commencing from 1996,05,Outside Central Region,01 to 05
WHISTLER GRAND,"1,980,000","1,065.64","1,858",Sep-24,WEST COAST VALE,Resale,Strata,99,"20,000",-,Apartment,1,99 yrs lease commencing from 2018,05,Outside Central Region,11 to 15
SEAHILL,"1,020,000",688.9,"1,481",Sep-24,WEST COAST CRESCENT,Resale,Strata,64,"15,938",-,Condominium,1,99 yrs lease commencing from 2011,05,Outside Central Region,16 to 20
WESTCOVE CONDOMINIUM,"1,600,000","1,517.72","1,054",Sep-24,WEST COAST CRESCENT,Resale,Strata,141,"11,348",-,Condominium,1,99 yrs lease commencing from 1995,05,Outside Central Region,01 to 05
BOTANNIA,"2,220,000","1,313.21","1,691",Sep-24,WEST COAST PARK,Resale,Strata,122,"18,197",-,Condominium,1,956 yrs lease commencing from 1928,05,Outside Central Region,06 to 10
LANDRIDGE CONDOMINIUM,"3,080,000","1,829.88","1,683",Sep-24,PASIR PANJANG ROAD,Resale,Strata,170,"18,118",-,Condominium,1,Freehold,05,Rest of Central Region,01 to 05
PARC RIVIERA,"1,173,000",710.42,"1,651",Sep-24,WEST COAST VALE,Resale,Strata,66,"17,773",-,Condominium,1,99 yrs lease commencing from 2015,05,Outside Central Region,11 to 15
PARC RIVIERA,"1,880,000","1,151.75","1,632",Sep-24,WEST COAST VALE,Resale,Strata,107,"17,570",-,Condominium,1,99 yrs lease commencing from 2015,05,Outside Central Region,11 to 15
FABER CREST,"1,550,000","1,248.62","1,241",Sep-24,FABER HEIGHTS,Resale,Strata,116,"13,362",-,Condominium,1,99 yrs lease commencing from 1996,05,Outside Central Region,01 to 05
ONE-NORTH EDEN,"1,800,000",764.24,"2,355",Sep-24,SLIM BARRACKS RISE,Sub Sale,Strata,71,"25,352",-,Apartment,1,99 yrs lease commencing from 2019,05,Rest of Central Region,01 to 05
CLAVON,"2,950,000","1,356.26","2,175",Sep-24,CLEMENTI AVENUE 1,Sub Sale,Strata,126,"23,413",-,Apartment,1,99 yrs lease commencing from 2019,05,Outside Central Region,01 to 05
THE TRILINQ,"1,330,000",710.42,"1,872",Sep-24,JALAN LEMPENG,Resale,Strata,66,"20,152",-,Condominium,1,99 yrs lease commencing from 2012,05,Outside Central Region,21 to 25
PARC CLEMATIS,"2,068,888",893.41,"2,316",Sep-24,JALAN LEMPENG,Sub Sale,Strata,83,"24,926",-,Apartment,1,99 yrs lease commencing from 2019,05,Outside Central Region,16 to 20
PARC RIVIERA,"1,938,000","1,151.75","1,683",Sep-24,WEST COAST VALE,Resale,Strata,107,"18,112",-,Condominium,1,99 yrs lease commencing from 2015,05,Outside Central Region,16 to 20
TWIN VEW,"1,290,000",710.42,"1,816",Sep-24,WEST COAST VALE,Resale,Strata,66,"19,545",-,Apartment,1,99 yrs lease commencing from 2017,05,Outside Central Region,31 to 35
CLAVON,"1,500,000",764.24,"1,963",Sep-24,CLEMENTI AVENUE 1,Sub Sale,Strata,71,"21,127",-,Apartment,1,99 yrs lease commencing from 2019,05,Outside Central Region,21 to 25
THE TRILINQ,"1,840,888",936.47,"1,966",Sep-24,JALAN LEMPENG,Resale,Strata,87,"21,160",-,Condominium,1,99 yrs lease commencing from 2012,05,Outside Central Region,31 to 35
ONE-NORTH RESIDENCES,"2,300,000","1,323.97","1,737",Sep-24,ONE-NORTH GATEWAY,Resale,Strata,123,"18,699",-,Apartment,1,99 yrs lease commencing from 2005,05,Rest of Central Region,11 to 15
HERITAGE VIEW,"1,880,000","1,194.8","1,573",Sep-24,DOVER RISE,Resale,Strata,111,"16,937",-,Condominium,1,99 yrs lease commencing from 1996,05,Rest of Central Region,11 to 15
PARC CLEMATIS,"1,395,000",721.19,"1,934",Sep-24,JALAN LEMPENG,Sub Sale,Strata,67,"20,821",-,Apartment,1,99 yrs lease commencing from 2019,05,Outside Central Region,06 to 10
HUNDRED TREES,"2,775,000","1,474.67","1,882",Sep-24,WEST COAST DRIVE,Resale,Strata,137,"20,255",-,Condominium,1,956 yrs lease commencing from 1928,05,Outside Central Region,01 to 05
CLAVON,"1,370,000",678.13,"2,020",Sep-24,CLEMENTI AVENUE 1,Sub Sale,Strata,63,"21,746",-,Apartment,1,99 yrs lease commencing from 2019,05,Outside Central Region,26 to 30
PARC RIVIERA,"1,160,000",710.42,"1,633",Sep-24,WEST COAST VALE,Resale,Strata,66,"17,576",-,Condominium,1,99 yrs lease commencing from 2015,05,Outside Central Region,16 to 20
HERITAGE VIEW,"2,258,888","1,313.21","1,720",Sep-24,DOVER RISE,Resale,Strata,122,"18,515",-,Condominium,1,99 yrs lease commencing from 1996,05,Rest of Central Region,16 to 20
BOTANNIA,"2,208,000","1,270.15","1,738",Sep-24,WEST COAST PARK,Resale,Strata,118,"18,712",-,Condominium,1,956 yrs lease commencing from 1928,05,Outside Central Region,06 to 10
REGENT PARK,"1,810,000","1,194.8","1,515",Sep-24,JALAN LEMPENG,Resale,Strata,111,"16,306",-,Condominium,1,99 yrs lease commencing from 1993,05,Outside Central Region,06 to 10
PARC CLEMATIS,"3,038,000","1,291.68","2,352",Sep-24,JALAN LEMPENG,Sub Sale,Strata,120,"25,317",-,Apartment,1,99 yrs lease commencing from 2019,05,Outside Central Region,21 to 25
PARC CLEMATIS,"2,810,000","1,248.62","2,250",Sep-24,JALAN LEMPENG,Sub Sale,Strata,116,"24,224",-,Apartment,1,99 yrs lease commencing from 2019,05,Outside Central Region,11 to 15
TWIN VEW,"2,800,000","1,517.72","1,845",Sep-24,WEST COAST VALE,Resale,Strata,141,"19,858",-,Apartment,1,99 yrs lease commencing from 2017,05,Outside Central Region,21 to 25
THE CLEMENT CANOPY,"1,255,000",656.6,"1,911",Sep-24,CLEMENTI AVENUE 1,Resale,Strata,61,"20,574",-,Apartment,1,99 yrs lease commencing from 2016,05,Outside Central Region,06 to 10
THE TRILINQ,"4,300,000","4,606.99",933,Sep-24,JALAN LEMPENG,Resale,Strata,428,"10,047",-,Condominium,1,99 yrs lease commencing from 2012,05,Outside Central Region,36 to 40
NORMANTON PARK,"1,528,888",721.19,"2,120",Sep-24,NORMANTON PARK,Sub Sale,Strata,67,"22,819",-,Apartment,1,99 yrs lease commencing from 2019,05,Rest of Central Region,06 to 10
SEAHILL,"1,475,000",861.12,"1,713",Sep-24,WEST COAST CRESCENT,Resale,Strata,80,"18,438",-,Condominium,1,99 yrs lease commencing from 2011,05,Outside Central Region,11 to 15
WEST BAY CONDOMINIUM,"1,520,000","1,356.26","1,121",Sep-24,WEST COAST CRESCENT,Resale,Strata,126,"12,063",-,Condominium,1,99 yrs lease commencing from 1991,05,Outside Central Region,06 to 10
KENT RIDGE HILL RESIDENCES,"1,550,000",785.77,"1,973",Sep-24,SOUTH BUONA VISTA ROAD,Sub Sale,Strata,73,"21,233",-,Apartment,1,99 yrs lease commencing from 2018,05,Rest of Central Region,01 to 05
THE TRILINQ,"2,200,000","1,356.26","1,622",Sep-24,JALAN LEMPENG,Resale,Strata,126,"17,460",-,Condominium,1,99 yrs lease commencing from 2012,05,Outside Central Region,06 to 10
THE INFINITI,"2,380,000","1,496.2","1,591",Sep-24,WEST COAST PARK,Resale,Strata,139,"17,122",-,Condominium,1,Freehold,05,Outside Central Region,06 to 10
CLAVON,"1,490,000",764.24,"1,950",Sep-24,CLEMENTI AVENUE 1,Sub Sale,Strata,71,"20,986",-,Apartment,1,99 yrs lease commencing from 2019,05,Outside Central Region,11 to 15
PARC CLEMATIS,"922,000",452.09,"2,039",Sep-24,JALAN LEMPENG,Sub Sale,Strata,42,"21,952",-,Apartment,1,99 yrs lease commencing from 2019,05,Outside Central Region,16 to 20
CLAVON,"1,320,000",678.13,"1,947",Sep-24,CLEMENTI AVENUE 1,Sub Sale,Strata,63,"20,952",-,Apartment,1,99 yrs lease commencing from 2019,05,Outside Central Region,16 to 20
PARC CLEMATIS,"2,030,000",968.76,"2,095",Sep-24,JALAN LEMPENG,Sub Sale,Strata,90,"22,556",-,Apartment,1,99 yrs lease commencing from 2019,05,Outside Central Region,16 to 20
WHITEHAVEN,"1,800,000","1,657.66","1,086",Sep-24,PASIR PANJANG ROAD,Resale,Strata,154,"11,688",-,Apartment,1,Freehold,05,Rest of Central Region,01 to 05
WATERFRONT @ FABER,"1,068,000",699.66,"1,526",Sep-24,FABER WALK,Resale,Strata,65,"16,431",-,Apartment,1,99 yrs lease commencing from 2013,05,Outside Central Region,01 to 05
CLAVON,"1,960,000",958,"2,046",Sep-24,CLEMENTI AVENUE 1,Sub Sale,Strata,89,"22,022",-,Apartment,1,99 yrs lease commencing from 2019,05,Outside Central Region,06 to 10
NORMANTON PARK,"1,390,000",656.6,"2,117",Sep-24,NORMANTON PARK,Sub Sale,Strata,61,"22,787",-,Apartment,1,99 yrs lease commencing from 2019,05,Rest of Central Region,21 to 25
ONE-NORTH EDEN,"2,750,000","1,259.39","2,184",Sep-24,SLIM BARRACKS RISE,Sub Sale,Strata,117,"23,504",-,Apartment,1,99 yrs lease commencing from 2019,05,Rest of Central Region,01 to 05
CLAVON,"1,560,000",764.24,"2,041",Sep-24,CLEMENTI AVENUE 1,Sub Sale,Strata,71,"21,972",-,Apartment,1,99 yrs lease commencing from 2019,05,Outside Central Region,11 to 15
THE PARC CONDOMINIUM,"2,688,300","1,420.85","1,892",Sep-24,WEST COAST WALK,Resale,Strata,132,"20,366",-,Condominium,1,Freehold,05,Outside Central Region,06 to 10
THE PARC CONDOMINIUM,"1,780,000",979.52,"1,817",Sep-24,WEST COAST WALK,Resale,Strata,91,"19,560",-,Condominium,1,Freehold,05,Outside Central Region,06 to 10
THE MAYLEA,"850,000",495.14,"1,717",Sep-24,PASIR PANJANG ROAD,Resale,Strata,46,"18,478",-,Condominium,1,Freehold,05,Rest of Central Region,01 to 05
THE PARC CONDOMINIUM,"2,268,888","1,216.33","1,865",Sep-24,WEST COAST WALK,Resale,Strata,113,"20,079",-,Condominium,1,Freehold,05,Outside Central Region,06 to 10
PARC CLEMATIS,"2,400,000","1,044.11","2,299",Sep-24,JALAN LEMPENG,Sub Sale,Strata,97,"24,742",-,Apartment,1,99 yrs lease commencing from 2019,05,Outside Central Region,16 to 20
REGENT PARK,"1,250,000",958,"1,305",Sep-24,JALAN LEMPENG,Resale,Strata,89,"14,045",-,Condominium,1,99 yrs lease commencing from 1993,05,Outside Central Region,06 to 10
ONE-NORTH RESIDENCES,"2,350,000","1,323.97","1,775",Sep-24,ONE-NORTH GATEWAY,Resale,Strata,123,"19,106",-,Apartment,1,99 yrs lease commencing from 2005,05,Rest of Central Region,11 to 15
PARC RIVIERA,"945,000",602.78,"1,568",Sep-24,WEST COAST VALE,Resale,Strata,56,"16,875",-,Condominium,1,99 yrs lease commencing from 2015,05,Outside Central Region,01 to 05
REGENT PARK,"1,250,000",958,"1,305",Sep-24,JALAN LEMPENG,Resale,Strata,89,"14,045",-,Condominium,1,99 yrs lease commencing from 1993,05,Outside Central Region,06 to 10
WHISTLER GRAND,"820,000",441.32,"1,858",Sep-24,WEST COAST VALE,Resale,Strata,41,"20,000",-,Apartment,1,99 yrs lease commencing from 2018,05,Outside Central Region,31 to 35
NORMANTON PARK,"1,628,000",731.95,"2,224",Sep-24,NORMANTON PARK,Sub Sale,Strata,68,"23,941",-,Apartment,1,99 yrs lease commencing from 2019,05,Rest of Central Region,16 to 20
NORMANTON PARK,"1,610,000",731.95,"2,200",Sep-24,NORMANTON PARK,Sub Sale,Strata,68,"23,676",-,Apartment,1,99 yrs lease commencing from 2019,05,Rest of Central Region,21 to 25
TWIN VEW,"1,935,000","1,054.87","1,834",Sep-24,WEST COAST VALE,Resale,Strata,98,"19,745",-,Apartment,1,99 yrs lease commencing from 2017,05,Outside Central Region,16 to 20
CLAVON,"1,560,000",764.24,"2,041",Sep-24,CLEMENTI AVENUE 1,Sub Sale,Strata,71,"21,972",-,Apartment,1,99 yrs lease commencing from 2019,05,Outside Central Region,11 to 15
THE CLEMENT CANOPY,"2,500,000","1,345.5","1,858",Sep-24,CLEMENTI AVENUE 1,Resale,Strata,125,"20,000",-,Apartment,1,99 yrs lease commencing from 2016,05,Outside Central Region,01 to 05
FABER CREST,"1,600,000","1,259.39","1,270",Sep-24,FABER HEIGHTS,Resale,Strata,117,"13,675",-,Condominium,1,99 yrs lease commencing from 1996,05,Outside Central Region,01 to 05
KENT RIDGE HILL RESIDENCES,"1,680,000",861.12,"1,951",Sep-24,SOUTH BUONA VISTA ROAD,Sub Sale,Strata,80,"21,000",-,Apartment,1,99 yrs lease commencing from 2018,05,Rest of Central Region,01 to 05
CLAVON,"2,072,000",958,"2,163",Sep-24,CLEMENTI AVENUE 1,Sub Sale,Strata,89,"23,281",-,Apartment,1,99 yrs lease commencing from 2019,05,Outside Central Region,11 to 15
CARABELLE,"1,780,000",947.23,"1,879",Sep-24,WEST COAST WAY,Resale,Strata,88,"20,227",-,Condominium,1,956 yrs lease commencing from 1928,05,Outside Central Region,06 to 10
TWIN VEW,"895,000",484.38,"1,848",Sep-24,WEST COAST VALE,Resale,Strata,45,"19,889",-,Apartment,1,99 yrs lease commencing from 2017,05,Outside Central Region,21 to 25
REGENT PARK,"1,210,000",904.18,"1,338",Sep-24,JALAN LEMPENG,Resale,Strata,84,"14,405",-,Condominium,1,99 yrs lease commencing from 1993,05,Outside Central Region,06 to 10
CLAVON,"2,250,000","1,130.22","1,991",Sep-24,CLEMENTI AVENUE 1,Sub Sale,Strata,105,"21,429",-,Apartment,1,99 yrs lease commencing from 2019,05,Outside Central Region,01 to 05
SEAHILL,"990,000",667.37,"1,483",Sep-24,WEST COAST CRESCENT,Resale,Strata,62,"15,968",-,Condominium,1,99 yrs lease commencing from 2011,05,Outside Central Region,16 to 20
WHISTLER GRAND,"845,000",441.32,"1,915",Sep-24,WEST COAST VALE,Resale,Strata,41,"20,610",-,Apartment,1,99 yrs lease commencing from 2018,05,Outside Central Region,21 to 25
BLUE HORIZON,"1,228,000",904.18,"1,358",Sep-24,WEST COAST CRESCENT,Resale,Strata,84,"14,619",-,Condominium,1,99 yrs lease commencing from 2000,05,Outside Central Region,16 to 20
WHISTLER GRAND,"2,280,000","1,280.92","1,780",Sep-24,WEST COAST VALE,Resale,Strata,119,"19,160",-,Apartment,1,99 yrs lease commencing from 2018,05,Outside Central Region,06 to 10
PARC CLEMATIS,"1,900,000",914.94,"2,077",Sep-24,JALAN LEMPENG,Sub Sale,Strata,85,"22,353",-,Apartment,1,99 yrs lease commencing from 2019,05,Outside Central Region,01 to 05
WATERFRONT @ FABER,"1,033,000",721.19,"1,432",Sep-24,FABER WALK,Resale,Strata,67,"15,418",-,Apartment,1,99 yrs lease commencing from 2013,05,Outside Central Region,01 to 05
NORMANTON PARK,"1,340,000",656.6,"2,041",Sep-24,NORMANTON PARK,Sub Sale,Strata,61,"21,967",-,Apartment,1,99 yrs lease commencing from 2019,05,Rest of Central Region,16 to 20
SEAHILL,"1,030,000",667.37,"1,543",Sep-24,WEST COAST CRESCENT,Resale,Strata,62,"16,613",-,Condominium,1,99 yrs lease commencing from 2011,05,Outside Central Region,11 to 15
CLAVON,"2,650,000","1,280.92","2,069",Sep-24,CLEMENTI AVENUE 1,Sub Sale,Strata,119,"22,269",-,Apartment,1,99 yrs lease commencing from 2019,05,Outside Central Region,11 to 15
REGENT PARK,"1,660,000","1,227.1","1,353",Sep-24,JALAN LEMPENG,Resale,Strata,114,"14,561",-,Condominium,1,99 yrs lease commencing from 1993,05,Outside Central Region,01 to 05
THE TRILINQ,"2,650,000","1,517.72","1,746",Sep-24,JALAN LEMPENG,Resale,Strata,141,"18,794",-,Condominium,1,99 yrs lease commencing from 2012,05,Outside Central Region,31 to 35
TWIN VEW,"1,988,888","1,054.87","1,885",Sep-24,WEST COAST VALE,Resale,Strata,98,"20,295",-,Apartment,1,99 yrs lease commencing from 2017,05,Outside Central Region,31 to 35
WATERFRONT @ FABER,"1,100,000",753.48,"1,460",Sep-24,FABER WALK,Resale,Strata,70,"15,714",-,Apartment,1,99 yrs lease commencing from 2013,05,Outside Central Region,01 to 05
HARBOUR VIEW GARDENS,"1,180,000",624.31,"1,890",Sep-24,PASIR PANJANG ROAD,Resale,Strata,58,"20,345",-,Apartment,1,Freehold,05,Rest of Central Region,01 to 05
THE CLEMENT CANOPY,"1,198,000",635.08,"1,886",Sep-24,CLEMENTI AVENUE 1,Resale,Strata,59,"20,305",-,Apartment,1,99 yrs lease commencing from 2016,05,Outside Central Region,16 to 20
VARSITY PARK CONDOMINIUM,"2,720,000","1,894.46","1,436",Sep-24,WEST COAST ROAD,Resale,Strata,176,"15,455",-,Condominium,1,99 yrs lease commencing from 2004,05,Outside Central Region,01 to 05
THE CLEMENT CANOPY,"1,930,000",990.29,"1,949",Sep-24,CLEMENTI AVENUE 1,Resale,Strata,92,"20,978",-,Apartment,1,99 yrs lease commencing from 2016,05,Outside Central Region,21 to 25
NORMANTON PARK,"1,822,500",828.83,"2,199",Sep-24,NORMANTON PARK,Sub Sale,Strata,77,"23,669",-,Apartment,1,99 yrs lease commencing from 2019,05,Rest of Central Region,21 to 25
THE PARC CONDOMINIUM,"1,800,000",979.52,"1,838",Sep-24,WEST COAST WALK,Resale,Strata,91,"19,780",-,Condominium,1,Freehold,05,Outside Central Region,11 to 15
PARC RIVIERA,"1,020,000",602.78,"1,692",Aug-24,WEST COAST VALE,Resale,Strata,56,"18,214",-,Condominium,1,99 yrs lease commencing from 2015,05,Outside Central Region,06 to 10
WATERFRONT @ FABER,"1,658,000","1,065.64","1,556",Aug-24,FABER WALK,Resale,Strata,99,"16,747",-,Apartment,1,99 yrs lease commencing from 2013,05,Outside Central Region,01 to 05
CLAVON,"2,390,000","1,130.22","2,115",Aug-24,CLEMENTI AVENUE 1,Sub Sale,Strata,105,"22,762",-,Apartment,1,99 yrs lease commencing from 2019,05,Outside Central Region,26 to 30
PARC CLEMATIS,"1,500,000",710.42,"2,111",Aug-24,JALAN LEMPENG,Sub Sale,Strata,66,"22,727",-,Apartment,1,99 yrs lease commencing from 2019,05,Outside Central Region,06 to 10
VENTANA,"2,070,000","1,313.21","1,576",Aug-24,PASIR PANJANG HILL,Resale,Strata,122,"16,967",-,Apartment,1,Freehold,05,Rest of Central Region,01 to 05
TWIN VEW,"1,220,000",710.42,"1,717",Aug-24,WEST COAST VALE,Resale,Strata,66,"18,485",-,Apartment,1,99 yrs lease commencing from 2017,05,Outside Central Region,21 to 25
KENT RIDGE HILL RESIDENCES,"1,400,000",785.77,"1,782",Aug-24,SOUTH BUONA VISTA ROAD,Sub Sale,Strata,73,"19,178",-,Apartment,1,99 yrs lease commencing from 2018,05,Rest of Central Region,01 to 05
CLAVON,"1,480,000",764.24,"1,937",Aug-24,CLEMENTI AVENUE 1,Sub Sale,Strata,71,"20,845",-,Apartment,1,99 yrs lease commencing from 2019,05,Outside Central Region,06 to 10
KENT RIDGE HILL RESIDENCES,"930,000",473.62,"1,964",Aug-24,SOUTH BUONA VISTA ROAD,Sub Sale,Strata,44,"21,136",-,Apartment,1,99 yrs lease commencing from 2018,05,Rest of Central Region,01 to 05
THE VISION,"2,060,000","1,313.21","1,569",Aug-24,WEST COAST CRESCENT,Resale,Strata,122,"16,885",-,Condominium,1,99 yrs lease commencing from 2008,05,Outside Central Region,16 to 20
PARC CLEMATIS,"1,365,000",688.9,"1,981",Aug-24,JALAN LEMPENG,Sub Sale,Strata,64,"21,328",-,Apartment,1,99 yrs lease commencing from 2019,05,Outside Central Region,11 to 15
WHISTLER GRAND,"1,180,000",602.78,"1,958",Aug-24,WEST COAST VALE,Resale,Strata,56,"21,071",-,Apartment,1,99 yrs lease commencing from 2018,05,Outside Central Region,31 to 35
FRAGRANCE COURT,"2,070,000","1,420.85","1,457",Aug-24,YEW SIANG ROAD,Resale,Strata,132,"15,682",-,Apartment,1,Freehold,05,Rest of Central Region,01 to 05
KENT RIDGE HILL RESIDENCES,"1,585,000",775.01,"2,045",Aug-24,SOUTH BUONA VISTA ROAD,Sub Sale,Strata,72,"22,014",-,Apartment,1,99 yrs lease commencing from 2018,05,Rest of Central Region,01 to 05
THE CLEMENT CANOPY,"1,835,000",990.29,"1,853",Aug-24,CLEMENTI AVENUE 1,Resale,Strata,92,"19,946",-,Apartment,1,99 yrs lease commencing from 2016,05,Outside Central Region,11 to 15
PARC RIVIERA,"977,000",602.78,"1,621",Aug-24,WEST COAST VALE,Resale,Strata,56,"17,446",-,Condominium,1,99 yrs lease commencing from 2015,05,Outside Central Region,31 to 35
WHISTLER GRAND,"830,000",441.32,"1,881",Aug-24,WEST COAST VALE,Resale,Strata,41,"20,244",-,Apartment,1,99 yrs lease commencing from 2018,05,Outside Central Region,11 to 15
PARC RIVIERA,"760,000",462.85,"1,642",Aug-24,WEST COAST VALE,Resale,Strata,43,"17,674",-,Condominium,1,99 yrs lease commencing from 2015,05,Outside Central Region,06 to 10
PARC RIVIERA,"1,520,000",904.18,"1,681",Aug-24,WEST COAST VALE,Resale,Strata,84,"18,095",-,Condominium,1,99 yrs lease commencing from 2015,05,Outside Central Region,31 to 35
CLAVON,"2,085,000",958,"2,176",Aug-24,CLEMENTI AVENUE 1,Sub Sale,Strata,89,"23,427",-,Apartment,1,99 yrs lease commencing from 2019,05,Outside Central Region,21 to 25
PARC RIVIERA,"1,500,000",904.18,"1,659",Aug-24,WEST COAST VALE,Resale,Strata,84,"17,857",-,Condominium,1,99 yrs lease commencing from 2015,05,Outside Central Region,31 to 35
SEAHILL,"830,000",505.91,"1,641",Aug-24,WEST COAST CRESCENT,Resale,Strata,47,"17,660",-,Condominium,1,99 yrs lease commencing from 2011,05,Outside Central Region,06 to 10
REGENT PARK,"1,580,000","1,130.22","1,398",Aug-24,JALAN LEMPENG,Resale,Strata,105,"15,048",-,Condominium,1,99 yrs lease commencing from 1993,05,Outside Central Region,06 to 10
THE ROCHESTER RESIDENCES,"2,042,000","1,302.44","1,568",Aug-24,ROCHESTER DRIVE,Resale,Strata,121,"16,876",-,Apartment,1,99 yrs lease commencing from 2005,05,Rest of Central Region,21 to 25
KENT RIDGE HILL RESIDENCES,"945,000",473.62,"1,995",Aug-24,SOUTH BUONA VISTA ROAD,Sub Sale,Strata,44,"21,477",-,Apartment,1,99 yrs lease commencing from 2018,05,Rest of Central Region,01 to 05
KENT RIDGE HILL RESIDENCES,"950,000",473.62,"2,006",Aug-24,SOUTH BUONA VISTA ROAD,Sub Sale,Strata,44,"21,591",-,Apartment,1,99 yrs lease commencing from 2018,05,Rest of Central Region,01 to 05
THE CLEMENT CANOPY,"1,350,000",710.42,"1,900",Aug-24,CLEMENTI AVENUE 1,Resale,Strata,66,"20,455",-,Apartment,1,99 yrs lease commencing from 2016,05,Outside Central Region,21 to 25
LE HILL CONDOMINIUM,"1,740,000","1,323.97","1,314",Aug-24,PASIR PANJANG HILL,Resale,Strata,123,"14,146",-,Condominium,1,Freehold,05,Rest of Central Region,01 to 05
THE TRILINQ,"915,000",538.2,"1,700",Aug-24,JALAN LEMPENG,Resale,Strata,50,"18,300",-,Condominium,1,99 yrs lease commencing from 2012,05,Outside Central Region,11 to 15
HERITAGE VIEW,"1,910,000","1,194.8","1,599",Aug-24,DOVER RISE,Resale,Strata,111,"17,207",-,Condominium,1,99 yrs lease commencing from 1996,05,Rest of Central Region,01 to 05
NORMANTON PARK,"1,038,000",527.44,"1,968",Aug-24,NORMANTON PARK,Sub Sale,Strata,49,"21,184",-,Apartment,1,99 yrs lease commencing from 2019,05,Rest of Central Region,01 to 05
THE PARC CONDOMINIUM,"2,308,000","1,216.33","1,898",Aug-24,WEST COAST WALK,Resale,Strata,113,"20,425",-,Condominium,1,Freehold,05,Outside Central Region,11 to 15
CLAVON,"1,350,000",678.13,"1,991",Aug-24,CLEMENTI AVENUE 1,Sub Sale,Strata,63,"21,429",-,Apartment,1,99 yrs lease commencing from 2019,05,Outside Central Region,31 to 35
CLAVON,"2,080,000",958,"2,171",Aug-24,CLEMENTI AVENUE 1,Sub Sale,Strata,89,"23,371",-,Apartment,1,99 yrs lease commencing from 2019,05,Outside Central Region,16 to 20
CLAVON,"1,950,000",958,"2,035",Aug-24,CLEMENTI AVENUE 1,Sub Sale,Strata,89,"21,910",-,Apartment,1,99 yrs lease commencing from 2019,05,Outside Central Region,06 to 10
THE VISION,"1,980,000","1,313.21","1,508",Aug-24,WEST COAST CRESCENT,Resale,Strata,122,"16,230",-,Condominium,1,99 yrs lease commencing from 2008,05,Outside Central Region,01 to 05
WATERFRONT @ FABER,"1,680,000","1,065.64","1,577",Aug-24,FABER WALK,Resale,Strata,99,"16,970",-,Apartment,1,99 yrs lease commencing from 2013,05,Outside Central Region,01 to 05
WHISTLER GRAND,"1,970,000",958,"2,056",Aug-24,WEST COAST VALE,Resale,Strata,89,"22,135",-,Apartment,1,99 yrs lease commencing from 2018,05,Outside Central Region,31 to 35
NORMANTON PARK,"2,050,000",936.47,"2,189",Aug-24,NORMANTON PARK,Sub Sale,Strata,87,"23,563",-,Apartment,1,99 yrs lease commencing from 2019,05,Rest of Central Region,11 to 15
TWIN VEW,"1,368,000",742.72,"1,842",Aug-24,WEST COAST VALE,Resale,Strata,69,"19,826",-,Apartment,1,99 yrs lease commencing from 2017,05,Outside Central Region,31 to 35
THE STELLAR,"3,000,000","2,206.62","1,360",Aug-24,WEST COAST ROAD,Resale,Strata,205,"14,634",-,Condominium,1,Freehold,05,Outside Central Region,01 to 05
CLAVON,"1,508,000",764.24,"1,973",Aug-24,CLEMENTI AVENUE 1,Sub Sale,Strata,71,"21,239",-,Apartment,1,99 yrs lease commencing from 2019,05,Outside Central Region,21 to 25
NEWEST,"800,000",527.44,"1,517",Aug-24,WEST COAST DRIVE,Resale,Strata,49,"16,327",-,Apartment,1,956 yrs lease commencing from 1928,05,Outside Central Region,06 to 10
CLAVON,"2,120,000",958,"2,213",Aug-24,CLEMENTI AVENUE 1,Sub Sale,Strata,89,"23,820",-,Apartment,1,99 yrs lease commencing from 2019,05,Outside Central Region,31 to 35
THE TRILINQ,"946,000",538.2,"1,758",Aug-24,JALAN LEMPENG,Resale,Strata,50,"18,920",-,Condominium,1,99 yrs lease commencing from 2012,05,Outside Central Region,26 to 30
CLAVON,"2,222,222",958,"2,320",Aug-24,CLEMENTI AVENUE 1,Sub Sale,Strata,89,"24,969",-,Apartment,1,99 yrs lease commencing from 2019,05,Outside Central Region,36 to 40
SEAHILL,"1,335,000",861.12,"1,550",Aug-24,WEST COAST CRESCENT,Resale,Strata,80,"16,688",-,Condominium,1,99 yrs lease commencing from 2011,05,Outside Central Region,11 to 15
BOTANNIA,"2,680,000","1,560.78","1,717",Aug-24,WEST COAST PARK,Resale,Strata,145,"18,483",-,Condominium,1,956 yrs lease commencing from 1928,05,Outside Central Region,01 to 05
THE GRANDHILL,"2,930,000","1,851.41","1,583",Aug-24,PASIR PANJANG HILL,Resale,Strata,172,"17,035",-,Condominium,1,Freehold,05,Rest of Central Region,01 to 05
BIJOU,"1,100,000",570.49,"1,928",Aug-24,JALAN MAT JAMBOL,Resale,Strata,53,"20,755",-,Apartment,1,Freehold,05,Rest of Central Region,01 to 05
CLAVON,"2,338,800","1,130.22","2,069",Aug-24,CLEMENTI AVENUE 1,Sub Sale,Strata,105,"22,274",-,Apartment,1,99 yrs lease commencing from 2019,05,Outside Central Region,01 to 05
BOTANNIA,"1,520,000",904.18,"1,681",Aug-24,WEST COAST PARK,Resale,Strata,84,"18,095",-,Condominium,1,956 yrs lease commencing from 1928,05,Outside Central Region,06 to 10
WHISTLER GRAND,"2,300,000","1,280.92","1,796",Aug-24,WEST COAST VALE,Resale,Strata,119,"19,328",-,Apartment,1,99 yrs lease commencing from 2018,05,Outside Central Region,31 to 35
THE TRILINQ,"888,000",538.2,"1,650",Aug-24,JALAN LEMPENG,Resale,Strata,50,"17,760",-,Condominium,1,99 yrs lease commencing from 2012,05,Outside Central Region,01 to 05
THE SORRENTO,"918,888",613.55,"1,498",Aug-24,WEST COAST ROAD,Resale,Strata,57,"16,121",-,Condominium,1,Freehold,05,Outside Central Region,01 to 05
CLAVON,"2,080,000",958,"2,171",Aug-24,CLEMENTI AVENUE 1,Sub Sale,Strata,89,"23,371",-,Apartment,1,99 yrs lease commencing from 2019,05,Outside Central Region,16 to 20
CLAVON,"1,950,000",958,"2,035",Aug-24,CLEMENTI AVENUE 1,Sub Sale,Strata,89,"21,910",-,Apartment,1,99 yrs lease commencing from 2019,05,Outside Central Region,06 to 10
VARSITY PARK CONDOMINIUM,"2,010,000","1,345.5","1,494",Aug-24,WEST COAST ROAD,Resale,Strata,125,"16,080",-,Condominium,1,99 yrs lease commencing from 2004,05,Outside Central Region,01 to 05
SEASUITES,"1,130,000",667.37,"1,693",Aug-24,PASIR PANJANG ROAD,Resale,Strata,62,"18,226",-,Apartment,1,Freehold,05,Rest of Central Region,01 to 05
PARC RIVIERA,"1,160,000",710.42,"1,633",Aug-24,WEST COAST VALE,Resale,Strata,66,"17,576",-,Condominium,1,99 yrs lease commencing from 2015,05,Outside Central Region,31 to 35
WHISTLER GRAND,"910,000",505.91,"1,799",Aug-24,WEST COAST VALE,Resale,Strata,47,"19,362",-,Apartment,1,99 yrs lease commencing from 2018,05,Outside Central Region,26 to 30
THE TRILINQ,"1,800,000","1,044.11","1,724",Aug-24,JALAN LEMPENG,Resale,Strata,97,"18,557",-,Condominium,1,99 yrs lease commencing from 2012,05,Outside Central Region,31 to 35
PARC IMPERIAL,"762,288",398.27,"1,914",Aug-24,PASIR PANJANG ROAD,Resale,Strata,37,"20,602",-,Condominium,1,Freehold,05,Rest of Central Region,01 to 05
THE PARC CONDOMINIUM,"2,760,000","1,420.85","1,943",Aug-24,WEST COAST WALK,Resale,Strata,132,"20,909",-,Condominium,1,Freehold,05,Outside Central Region,16 to 20
CLAVON,"1,100,000",527.44,"2,086",Aug-24,CLEMENTI AVENUE 1,Sub Sale,Strata,49,"22,449",-,Apartment,1,99 yrs lease commencing from 2019,05,Outside Central Region,36 to 40
THE TRILINQ,"2,450,000","1,700.71","1,441",Aug-24,JALAN LEMPENG,Resale,Strata,158,"15,506",-,Condominium,1,99 yrs lease commencing from 2012,05,Outside Central Region,01 to 05
CLEMENTIWOODS CONDOMINIUM,"2,050,000","1,410.08","1,454",Aug-24,WEST COAST ROAD,Resale,Strata,131,"15,649",-,Condominium,1,99 yrs lease commencing from 2006,05,Outside Central Region,01 to 05
CLEMENTIWOODS CONDOMINIUM,"944,000",645.84,"1,462",Aug-24,WEST COAST ROAD,Resale,Strata,60,"15,733",-,Condominium,1,99 yrs lease commencing from 2006,05,Outside Central Region,01 to 05
REGENT PARK,"1,190,000",904.18,"1,316",Aug-24,JALAN LEMPENG,Resale,Strata,84,"14,167",-,Condominium,1,99 yrs lease commencing from 1993,05,Outside Central Region,01 to 05
THE TRILINQ,"2,068,000","1,044.11","1,981",Aug-24,JALAN LEMPENG,Resale,Strata,97,"21,320",-,Condominium,1,99 yrs lease commencing from 2012,05,Outside Central Region,31 to 35
THE ESTIVA,"1,730,000","1,151.75","1,502",Aug-24,PASIR PANJANG ROAD,Resale,Strata,107,"16,168",-,Apartment,1,Freehold,05,Rest of Central Region,01 to 05
HERITAGE VIEW,"1,490,000",968.76,"1,538",Aug-24,DOVER RISE,Resale,Strata,90,"16,556",-,Condominium,1,99 yrs lease commencing from 1996,05,Rest of Central Region,06 to 10
BLUE HORIZON,"1,310,000",968.76,"1,352",Aug-24,WEST COAST CRESCENT,Resale,Strata,90,"14,556",-,Condominium,1,99 yrs lease commencing from 2000,05,Outside Central Region,01 to 05
PARC RIVIERA,"785,000",462.85,"1,696",Aug-24,WEST COAST VALE,Resale,Strata,43,"18,256",-,Condominium,1,99 yrs lease commencing from 2015,05,Outside Central Region,26 to 30
PARC CLEMATIS,"1,375,000",721.19,"1,907",Aug-24,JALAN LEMPENG,Sub Sale,Strata,67,"20,522",-,Apartment,1,99 yrs lease commencing from 2019,05,Outside Central Region,01 to 05
PARC CLEMATIS,"1,325,000",688.9,"1,923",Aug-24,JALAN LEMPENG,Sub Sale,Strata,64,"20,703",-,Apartment,1,99 yrs lease commencing from 2019,05,Outside Central Region,06 to 10
NORMANTON PARK,"1,330,000",656.6,"2,026",Aug-24,NORMANTON PARK,Sub Sale,Strata,61,"21,803",-,Apartment,1,99 yrs lease commencing from 2019,05,Rest of Central Region,06 to 10
THE STELLAR,"2,668,888","1,883.7","1,417",Aug-24,WEST COAST ROAD,Resale,Strata,175,"15,251",-,Condominium,1,Freehold,05,Outside Central Region,01 to 05
THE PARC CONDOMINIUM,"2,480,000","1,291.68","1,920",Jul-24,WEST COAST WALK,Resale,Strata,120,"20,667",-,Condominium,1,Freehold,05,Outside Central Region,16 to 20
THE TRILINQ,"2,068,888","1,356.26","1,525",Jul-24,JALAN LEMPENG,Resale,Strata,126,"16,420",-,Condominium,1,99 yrs lease commencing from 2012,05,Outside Central Region,06 to 10
VIVA VISTA,"730,000",387.5,"1,884",Jul-24,SOUTH BUONA VISTA ROAD,Resale,Strata,36,"20,278",-,Apartment,1,Freehold,05,Rest of Central Region,01 to 05
PARC RIVIERA,"960,000",602.78,"1,593",Jul-24,WEST COAST VALE,Resale,Strata,56,"17,143",-,Condominium,1,99 yrs lease commencing from 2015,05,Outside Central Region,01 to 05
CLAVON,"1,538,000",764.24,"2,012",Jul-24,CLEMENTI AVENUE 1,Sub Sale,Strata,71,"21,662",-,Apartment,1,99 yrs lease commencing from 2019,05,Outside Central Region,16 to 20
PARC CLEMATIS,"2,400,000","1,076.4","2,230",Jul-24,JALAN LEMPENG,Sub Sale,Strata,100,"24,000",-,Apartment,1,99 yrs lease commencing from 2019,05,Outside Central Region,06 to 10
NORMANTON PARK,"1,365,000",656.6,"2,079",Jul-24,NORMANTON PARK,Sub Sale,Strata,61,"22,377",-,Apartment,1,99 yrs lease commencing from 2019,05,Rest of Central Region,01 to 05
KENT RIDGE HILL RESIDENCES,"1,320,000",645.84,"2,044",Jul-24,SOUTH BUONA VISTA ROAD,Sub Sale,Strata,60,"22,000",-,Apartment,1,99 yrs lease commencing from 2018,05,Rest of Central Region,01 to 05
WATERFRONT @ FABER,"1,650,000","1,065.64","1,548",Jul-24,FABER WALK,Resale,Strata,99,"16,667",-,Apartment,1,99 yrs lease commencing from 2013,05,Outside Central Region,01 to 05
PARC CLEMATIS,"2,100,000",904.18,"2,323",Jul-24,JALAN LEMPENG,Sub Sale,Strata,84,"25,000",-,Apartment,1,99 yrs lease commencing from 2019,05,Outside Central Region,11 to 15
THE TRILINQ,"2,638,888","1,517.72","1,739",Jul-24,JALAN LEMPENG,Resale,Strata,141,"18,716",-,Condominium,1,99 yrs lease commencing from 2012,05,Outside Central Region,11 to 15
NORMANTON PARK,"1,400,000",656.6,"2,132",Jul-24,NORMANTON PARK,Sub Sale,Strata,61,"22,951",-,Apartment,1,99 yrs lease commencing from 2019,05,Rest of Central Region,21 to 25
PASIR VIEW PARK,"2,500,000","1,463.9","1,708",Jul-24,PASIR PANJANG ROAD,Resale,Strata,136,"18,382",-,Condominium,1,Freehold,05,Rest of Central Region,01 to 05
CLAVON,"1,000,000",527.44,"1,896",Jul-24,CLEMENTI AVENUE 1,Sub Sale,Strata,49,"20,408",-,Apartment,1,99 yrs lease commencing from 2019,05,Outside Central Region,06 to 10
ONE-NORTH RESIDENCES,"1,022,500",818.06,"1,250",Jul-24,ONE-NORTH GATEWAY,Resale,Strata,76,"13,454",-,Apartment,1,99 yrs lease commencing from 2005,05,Rest of Central Region,01 to 05
THE VISION,"2,600,000","1,603.84","1,621",Jul-24,WEST COAST CRESCENT,Resale,Strata,149,"17,450",-,Condominium,1,99 yrs lease commencing from 2008,05,Outside Central Region,31 to 35
PARC IMPERIAL,"740,000",409.03,"1,809",Jul-24,PASIR PANJANG ROAD,Resale,Strata,38,"19,474",-,Condominium,1,Freehold,05,Rest of Central Region,01 to 05
HUNDRED TREES,"2,800,000","1,474.67","1,899",Jul-24,WEST COAST DRIVE,Resale,Strata,137,"20,438",-,Condominium,1,956 yrs lease commencing from 1928,05,Outside Central Region,06 to 10
THE PARC CONDOMINIUM,"2,708,888","1,517.72","1,785",Jul-24,WEST COAST WALK,Resale,Strata,141,"19,212",-,Condominium,1,Freehold,05,Outside Central Region,06 to 10
CLAVON,"2,000,000",958,"2,088",Jul-24,CLEMENTI AVENUE 1,Sub Sale,Strata,89,"22,472",-,Apartment,1,99 yrs lease commencing from 2019,05,Outside Central Region,16 to 20
NORMANTON PARK,"2,850,000","1,313.21","2,170",Jul-24,NORMANTON PARK,Sub Sale,Strata,122,"23,361",-,Apartment,1,99 yrs lease commencing from 2019,05,Rest of Central Region,16 to 20
THE CLEMENT CANOPY,"1,890,000",990.29,"1,909",Jul-24,CLEMENTI AVENUE 1,Resale,Strata,92,"20,543",-,Apartment,1,99 yrs lease commencing from 2016,05,Outside Central Region,16 to 20
PARC RIVIERA,"1,950,000","1,184.04","1,647",Jul-24,WEST COAST VALE,Resale,Strata,110,"17,727",-,Condominium,1,99 yrs lease commencing from 2015,05,Outside Central Region,21 to 25
HUNDRED TREES,"1,300,000",785.77,"1,654",Jul-24,WEST COAST DRIVE,Resale,Strata,73,"17,808",-,Condominium,1,956 yrs lease commencing from 1928,05,Outside Central Region,01 to 05
THE ROCHESTER RESIDENCES,"3,065,000","1,862.17","1,646",Jul-24,ROCHESTER DRIVE,Resale,Strata,173,"17,717",-,Apartment,1,99 yrs lease commencing from 2005,05,Rest of Central Region,31 to 35
CARABELLE,"1,680,000",947.23,"1,774",Jul-24,WEST COAST WAY,Resale,Strata,88,"19,091",-,Condominium,1,956 yrs lease commencing from 1928,05,Outside Central Region,06 to 10
DOVER PARKVIEW,"1,390,000","1,345.5","1,033",Jul-24,DOVER RISE,Resale,Strata,125,"11,120",-,Condominium,1,99 yrs lease commencing from 1993,05,Rest of Central Region,01 to 05
NORMANTON PARK,"2,190,000",936.47,"2,339",Jul-24,NORMANTON PARK,Sub Sale,Strata,87,"25,172",-,Apartment,1,99 yrs lease commencing from 2019,05,Rest of Central Region,16 to 20
WHISTLER GRAND,"1,435,000",764.24,"1,878",Jul-24,WEST COAST VALE,Resale,Strata,71,"20,211",-,Apartment,1,99 yrs lease commencing from 2018,05,Outside Central Region,21 to 25
WESTCOVE CONDOMINIUM,"1,400,000","1,205.57","1,161",Jul-24,WEST COAST CRESCENT,Resale,Strata,112,"12,500",-,Condominium,1,99 yrs lease commencing from 1995,05,Outside Central Region,01 to 05
WHISTLER GRAND,"1,450,000",764.24,"1,897",Jul-24,WEST COAST VALE,Resale,Strata,71,"20,423",-,Apartment,1,99 yrs lease commencing from 2018,05,Outside Central Region,11 to 15
PARC CLEMATIS,"1,390,000",688.9,"2,018",Jul-24,JALAN LEMPENG,Sub Sale,Strata,64,"21,719",-,Apartment,1,99 yrs lease commencing from 2019,05,Outside Central Region,11 to 15
ONE-NORTH RESIDENCES,"1,680,000","1,001.05","1,678",Jul-24,ONE-NORTH GATEWAY,Resale,Strata,93,"18,065",-,Apartment,1,99 yrs lease commencing from 2005,05,Rest of Central Region,01 to 05
THE TRILINQ,"1,800,000",914.94,"1,967",Jul-24,JALAN LEMPENG,Resale,Strata,85,"21,176",-,Condominium,1,99 yrs lease commencing from 2012,05,Outside Central Region,31 to 35
THE ROCHESTER RESIDENCES,"2,100,000","1,205.57","1,742",Jul-24,ROCHESTER DRIVE,Resale,Strata,112,"18,750",-,Apartment,1,99 yrs lease commencing from 2005,05,Rest of Central Region,26 to 30
THE ORIENT,"1,200,000",624.31,"1,922",Jul-24,PASIR PANJANG ROAD,Resale,Strata,58,"20,690",-,Apartment,1,Freehold,05,Rest of Central Region,01 to 05
DOVER PARKVIEW,"1,270,000",968.76,"1,311",Jul-24,DOVER RISE,Resale,Strata,90,"14,111",-,Condominium,1,99 yrs lease commencing from 1993,05,Rest of Central Region,01 to 05
THE INFINITI,"2,380,000","1,625.36","1,464",Jul-24,WEST COAST PARK,Resale,Strata,151,"15,762",-,Condominium,1,Freehold,05,Outside Central Region,01 to 05
PARC CLEMATIS,"1,365,000",688.9,"1,981",Jul-24,JALAN LEMPENG,Sub Sale,Strata,64,"21,328",-,Apartment,1,99 yrs lease commencing from 2019,05,Outside Central Region,11 to 15
WHISTLER GRAND,"2,550,000","1,280.92","1,991",Jul-24,WEST COAST VALE,Resale,Strata,119,"21,429",-,Apartment,1,99 yrs lease commencing from 2018,05,Outside Central Region,31 to 35
HORIZON RESIDENCES,"2,260,000","1,323.97","1,707",Jul-24,PASIR PANJANG HILL,Resale,Strata,123,"18,374",-,Condominium,1,Freehold,05,Rest of Central Region,01 to 05
PARC RIVIERA,"1,150,000",710.42,"1,619",Jul-24,WEST COAST VALE,Resale,Strata,66,"17,424",-,Condominium,1,99 yrs lease commencing from 2015,05,Outside Central Region,01 to 05
ONE-NORTH RESIDENCES,"960,000",613.55,"1,565",Jul-24,ONE-NORTH GATEWAY,Resale,Strata,57,"16,842",-,Apartment,1,99 yrs lease commencing from 2005,05,Rest of Central Region,01 to 05
NORMANTON PARK,"1,340,000",656.6,"2,041",Jul-24,NORMANTON PARK,Sub Sale,Strata,61,"21,967",-,Apartment,1,99 yrs lease commencing from 2019,05,Rest of Central Region,06 to 10
TWIN VEW,"2,270,000","1,184.04","1,917",Jul-24,WEST COAST VALE,Resale,Strata,110,"20,636",-,Apartment,1,99 yrs lease commencing from 2017,05,Outside Central Region,26 to 30
NEWEST,"1,088,888",635.08,"1,715",Jul-24,WEST COAST DRIVE,Resale,Strata,59,"18,456",-,Apartment,1,956 yrs lease commencing from 1928,05,Outside Central Region,06 to 10
THE PARC CONDOMINIUM,"2,730,000","1,420.85","1,921",Jul-24,WEST COAST WALK,Resale,Strata,132,"20,682",-,Condominium,1,Freehold,05,Outside Central Region,16 to 20
WHISTLER GRAND,"1,880,000",990.29,"1,898",Jul-24,WEST COAST VALE,Resale,Strata,92,"20,435",-,Apartment,1,99 yrs lease commencing from 2018,05,Outside Central Region,21 to 25
BLUE HORIZON,"1,590,000","1,151.75","1,381",Jul-24,WEST COAST CRESCENT,Resale,Strata,107,"14,860",-,Condominium,1,99 yrs lease commencing from 2000,05,Outside Central Region,11 to 15
NORMANTON PARK,"1,386,000",656.6,"2,111",Jul-24,NORMANTON PARK,Sub Sale,Strata,61,"22,721",-,Apartment,1,99 yrs lease commencing from 2019,05,Rest of Central Region,01 to 05
PARC CLEMATIS,"1,375,000",721.19,"1,907",Jul-24,JALAN LEMPENG,Sub Sale,Strata,67,"20,522",-,Apartment,1,99 yrs lease commencing from 2019,05,Outside Central Region,06 to 10
REGENT PARK,"1,475,000","1,130.22","1,305",Jul-24,JALAN LEMPENG,Resale,Strata,105,"14,048",-,Condominium,1,99 yrs lease commencing from 1993,05,Outside Central Region,01 to 05
THE VERANDAH RESIDENCES,"2,288,000","1,194.8","1,915",Jul-24,PASIR PANJANG ROAD,Resale,Strata,111,"20,613",-,Apartment,1,Freehold,05,Rest of Central Region,01 to 05
CLAVON,"1,530,000",764.24,"2,002",Jul-24,CLEMENTI AVENUE 1,Sub Sale,Strata,71,"21,549",-,Apartment,1,99 yrs lease commencing from 2019,05,Outside Central Region,16 to 20
ONE-NORTH EDEN,"2,461,800","1,119.46","2,199",Jul-24,SLIM BARRACKS RISE,Sub Sale,Strata,104,"23,671",-,Apartment,1,99 yrs lease commencing from 2019,05,Rest of Central Region,06 to 10
THE TRILINQ,"890,000",538.2,"1,654",Jul-24,JALAN LEMPENG,Resale,Strata,50,"17,800",-,Condominium,1,99 yrs lease commencing from 2012,05,Outside Central Region,11 to 15
PARC CLEMATIS,"1,500,000",731.95,"2,049",Jul-24,JALAN LEMPENG,Sub Sale,Strata,68,"22,059",-,Apartment,1,99 yrs lease commencing from 2019,05,Outside Central Region,16 to 20
DOVER PARKVIEW,"1,350,000",968.76,"1,394",Jul-24,DOVER RISE,Resale,Strata,90,"15,000",-,Condominium,1,99 yrs lease commencing from 1993,05,Rest of Central Region,01 to 05
PARC CLEMATIS,"1,368,000",688.9,"1,986",Jul-24,JALAN LEMPENG,Sub Sale,Strata,64,"21,375",-,Apartment,1,99 yrs lease commencing from 2019,05,Outside Central Region,11 to 15
NORMANTON PARK,"1,600,000",731.95,"2,186",Jul-24,NORMANTON PARK,Sub Sale,Strata,68,"23,529",-,Apartment,1,99 yrs lease commencing from 2019,05,Rest of Central Region,21 to 25
NORMANTON PARK,"1,516,000",731.95,"2,071",Jul-24,NORMANTON PARK,Sub Sale,Strata,68,"22,294",-,Apartment,1,99 yrs lease commencing from 2019,05,Rest of Central Region,11 to 15
THE ROCHESTER RESIDENCES,"2,650,000","1,679.18","1,578",Jul-24,ROCHESTER DRIVE,Resale,Strata,156,"16,987",-,Apartment,1,99 yrs lease commencing from 2005,05,Rest of Central Region,11 to 15
WHISTLER GRAND,"1,280,000",688.9,"1,858",Jul-24,WEST COAST VALE,Resale,Strata,64,"20,000",-,Apartment,1,99 yrs lease commencing from 2018,05,Outside Central Region,36 to 40
TWIN VEW,"1,760,000",904.18,"1,947",Jul-24,WEST COAST VALE,Resale,Strata,84,"20,952",-,Apartment,1,99 yrs lease commencing from 2017,05,Outside Central Region,31 to 35
BLUE HORIZON,"1,678,000","1,162.51","1,443",Jul-24,WEST COAST CRESCENT,Resale,Strata,108,"15,537",-,Condominium,1,99 yrs lease commencing from 2000,05,Outside Central Region,16 to 20
PARC RIVIERA,"790,000",462.85,"1,707",Jul-24,WEST COAST VALE,Resale,Strata,43,"18,372",-,Condominium,1,99 yrs lease commencing from 2015,05,Outside Central Region,16 to 20
PARC CLEMATIS,"2,920,000","1,291.68","2,261",Jul-24,JALAN LEMPENG,Sub Sale,Strata,120,"24,333",-,Apartment,1,99 yrs lease commencing from 2019,05,Outside Central Region,01 to 05
WATERFRONT @ FABER,"1,120,000",764.24,"1,466",Jul-24,FABER WALK,Resale,Strata,71,"15,775",-,Apartment,1,99 yrs lease commencing from 2013,05,Outside Central Region,01 to 05
CLAVON,"1,500,000",764.24,"1,963",Jul-24,CLEMENTI AVENUE 1,Sub Sale,Strata,71,"21,127",-,Apartment,1,99 yrs lease commencing from 2019,05,Outside Central Region,11 to 15
ONE-NORTH RESIDENCES,"2,650,000","1,614.6","1,641",Jul-24,ONE-NORTH GATEWAY,Resale,Strata,150,"17,667",-,Apartment,1,99 yrs lease commencing from 2005,05,Rest of Central Region,06 to 10
NORMANTON PARK,"1,600,000",731.95,"2,186",Jul-24,NORMANTON PARK,Sub Sale,Strata,68,"23,529",-,Apartment,1,99 yrs lease commencing from 2019,05,Rest of Central Region,16 to 20
THE ROCHESTER RESIDENCES,"1,350,000",871.88,"1,548",Jul-24,ROCHESTER DRIVE,Resale,Strata,81,"16,667",-,Apartment,1,99 yrs lease commencing from 2005,05,Rest of Central Region,21 to 25
NORMANTON PARK,"1,530,000",721.19,"2,121",Jul-24,NORMANTON PARK,Sub Sale,Strata,67,"22,836",-,Apartment,1,99 yrs lease commencing from 2019,05,Rest of Central Region,16 to 20
NORMANTON PARK,"1,040,000",516.67,"2,013",Jul-24,NORMANTON PARK,Sub Sale,Strata,48,"21,667",-,Apartment,1,99 yrs lease commencing from 2019,05,Rest of Central Region,16 to 20
THE ROCHESTER RESIDENCES,"2,875,500","1,700.71","1,691",Jul-24,ROCHESTER DRIVE,Resale,Strata,158,"18,199",-,Apartment,1,99 yrs lease commencing from 2005,05,Rest of Central Region,16 to 20
HUNDRED TREES,"1,508,000",914.94,"1,648",Jul-24,WEST COAST DRIVE,Resale,Strata,85,"17,741",-,Condominium,1,956 yrs lease commencing from 1928,05,Outside Central Region,06 to 10
PARC CLEMATIS,"1,610,000",742.72,"2,168",Jul-24,JALAN LEMPENG,Sub Sale,Strata,69,"23,333",-,Apartment,1,99 yrs lease commencing from 2019,05,Outside Central Region,11 to 15
WHISTLER GRAND,"2,410,000","1,270.15","1,897",Jul-24,WEST COAST VALE,Resale,Strata,118,"20,424",-,Apartment,1,99 yrs lease commencing from 2018,05,Outside Central Region,31 to 35
NORMANTON PARK,"1,560,000",775.01,"2,013",Jul-24,NORMANTON PARK,Sub Sale,Strata,72,"21,667",-,Apartment,1,99 yrs lease commencing from 2019,05,Rest of Central Region,16 to 20
THE ROCHESTER RESIDENCES,"2,850,000","1,700.71","1,676",Jul-24,ROCHESTER DRIVE,Resale,Strata,158,"18,038",-,Apartment,1,99 yrs lease commencing from 2005,05,Rest of Central Region,21 to 25
DOVER PARKVIEW,"1,380,000",936.47,"1,474",Jul-24,DOVER RISE,Resale,Strata,87,"15,862",-,Condominium,1,99 yrs lease commencing from 1993,05,Rest of Central Region,11 to 15
VARSITY PARK CONDOMINIUM,"2,300,000","1,528.49","1,505",Jul-24,WEST COAST ROAD,Resale,Strata,142,"16,197",-,Condominium,1,99 yrs lease commencing from 2004,05,Outside Central Region,01 to 05
ONE-NORTH RESIDENCES,"2,525,000","1,593.07","1,585",Jun-24,ONE-NORTH GATEWAY,Resale,Strata,148,"17,061",-,Apartment,1,99 yrs lease commencing from 2005,05,Rest of Central Region,01 to 05
NORMANTON PARK,"2,850,000","1,313.21","2,170",Jun-24,NORMANTON PARK,Sub Sale,Strata,122,"23,361",-,Apartment,1,99 yrs lease commencing from 2019,05,Rest of Central Region,16 to 20
BOTANNIA,"2,230,000","1,216.33","1,833",Jun-24,WEST COAST PARK,Resale,Strata,113,"19,735",-,Condominium,1,956 yrs lease commencing from 1928,05,Outside Central Region,06 to 10
WHISTLER GRAND,"1,500,000",764.24,"1,963",Jun-24,WEST COAST VALE,Resale,Strata,71,"21,127",-,Apartment,1,99 yrs lease commencing from 2018,05,Outside Central Region,31 to 35
VILLAGE @ PASIR PANJANG,"2,065,200","1,560.78","1,323",Jun-24,PASIR PANJANG ROAD,Resale,Strata,145,"14,243",-,Condominium,1,Freehold,05,Rest of Central Region,01 to 05
PARC CLEMATIS,"1,352,000",688.9,"1,963",Jun-24,JALAN LEMPENG,Sub Sale,Strata,64,"21,125",-,Apartment,1,99 yrs lease commencing from 2019,05,Outside Central Region,21 to 25
PARC CLEMATIS,"2,100,000",914.94,"2,295",Jun-24,JALAN LEMPENG,Sub Sale,Strata,85,"24,706",-,Apartment,1,99 yrs lease commencing from 2019,05,Outside Central Region,11 to 15
PARC CLEMATIS,"1,388,888",731.95,"1,898",Jun-24,JALAN LEMPENG,Sub Sale,Strata,68,"20,425",-,Apartment,1,99 yrs lease commencing from 2019,05,Outside Central Region,06 to 10
THE PEAK@BALMEG,"4,280,000","2,637.18","1,623",Jun-24,BALMEG HILL,Resale,Strata,245,"17,469",-,Condominium,1,Freehold,05,Rest of Central Region,01 to 05
LUXE VILLE,"2,100,000","1,410.08","1,489",Jun-24,PASIR PANJANG ROAD,Resale,Strata,131,"16,031",-,Apartment,1,Freehold,05,Rest of Central Region,01 to 05
THE CLEMENT CANOPY,"2,600,000","1,345.5","1,932",Jun-24,CLEMENTI AVENUE 1,Resale,Strata,125,"20,800",-,Apartment,1,99 yrs lease commencing from 2016,05,Outside Central Region,21 to 25
VARSITY PARK CONDOMINIUM,"2,100,000","1,636.13","1,284",Jun-24,WEST COAST ROAD,Resale,Strata,152,"13,816",-,Condominium,1,99 yrs lease commencing from 2004,05,Outside Central Region,01 to 05
CLAVON,"1,520,000",764.24,"1,989",Jun-24,CLEMENTI AVENUE 1,Sub Sale,Strata,71,"21,408",-,Apartment,1,99 yrs lease commencing from 2019,05,Outside Central Region,26 to 30
PARC CLEMATIS,"2,000,000",893.41,"2,239",Jun-24,JALAN LEMPENG,Sub Sale,Strata,83,"24,096",-,Apartment,1,99 yrs lease commencing from 2019,05,Outside Central Region,06 to 10
BLUE HORIZON,"1,240,000",936.47,"1,324",Jun-24,WEST COAST CRESCENT,Resale,Strata,87,"14,253",-,Condominium,1,99 yrs lease commencing from 2000,05,Outside Central Region,06 to 10
HERITAGE VIEW,"1,450,000",968.76,"1,497",Jun-24,DOVER RISE,Resale,Strata,90,"16,111",-,Condominium,1,99 yrs lease commencing from 1996,05,Rest of Central Region,06 to 10
PARC CLEMATIS,"1,455,000",721.19,"2,018",Jun-24,JALAN LEMPENG,Sub Sale,Strata,67,"21,716",-,Apartment,1,99 yrs lease commencing from 2019,05,Outside Central Region,06 to 10
DOVER PARKVIEW,"1,435,000",968.76,"1,481",Jun-24,DOVER RISE,Resale,Strata,90,"15,944",-,Condominium,1,99 yrs lease commencing from 1993,05,Rest of Central Region,06 to 10
PARC CLEMATIS,"1,441,888",721.19,"1,999",Jun-24,JALAN LEMPENG,Sub Sale,Strata,67,"21,521",-,Apartment,1,99 yrs lease commencing from 2019,05,Outside Central Region,01 to 05
PARC CLEMATIS,"1,420,000",710.42,"1,999",Jun-24,JALAN LEMPENG,Sub Sale,Strata,66,"21,515",-,Apartment,1,99 yrs lease commencing from 2019,05,Outside Central Region,01 to 05
TWIN VEW,"2,620,000","1,517.72","1,726",Jun-24,WEST COAST VALE,Resale,Strata,141,"18,582",-,Apartment,1,99 yrs lease commencing from 2017,05,Outside Central Region,06 to 10
THE CLEMENT CANOPY,"1,830,000",990.29,"1,848",Jun-24,CLEMENTI AVENUE 1,Resale,Strata,92,"19,891",-,Apartment,1,99 yrs lease commencing from 2016,05,Outside Central Region,11 to 15
PARC CLEMATIS,"1,825,000",893.41,"2,043",Jun-24,JALAN LEMPENG,Sub Sale,Strata,83,"21,988",-,Apartment,1,99 yrs lease commencing from 2019,05,Outside Central Region,01 to 05
HARBOUR VIEW GARDENS,"1,480,000",839.59,"1,763",Jun-24,PASIR PANJANG ROAD,Resale,Strata,78,"18,974",-,Apartment,1,Freehold,05,Rest of Central Region,01 to 05
THE ROCHESTER RESIDENCES,"1,400,000","1,022.58","1,369",Jun-24,ROCHESTER DRIVE,Resale,Strata,95,"14,737",-,Apartment,1,99 yrs lease commencing from 2005,05,Rest of Central Region,26 to 30
BAYVILLE CONDOMINIUM,"1,650,000","1,205.57","1,369",Jun-24,SOUTH BUONA VISTA ROAD,Resale,Strata,112,"14,732",-,Condominium,1,Freehold,05,Rest of Central Region,01 to 05
KENT RIDGE HILL RESIDENCES,"1,060,000",602.78,"1,759",Jun-24,SOUTH BUONA VISTA ROAD,Sub Sale,Strata,56,"18,929",-,Apartment,1,99 yrs lease commencing from 2018,05,Rest of Central Region,01 to 05
PARC CLEMATIS,"900,000",452.09,"1,991",Jun-24,JALAN LEMPENG,Sub Sale,Strata,42,"21,429",-,Apartment,1,99 yrs lease commencing from 2019,05,Outside Central Region,11 to 15
THE PARC CONDOMINIUM,"2,220,000","1,216.33","1,825",Jun-24,WEST COAST WALK,Resale,Strata,113,"19,646",-,Condominium,1,Freehold,05,Outside Central Region,11 to 15
THE CLEMENT CANOPY,"1,385,000",731.95,"1,892",Jun-24,CLEMENTI AVENUE 1,Resale,Strata,68,"20,368",-,Apartment,1,99 yrs lease commencing from 2016,05,Outside Central Region,26 to 30
VILLAGE @ PASIR PANJANG,"1,500,000",839.59,"1,787",Jun-24,PASIR PANJANG ROAD,Resale,Strata,78,"19,231",-,Condominium,1,Freehold,05,Rest of Central Region,01 to 05
FABER CREST,"1,240,000","1,033.34","1,200",Jun-24,FABER HEIGHTS,Resale,Strata,96,"12,917",-,Condominium,1,99 yrs lease commencing from 1996,05,Outside Central Region,01 to 05
DOVER PARKVIEW,"1,990,000","1,280.92","1,554",Jun-24,DOVER RISE,Resale,Strata,119,"16,723",-,Condominium,1,99 yrs lease commencing from 1993,05,Rest of Central Region,11 to 15
PARC RIVIERA,"988,000",602.78,"1,639",Jun-24,WEST COAST VALE,Resale,Strata,56,"17,643",-,Condominium,1,99 yrs lease commencing from 2015,05,Outside Central Region,26 to 30
CLAVON,"1,488,000",764.24,"1,947",Jun-24,CLEMENTI AVENUE 1,Sub Sale,Strata,71,"20,958",-,Apartment,1,99 yrs lease commencing from 2019,05,Outside Central Region,06 to 10
PARC RIVIERA,"1,158,000",710.42,"1,630",Jun-24,WEST COAST VALE,Resale,Strata,66,"17,545",-,Condominium,1,99 yrs lease commencing from 2015,05,Outside Central Region,11 to 15
PARC CLEMATIS,"1,415,000",721.19,"1,962",Jun-24,JALAN LEMPENG,Sub Sale,Strata,67,"21,119",-,Apartment,1,99 yrs lease commencing from 2019,05,Outside Central Region,21 to 25
PARC CLEMATIS,"1,450,000",710.42,"2,041",Jun-24,JALAN LEMPENG,Sub Sale,Strata,66,"21,970",-,Apartment,1,99 yrs lease commencing from 2019,05,Outside Central Region,01 to 05
DOVER PARKVIEW,"2,000,000","1,248.62","1,602",Jun-24,DOVER RISE,Resale,Strata,116,"17,241",-,Condominium,1,99 yrs lease commencing from 1993,05,Rest of Central Region,11 to 15
THE MAYLEA,"2,506,000","1,743.77","1,437",Jun-24,PASIR PANJANG ROAD,Resale,Strata,162,"15,469",-,Condominium,1,Freehold,05,Rest of Central Region,01 to 05
WATERFRONT @ FABER,"2,000,000","1,388.56","1,440",Jun-24,FABER WALK,Resale,Strata,129,"15,504",-,Apartment,1,99 yrs lease commencing from 2013,05,Outside Central Region,01 to 05
NORMANTON PARK,"1,505,000",721.19,"2,087",Jun-24,NORMANTON PARK,Sub Sale,Strata,67,"22,463",-,Apartment,1,99 yrs lease commencing from 2019,05,Rest of Central Region,01 to 05
PARC CLEMATIS,"1,580,000",742.72,"2,127",Jun-24,JALAN LEMPENG,Sub Sale,Strata,69,"22,899",-,Apartment,1,99 yrs lease commencing from 2019,05,Outside Central Region,21 to 25
ONE-NORTH RESIDENCES,"3,850,000","2,691","1,431",Jun-24,ONE-NORTH GATEWAY,Resale,Strata,250,"15,400",-,Apartment,1,99 yrs lease commencing from 2005,05,Rest of Central Region,11 to 15
PARC CLEMATIS,"1,556,000",742.72,"2,095",Jun-24,JALAN LEMPENG,Sub Sale,Strata,69,"22,551",-,Apartment,1,99 yrs lease commencing from 2019,05,Outside Central Region,16 to 20
CLAVON,"1,658,000",764.24,"2,169",Jun-24,CLEMENTI AVENUE 1,Sub Sale,Strata,71,"23,352",-,Apartment,1,99 yrs lease commencing from 2019,05,Outside Central Region,36 to 40
CLAVON,"2,900,000","1,356.26","2,138",Jun-24,CLEMENTI AVENUE 1,Sub Sale,Strata,126,"23,016",-,Apartment,1,99 yrs lease commencing from 2019,05,Outside Central Region,06 to 10
NORMANTON PARK,"1,630,000",775.01,"2,103",Jun-24,NORMANTON PARK,Sub Sale,Strata,72,"22,639",-,Apartment,1,99 yrs lease commencing from 2019,05,Rest of Central Region,16 to 20
FABER CREST,"1,570,000","1,259.39","1,247",Jun-24,FABER HEIGHTS,Resale,Strata,117,"13,419",-,Condominium,1,99 yrs lease commencing from 1996,05,Outside Central Region,01 to 05
SEAHILL,"1,080,000",710.42,"1,520",Jun-24,WEST COAST CRESCENT,Resale,Strata,66,"16,364",-,Condominium,1,99 yrs lease commencing from 2011,05,Outside Central Region,16 to 20
VILLAGE @ PASIR PANJANG,"1,905,000","1,485.43","1,282",Jun-24,PASIR PANJANG ROAD,Resale,Strata,138,"13,804",-,Condominium,1,Freehold,05,Rest of Central Region,01 to 05
CLAVON,"1,080,000",527.44,"2,048",Jun-24,CLEMENTI AVENUE 1,Sub Sale,Strata,49,"22,041",-,Apartment,1,99 yrs lease commencing from 2019,05,Outside Central Region,21 to 25
PARC CLEMATIS,"1,415,000",710.42,"1,992",Jun-24,JALAN LEMPENG,Sub Sale,Strata,66,"21,439",-,Apartment,1,99 yrs lease commencing from 2019,05,Outside Central Region,06 to 10
THE TRILINQ,"1,330,000",699.66,"1,901",Jun-24,JALAN LEMPENG,Resale,Strata,65,"20,462",-,Condominium,1,99 yrs lease commencing from 2012,05,Outside Central Region,26 to 30
PARC RIVIERA,"1,925,000","1,184.04","1,626",Jun-24,WEST COAST VALE,Resale,Strata,110,"17,500",-,Condominium,1,99 yrs lease commencing from 2015,05,Outside Central Region,01 to 05
PARC CLEMATIS,"1,505,000",721.19,"2,087",Jun-24,JALAN LEMPENG,Sub Sale,Strata,67,"22,463",-,Apartment,1,99 yrs lease commencing from 2019,05,Outside Central Region,11 to 15
CLAVON,"1,150,000",527.44,"2,180",Jun-24,CLEMENTI AVENUE 1,Sub Sale,Strata,49,"23,469",-,Apartment,1,99 yrs lease commencing from 2019,05,Outside Central Region,21 to 25
CLAVON,"2,452,000","1,280.92","1,914",Jun-24,CLEMENTI AVENUE 1,Sub Sale,Strata,119,"20,605",-,Apartment,1,99 yrs lease commencing from 2019,05,Outside Central Region,01 to 05
PARC CLEMATIS,"1,478,000",721.19,"2,049",Jun-24,JALAN LEMPENG,Sub Sale,Strata,67,"22,060",-,Apartment,1,99 yrs lease commencing from 2019,05,Outside Central Region,11 to 15
CARABELLE,"1,980,000","1,130.22","1,752",Jun-24,WEST COAST WAY,Resale,Strata,105,"18,857",-,Condominium,1,956 yrs lease commencing from 1928,05,Outside Central Region,01 to 05
PARC CLEMATIS,"1,765,000",828.83,"2,130",Jun-24,JALAN LEMPENG,Sub Sale,Strata,77,"22,922",-,Apartment,1,99 yrs lease commencing from 2019,05,Outside Central Region,16 to 20
ONE-NORTH RESIDENCES,"1,760,000",979.52,"1,797",Jun-24,ONE-NORTH GATEWAY,Resale,Strata,91,"19,341",-,Apartment,1,99 yrs lease commencing from 2005,05,Rest of Central Region,06 to 10
BLUE HORIZON,"1,605,000","1,162.51","1,381",Jun-24,WEST COAST CRESCENT,Resale,Strata,108,"14,861",-,Condominium,1,99 yrs lease commencing from 2000,05,Outside Central Region,06 to 10
PARC RIVIERA,"908,000",602.78,"1,506",Jun-24,WEST COAST VALE,Resale,Strata,56,"16,214",-,Condominium,1,99 yrs lease commencing from 2015,05,Outside Central Region,01 to 05
WEST BAY CONDOMINIUM,"1,613,800","1,442.38","1,119",Jun-24,WEST COAST CRESCENT,Resale,Strata,134,"12,043",-,Condominium,1,99 yrs lease commencing from 1991,05,Outside Central Region,01 to 05
PARC RIVIERA,"1,017,000",645.84,"1,575",Jun-24,WEST COAST VALE,Resale,Strata,60,"16,950",-,Condominium,1,99 yrs lease commencing from 2015,05,Outside Central Region,26 to 30
NORMANTON PARK,"1,470,000",721.19,"2,038",Jun-24,NORMANTON PARK,Sub Sale,Strata,67,"21,940",-,Apartment,1,99 yrs lease commencing from 2019,05,Rest of Central Region,11 to 15
PARC RIVIERA,"1,768,000",990.29,"1,785",Jun-24,WEST COAST VALE,Resale,Strata,92,"19,217",-,Condominium,1,99 yrs lease commencing from 2015,05,Outside Central Region,16 to 20
MONTEREY PARK CONDOMINIUM,"2,350,000","1,367.03","1,719",Jun-24,WEST COAST RISE,Resale,Strata,127,"18,504",-,Condominium,1,999 yrs lease commencing from 1885,05,Outside Central Region,01 to 05
REGENT PARK,"1,580,000","1,205.57","1,311",May-24,JALAN LEMPENG,Resale,Strata,112,"14,107",-,Condominium,1,99 yrs lease commencing from 1993,05,Outside Central Region,06 to 10
NORMANTON PARK,"2,320,000","1,065.64","2,177",May-24,NORMANTON PARK,Sub Sale,Strata,99,"23,434",-,Apartment,1,99 yrs lease commencing from 2019,05,Rest of Central Region,11 to 15
WHISTLER GRAND,"2,000,000","1,065.64","1,877",May-24,WEST COAST VALE,Resale,Strata,99,"20,202",-,Apartment,1,99 yrs lease commencing from 2018,05,Outside Central Region,36 to 40
DOVER PARKVIEW,"1,820,000","1,248.62","1,458",May-24,DOVER RISE,Resale,Strata,116,"15,690",-,Condominium,1,99 yrs lease commencing from 1993,05,Rest of Central Region,11 to 15
WEST BAY CONDOMINIUM,"1,030,000",893.41,"1,153",May-24,WEST COAST CRESCENT,Resale,Strata,83,"12,410",-,Condominium,1,99 yrs lease commencing from 1991,05,Outside Central Region,01 to 05
THE TRILINQ,"1,880,000","1,044.11","1,801",May-24,JALAN LEMPENG,Resale,Strata,97,"19,381",-,Condominium,1,99 yrs lease commencing from 2012,05,Outside Central Region,06 to 10
TWIN VEW,"2,000,000","1,140.98","1,753",May-24,WEST COAST VALE,Resale,Strata,106,"18,868",-,Apartment,1,99 yrs lease commencing from 2017,05,Outside Central Region,11 to 15
PARC CLEMATIS,"1,310,000",688.9,"1,902",May-24,JALAN LEMPENG,Sub Sale,Strata,64,"20,469",-,Apartment,1,99 yrs lease commencing from 2019,05,Outside Central Region,06 to 10
NORMANTON PARK,"2,422,000","1,097.93","2,206",May-24,NORMANTON PARK,Sub Sale,Strata,102,"23,745",-,Apartment,1,99 yrs lease commencing from 2019,05,Rest of Central Region,06 to 10
THE PEAK@BALMEG,"2,710,000","1,506.96","1,798",May-24,BALMEG HILL,Resale,Strata,140,"19,357",-,Condominium,1,Freehold,05,Rest of Central Region,01 to 05
SEAHILL,"800,000",516.67,"1,548",May-24,WEST COAST CRESCENT,Resale,Strata,48,"16,667",-,Condominium,1,99 yrs lease commencing from 2011,05,Outside Central Region,16 to 20
PARC CLEMATIS,"1,940,000",914.94,"2,120",May-24,JALAN LEMPENG,Sub Sale,Strata,85,"22,824",-,Apartment,1,99 yrs lease commencing from 2019,05,Outside Central Region,16 to 20
PARC CLEMATIS,"1,380,000",731.95,"1,885",May-24,JALAN LEMPENG,Sub Sale,Strata,68,"20,294",-,Apartment,1,99 yrs lease commencing from 2019,05,Outside Central Region,01 to 05
TWIN VEW,"1,960,000","1,065.64","1,839",May-24,WEST COAST VALE,Resale,Strata,99,"19,798",-,Apartment,1,99 yrs lease commencing from 2017,05,Outside Central Region,16 to 20
PARC RIVIERA,"988,888",602.78,"1,641",May-24,WEST COAST VALE,Resale,Strata,56,"17,659",-,Condominium,1,99 yrs lease commencing from 2015,05,Outside Central Region,31 to 35
REGENT PARK,"1,680,000","1,140.98","1,472",May-24,JALAN LEMPENG,Resale,Strata,106,"15,849",-,Condominium,1,99 yrs lease commencing from 1993,05,Outside Central Region,01 to 05
THE MAYLEA,"2,600,000","1,743.77","1,491",May-24,PASIR PANJANG ROAD,Resale,Strata,162,"16,049",-,Condominium,1,Freehold,05,Rest of Central Region,01 to 05
THE GRANDHILL,"2,240,000","1,302.44","1,720",May-24,PASIR PANJANG HILL,Resale,Strata,121,"18,512",-,Condominium,1,Freehold,05,Rest of Central Region,01 to 05
NORMANTON PARK,"1,310,000",635.08,"2,063",May-24,NORMANTON PARK,Sub Sale,Strata,59,"22,203",-,Apartment,1,99 yrs lease commencing from 2019,05,Rest of Central Region,16 to 20
THE CLEMENT CANOPY,"2,175,000","1,108.69","1,962",May-24,CLEMENTI AVENUE 1,Resale,Strata,103,"21,117",-,Apartment,1,99 yrs lease commencing from 2016,05,Outside Central Region,26 to 30
ONE-NORTH RESIDENCES,"2,650,000","1,614.6","1,641",May-24,ONE-NORTH GATEWAY,Resale,Strata,150,"17,667",-,Apartment,1,99 yrs lease commencing from 2005,05,Rest of Central Region,06 to 10
THE PEAK@BALMEG,"4,900,000","3,067.74","1,597",May-24,BALMEG HILL,Resale,Strata,285,"17,193",-,Condominium,1,Freehold,05,Rest of Central Region,01 to 05
WEST BAY CONDOMINIUM,"1,000,000",936.47,"1,068",May-24,WEST COAST CRESCENT,Resale,Strata,87,"11,494",-,Condominium,1,99 yrs lease commencing from 1991,05,Outside Central Region,01 to 05
REGENT PARK,"1,072,000",807.3,"1,328",May-24,JALAN LEMPENG,Resale,Strata,75,"14,293",-,Condominium,1,99 yrs lease commencing from 1993,05,Outside Central Region,06 to 10
PARC CLEMATIS,"1,455,000",710.42,"2,048",May-24,JALAN LEMPENG,Sub Sale,Strata,66,"22,045",-,Apartment,1,99 yrs lease commencing from 2019,05,Outside Central Region,01 to 05
WHITEHAVEN,"1,128,000",613.55,"1,838",May-24,PASIR PANJANG ROAD,Resale,Strata,57,"19,789",-,Apartment,1,Freehold,05,Rest of Central Region,01 to 05
ONE-NORTH EDEN,"3,280,000","1,410.08","2,326",May-24,SLIM BARRACKS RISE,Sub Sale,Strata,131,"25,038",-,Apartment,1,99 yrs lease commencing from 2019,05,Rest of Central Region,06 to 10
PARC CLEMATIS,"1,550,000",742.72,"2,087",May-24,JALAN LEMPENG,Sub Sale,Strata,69,"22,464",-,Apartment,1,99 yrs lease commencing from 2019,05,Outside Central Region,16 to 20
NEWEST,"1,050,000",678.13,"1,548",May-24,WEST COAST DRIVE,Resale,Strata,63,"16,667",-,Apartment,1,956 yrs lease commencing from 1928,05,Outside Central Region,06 to 10
THE TRILINQ,"2,190,000","1,356.26","1,615",May-24,JALAN LEMPENG,Resale,Strata,126,"17,381",-,Condominium,1,99 yrs lease commencing from 2012,05,Outside Central Region,11 to 15
NORMANTON PARK,"1,550,000",731.95,"2,118",May-24,NORMANTON PARK,Sub Sale,Strata,68,"22,794",-,Apartment,1,99 yrs lease commencing from 2019,05,Rest of Central Region,16 to 20
NORMANTON PARK,"2,800,000","1,334.74","2,098",May-24,NORMANTON PARK,Sub Sale,Strata,124,"22,581",-,Apartment,1,99 yrs lease commencing from 2019,05,Rest of Central Region,06 to 10
PARC RIVIERA,"980,000",602.78,"1,626",May-24,WEST COAST VALE,Resale,Strata,56,"17,500",-,Condominium,1,99 yrs lease commencing from 2015,05,Outside Central Region,26 to 30
THE MAYLEA,"2,060,000","1,205.57","1,709",May-24,PASIR PANJANG ROAD,Resale,Strata,112,"18,393",-,Condominium,1,Freehold,05,Rest of Central Region,01 to 05
THE ROCHESTER RESIDENCES,"1,930,000","1,216.33","1,587",May-24,ROCHESTER DRIVE,Resale,Strata,113,"17,080",-,Apartment,1,99 yrs lease commencing from 2005,05,Rest of Central Region,11 to 15
THE TRILINQ,"2,350,000","1,345.5","1,747",May-24,JALAN LEMPENG,Resale,Strata,125,"18,800",-,Condominium,1,99 yrs lease commencing from 2012,05,Outside Central Region,26 to 30
THE SORRENTO,"1,888,888","1,431.61","1,319",May-24,WEST COAST ROAD,Resale,Strata,133,"14,202",-,Condominium,1,Freehold,05,Outside Central Region,01 to 05
CLAVON,"1,580,000",764.24,"2,067",May-24,CLEMENTI AVENUE 1,Sub Sale,Strata,71,"22,254",-,Apartment,1,99 yrs lease commencing from 2019,05,Outside Central Region,16 to 20
NEWEST,"1,308,800",893.41,"1,465",May-24,WEST COAST DRIVE,Resale,Strata,83,"15,769",-,Apartment,1,956 yrs lease commencing from 1928,05,Outside Central Region,06 to 10
THE TRILINQ,"1,800,000",914.94,"1,967",May-24,JALAN LEMPENG,Resale,Strata,85,"21,176",-,Condominium,1,99 yrs lease commencing from 2012,05,Outside Central Region,31 to 35
THE VERANDAH RESIDENCES,"2,423,000","1,248.62","1,941",May-24,PASIR PANJANG ROAD,Resale,Strata,116,"20,888",-,Apartment,1,Freehold,05,Rest of Central Region,01 to 05
PARC CLEMATIS,"922,000",452.09,"2,039",May-24,JALAN LEMPENG,Sub Sale,Strata,42,"21,952",-,Apartment,1,99 yrs lease commencing from 2019,05,Outside Central Region,16 to 20
HERITAGE VIEW,"2,300,000","1,313.21","1,751",May-24,DOVER RISE,Resale,Strata,122,"18,852",-,Condominium,1,99 yrs lease commencing from 1996,05,Rest of Central Region,16 to 20
KENT RIDGE HILL RESIDENCES,"1,276,800",645.84,"1,977",May-24,SOUTH BUONA VISTA ROAD,Sub Sale,Strata,60,"21,280",-,Apartment,1,99 yrs lease commencing from 2018,05,Rest of Central Region,01 to 05
WESTCOVE CONDOMINIUM,"1,380,000","1,205.57","1,145",May-24,WEST COAST CRESCENT,Resale,Strata,112,"12,321",-,Condominium,1,99 yrs lease commencing from 1995,05,Outside Central Region,06 to 10
VARSITY PARK CONDOMINIUM,"2,730,000","2,152.8","1,268",May-24,WEST COAST ROAD,Resale,Strata,200,"13,650",-,Condominium,1,99 yrs lease commencing from 2004,05,Outside Central Region,01 to 05
ONE-NORTH RESIDENCES,"1,900,000","1,108.69","1,714",May-24,ONE-NORTH GATEWAY,Resale,Strata,103,"18,447",-,Apartment,1,99 yrs lease commencing from 2005,05,Rest of Central Region,06 to 10
SEAHILL,"818,000",505.91,"1,617",May-24,WEST COAST CRESCENT,Resale,Strata,47,"17,404",-,Condominium,1,99 yrs lease commencing from 2011,05,Outside Central Region,06 to 10
THE CLEMENT CANOPY,"1,230,000",635.08,"1,937",May-24,CLEMENTI AVENUE 1,Resale,Strata,59,"20,847",-,Apartment,1,99 yrs lease commencing from 2016,05,Outside Central Region,36 to 40
DOVER PARKVIEW,"1,368,000",968.76,"1,412",May-24,DOVER RISE,Resale,Strata,90,"15,200",-,Condominium,1,99 yrs lease commencing from 1993,05,Rest of Central Region,06 to 10
WEST BAY CONDOMINIUM,"1,450,000","1,216.33","1,192",May-24,WEST COAST CRESCENT,Resale,Strata,113,"12,832",-,Condominium,1,99 yrs lease commencing from 1991,05,Outside Central Region,01 to 05
CLAVON,"1,905,000",958,"1,989",May-24,CLEMENTI AVENUE 1,Sub Sale,Strata,89,"21,404",-,Apartment,1,99 yrs lease commencing from 2019,05,Outside Central Region,11 to 15
NORMANTON PARK,"1,530,000",764.24,"2,002",May-24,NORMANTON PARK,Sub Sale,Strata,71,"21,549",-,Apartment,1,99 yrs lease commencing from 2019,05,Rest of Central Region,11 to 15
THE CLEMENT CANOPY,"1,320,000",710.42,"1,858",May-24,CLEMENTI AVENUE 1,Resale,Strata,66,"20,000",-,Apartment,1,99 yrs lease commencing from 2016,05,Outside Central Region,11 to 15
PALM MANSIONS,"1,760,000","1,367.03","1,287",May-24,PASIR PANJANG ROAD,Resale,Strata,127,"13,858",-,Apartment,1,Freehold,05,Rest of Central Region,01 to 05
NORMANTON PARK,"1,560,000",764.24,"2,041",May-24,NORMANTON PARK,Sub Sale,Strata,71,"21,972",-,Apartment,1,99 yrs lease commencing from 2019,05,Rest of Central Region,11 to 15
CLAVON,"1,414,000",764.24,"1,850",May-24,CLEMENTI AVENUE 1,Sub Sale,Strata,71,"19,915",-,Apartment,1,99 yrs lease commencing from 2019,05,Outside Central Region,01 to 05
KENT RIDGE HILL RESIDENCES,"948,000",473.62,"2,002",May-24,SOUTH BUONA VISTA ROAD,Sub Sale,Strata,44,"21,545",-,Apartment,1,99 yrs lease commencing from 2018,05,Rest of Central Region,01 to 05
WHISTLER GRAND,"840,000",441.32,"1,903",May-24,WEST COAST VALE,Resale,Strata,41,"20,488",-,Apartment,1,99 yrs lease commencing from 2018,05,Outside Central Region,31 to 35
VILLAGE @ PASIR PANJANG,"1,485,000",839.59,"1,769",May-24,PASIR PANJANG ROAD,Resale,Strata,78,"19,038",-,Condominium,1,Freehold,05,Rest of Central Region,01 to 05
THE VERANDAH RESIDENCES,"1,980,000",936.47,"2,114",May-24,PASIR PANJANG ROAD,Resale,Strata,87,"22,759",-,Apartment,1,Freehold,05,Rest of Central Region,01 to 05
HERITAGE VIEW,"1,875,000","1,162.51","1,613",May-24,DOVER RISE,Resale,Strata,108,"17,361",-,Condominium,1,99 yrs lease commencing from 1996,05,Rest of Central Region,11 to 15
THE TRILINQ,"2,118,000","1,108.69","1,910",May-24,JALAN LEMPENG,Resale,Strata,103,"20,563",-,Condominium,1,99 yrs lease commencing from 2012,05,Outside Central Region,06 to 10
THE VISION,"1,297,000",818.06,"1,585",May-24,WEST COAST CRESCENT,Resale,Strata,76,"17,066",-,Condominium,1,99 yrs lease commencing from 2008,05,Outside Central Region,11 to 15
PARC CLEMATIS,"935,000",516.67,"1,810",May-24,JALAN LEMPENG,Sub Sale,Strata,48,"19,479",-,Apartment,1,99 yrs lease commencing from 2019,05,Outside Central Region,01 to 05
WHITEHAVEN,"1,100,000",635.08,"1,732",May-24,PASIR PANJANG ROAD,Resale,Strata,59,"18,644",-,Apartment,1,Freehold,05,Rest of Central Region,01 to 05
BOTANNIA,"2,475,000","1,582.31","1,564",May-24,WEST COAST PARK,Resale,Strata,147,"16,837",-,Condominium,1,956 yrs lease commencing from 1928,05,Outside Central Region,01 to 05
CLAVON,"2,330,888","1,130.22","2,062",May-24,CLEMENTI AVENUE 1,Sub Sale,Strata,105,"22,199",-,Apartment,1,99 yrs lease commencing from 2019,05,Outside Central Region,06 to 10
PASIR VIEW PARK,"2,230,000","1,506.96","1,480",May-24,PASIR PANJANG ROAD,Resale,Strata,140,"15,929",-,Condominium,1,Freehold,05,Rest of Central Region,01 to 05
PARC CLEMATIS,"1,760,000",828.83,"2,123",May-24,JALAN LEMPENG,Sub Sale,Strata,77,"22,857",-,Apartment,1,99 yrs lease commencing from 2019,05,Outside Central Region,16 to 20
PARC CLEMATIS,"2,170,000","1,044.11","2,078",May-24,JALAN LEMPENG,Sub Sale,Strata,97,"22,371",-,Apartment,1,99 yrs lease commencing from 2019,05,Outside Central Region,01 to 05
PARC CLEMATIS,"1,270,000",688.9,"1,844",May-24,JALAN LEMPENG,Sub Sale,Strata,64,"19,844",-,Apartment,1,99 yrs lease commencing from 2019,05,Outside Central Region,01 to 05
CARABELLE,"2,257,000","1,259.39","1,792",May-24,WEST COAST WAY,Resale,Strata,117,"19,291",-,Condominium,1,956 yrs lease commencing from 1928,05,Outside Central Region,11 to 15
THE MAYLEA,"2,000,000","1,259.39","1,588",May-24,PASIR PANJANG ROAD,Resale,Strata,117,"17,094",-,Condominium,1,Freehold,05,Rest of Central Region,01 to 05
THE ROCHESTER RESIDENCES,"1,938,000","1,205.57","1,608",May-24,ROCHESTER DRIVE,Resale,Strata,112,"17,304",-,Apartment,1,99 yrs lease commencing from 2005,05,Rest of Central Region,11 to 15
HERITAGE VIEW,"1,850,000","1,162.51","1,591",May-24,DOVER RISE,Resale,Strata,108,"17,130",-,Condominium,1,99 yrs lease commencing from 1996,05,Rest of Central Region,16 to 20
PARC CLEMATIS,"1,910,000",893.41,"2,138",May-24,JALAN LEMPENG,Sub Sale,Strata,83,"23,012",-,Apartment,1,99 yrs lease commencing from 2019,05,Outside Central Region,21 to 25
THE TRILINQ,"2,000,000","1,108.69","1,804",May-24,JALAN LEMPENG,Resale,Strata,103,"19,417",-,Condominium,1,99 yrs lease commencing from 2012,05,Outside Central Region,06 to 10
CLAVON,"1,500,000",764.24,"1,963",May-24,CLEMENTI AVENUE 1,Sub Sale,Strata,71,"21,127",-,Apartment,1,99 yrs lease commencing from 2019,05,Outside Central Region,16 to 20
WHISTLER GRAND,"1,218,888",613.55,"1,987",May-24,WEST COAST VALE,Resale,Strata,57,"21,384",-,Apartment,1,99 yrs lease commencing from 2018,05,Outside Central Region,31 to 35
SEAHILL,"1,400,000",861.12,"1,626",May-24,WEST COAST CRESCENT,Resale,Strata,80,"17,500",-,Condominium,1,99 yrs lease commencing from 2011,05,Outside Central Region,21 to 25
LANDRIDGE CONDOMINIUM,"2,940,000","1,894.46","1,552",May-24,PASIR PANJANG ROAD,Resale,Strata,176,"16,705",-,Condominium,1,Freehold,05,Rest of Central Region,01 to 05
NORMANTON PARK,"1,570,000",731.95,"2,145",May-24,NORMANTON PARK,Sub Sale,Strata,68,"23,088",-,Apartment,1,99 yrs lease commencing from 2019,05,Rest of Central Region,11 to 15
ONE-NORTH RESIDENCES,"1,569,000","1,140.98","1,375",May-24,ONE-NORTH GATEWAY,Resale,Strata,106,"14,802",-,Apartment,1,99 yrs lease commencing from 2005,05,Rest of Central Region,01 to 05
NORMANTON PARK,"1,335,000",667.37,"2,000",May-24,NORMANTON PARK,Sub Sale,Strata,62,"21,532",-,Apartment,1,99 yrs lease commencing from 2019,05,Rest of Central Region,01 to 05
FABER CREST,"1,568,000","1,216.33","1,289",May-24,FABER HEIGHTS,Resale,Strata,113,"13,876",-,Condominium,1,99 yrs lease commencing from 1996,05,Outside Central Region,01 to 05
THE CLEMENT CANOPY,"1,225,000",731.95,"1,674",May-24,CLEMENTI AVENUE 1,Resale,Strata,68,"18,015",-,Apartment,1,99 yrs lease commencing from 2016,05,Outside Central Region,01 to 05
PARC CLEMATIS,"2,360,000","1,044.11","2,260",May-24,JALAN LEMPENG,Sub Sale,Strata,97,"24,330",-,Apartment,1,99 yrs lease commencing from 2019,05,Outside Central Region,16 to 20
THE ROCHESTER RESIDENCES,"1,310,000",861.12,"1,521",Apr-24,ROCHESTER DRIVE,Resale,Strata,80,"16,375",-,Apartment,1,99 yrs lease commencing from 2005,05,Rest of Central Region,16 to 20
THE TRILINQ,"1,228,000",710.42,"1,729",Apr-24,JALAN LEMPENG,Resale,Strata,66,"18,606",-,Condominium,1,99 yrs lease commencing from 2012,05,Outside Central Region,11 to 15
PARC RIVIERA,"990,000",602.78,"1,642",Apr-24,WEST COAST VALE,Resale,Strata,56,"17,679",-,Condominium,1,99 yrs lease commencing from 2015,05,Outside Central Region,31 to 35
MONTEREY PARK CONDOMINIUM,"2,180,000","1,528.49","1,426",Apr-24,WEST COAST RISE,Resale,Strata,142,"15,352",-,Condominium,1,999 yrs lease commencing from 1885,05,Outside Central Region,01 to 05
TWIN VEW,"1,340,000",742.72,"1,804",Apr-24,WEST COAST VALE,Resale,Strata,69,"19,420",-,Apartment,1,99 yrs lease commencing from 2017,05,Outside Central Region,31 to 35
PARC CLEMATIS,"1,990,000",904.18,"2,201",Apr-24,JALAN LEMPENG,Sub Sale,Strata,84,"23,690",-,Apartment,1,99 yrs lease commencing from 2019,05,Outside Central Region,01 to 05
HUNDRED TREES,"1,540,000",914.94,"1,683",Apr-24,WEST COAST DRIVE,Resale,Strata,85,"18,118",-,Condominium,1,956 yrs lease commencing from 1928,05,Outside Central Region,11 to 15
PALM GREEN,"1,550,000","1,291.68","1,200",Apr-24,PASIR PANJANG ROAD,Resale,Strata,120,"12,917",-,Apartment,1,Freehold,05,Rest of Central Region,01 to 05
PARC RIVIERA,"795,000",462.85,"1,718",Apr-24,WEST COAST VALE,Resale,Strata,43,"18,488",-,Condominium,1,99 yrs lease commencing from 2015,05,Outside Central Region,26 to 30
PARC CLEMATIS,"1,070,000",516.67,"2,071",Apr-24,JALAN LEMPENG,Sub Sale,Strata,48,"22,292",-,Apartment,1,99 yrs lease commencing from 2019,05,Outside Central Region,21 to 25
TWIN VEW,"1,980,000","1,140.98","1,735",Apr-24,WEST COAST VALE,Resale,Strata,106,"18,679",-,Apartment,1,99 yrs lease commencing from 2017,05,Outside Central Region,21 to 25
PARC CLEMATIS,"1,428,800",710.42,"2,011",Apr-24,JALAN LEMPENG,Sub Sale,Strata,66,"21,648",-,Apartment,1,99 yrs lease commencing from 2019,05,Outside Central Region,21 to 25
THE GRANDHILL,"2,188,000","1,259.39","1,737",Apr-24,PASIR PANJANG HILL,Resale,Strata,117,"18,701",-,Condominium,1,Freehold,05,Rest of Central Region,01 to 05
HERITAGE VIEW,"1,988,888","1,194.8","1,665",Apr-24,DOVER RISE,Resale,Strata,111,"17,918",-,Condominium,1,99 yrs lease commencing from 1996,05,Rest of Central Region,11 to 15
THE ROCHESTER RESIDENCES,"2,680,000","1,679.18","1,596",Apr-24,ROCHESTER DRIVE,Resale,Strata,156,"17,179",-,Apartment,1,99 yrs lease commencing from 2005,05,Rest of Central Region,21 to 25
THE PARC CONDOMINIUM,"2,438,000","1,302.44","1,872",Apr-24,WEST COAST WALK,Resale,Strata,121,"20,149",-,Condominium,1,Freehold,05,Outside Central Region,21 to 25
BOTANNIA,"2,888,888","1,625.36","1,777",Apr-24,WEST COAST PARK,Resale,Strata,151,"19,132",-,Condominium,1,956 yrs lease commencing from 1928,05,Outside Central Region,06 to 10
PARC CLEMATIS,"1,850,000",893.41,"2,071",Apr-24,JALAN LEMPENG,Sub Sale,Strata,83,"22,289",-,Apartment,1,99 yrs lease commencing from 2019,05,Outside Central Region,06 to 10
THE SPECTRUM,"3,188,000","2,486.48","1,282",Apr-24,PASIR PANJANG ROAD,Resale,Strata,231,"13,801",-,Condominium,1,Freehold,05,Rest of Central Region,01 to 05
DOVER PARKVIEW,"1,285,000",936.47,"1,372",Apr-24,DOVER RISE,Resale,Strata,87,"14,770",-,Condominium,1,99 yrs lease commencing from 1993,05,Rest of Central Region,06 to 10
WHISTLER GRAND,"1,475,000",764.24,"1,930",Apr-24,WEST COAST VALE,Resale,Strata,71,"20,775",-,Apartment,1,99 yrs lease commencing from 2018,05,Outside Central Region,26 to 30
SEAHILL,"792,888",505.91,"1,567",Apr-24,WEST COAST CRESCENT,Resale,Strata,47,"16,870",-,Condominium,1,99 yrs lease commencing from 2011,05,Outside Central Region,01 to 05
PARC RIVIERA,"818,000",462.85,"1,767",Apr-24,WEST COAST VALE,Resale,Strata,43,"19,023",-,Condominium,1,99 yrs lease commencing from 2015,05,Outside Central Region,21 to 25
TWIN VEW,"1,435,000",818.06,"1,754",Apr-24,WEST COAST VALE,Resale,Strata,76,"18,882",-,Apartment,1,99 yrs lease commencing from 2017,05,Outside Central Region,21 to 25
PARC CLEMATIS,"1,765,000",861.12,"2,050",Apr-24,JALAN LEMPENG,Sub Sale,Strata,80,"22,063",-,Apartment,1,99 yrs lease commencing from 2019,05,Outside Central Region,06 to 10
PARC CLEMATIS,"1,500,000",721.19,"2,080",Apr-24,JALAN LEMPENG,Sub Sale,Strata,67,"22,388",-,Apartment,1,99 yrs lease commencing from 2019,05,Outside Central Region,16 to 20
WESTCOVE CONDOMINIUM,"1,588,888","1,539.25","1,032",Apr-24,WEST COAST CRESCENT,Resale,Strata,143,"11,111",-,Condominium,1,99 yrs lease commencing from 1995,05,Outside Central Region,01 to 05
THE PARC CONDOMINIUM,"2,670,000","1,420.85","1,879",Apr-24,WEST COAST WALK,Resale,Strata,132,"20,227",-,Condominium,1,Freehold,05,Outside Central Region,16 to 20
KENT RIDGE HILL RESIDENCES,"1,300,000",645.84,"2,013",Apr-24,SOUTH BUONA VISTA ROAD,Sub Sale,Strata,60,"21,667",-,Apartment,1,99 yrs lease commencing from 2018,05,Rest of Central Region,01 to 05
HERITAGE VIEW,"1,898,000","1,194.8","1,589",Apr-24,DOVER RISE,Resale,Strata,111,"17,099",-,Condominium,1,99 yrs lease commencing from 1996,05,Rest of Central Region,01 to 05
HUNDRED TREES,"1,265,000",785.77,"1,610",Apr-24,WEST COAST DRIVE,Resale,Strata,73,"17,329",-,Condominium,1,956 yrs lease commencing from 1928,05,Outside Central Region,11 to 15
HERITAGE VIEW,"2,111,000","1,323.97","1,594",Apr-24,DOVER RISE,Resale,Strata,123,"17,163",-,Condominium,1,99 yrs lease commencing from 1996,05,Rest of Central Region,01 to 05
THE PEAK@BALMEG,"1,850,000",990.29,"1,868",Apr-24,BALMEG HILL,Resale,Strata,92,"20,109",-,Condominium,1,Freehold,05,Rest of Central Region,01 to 05
TWIN VEW,"1,260,000",731.95,"1,721",Apr-24,WEST COAST VALE,Resale,Strata,68,"18,529",-,Apartment,1,99 yrs lease commencing from 2017,05,Outside Central Region,06 to 10
THE PARC CONDOMINIUM,"2,360,000","1,291.68","1,827",Apr-24,WEST COAST WALK,Resale,Strata,120,"19,667",-,Condominium,1,Freehold,05,Outside Central Region,11 to 15
PARC CLEMATIS,"1,500,000",742.72,"2,020",Apr-24,JALAN LEMPENG,Sub Sale,Strata,69,"21,739",-,Apartment,1,99 yrs lease commencing from 2019,05,Outside Central Region,16 to 20
PARC CLEMATIS,"1,390,000",688.9,"2,018",Apr-24,JALAN LEMPENG,Sub Sale,Strata,64,"21,719",-,Apartment,1,99 yrs lease commencing from 2019,05,Outside Central Region,21 to 25
PARC RIVIERA,"980,000",602.78,"1,626",Apr-24,WEST COAST VALE,Resale,Strata,56,"17,500",-,Condominium,1,99 yrs lease commencing from 2015,05,Outside Central Region,31 to 35
WHITEHAVEN,"1,295,000","1,054.87","1,228",Apr-24,PASIR PANJANG ROAD,Resale,Strata,98,"13,214",-,Apartment,1,Freehold,05,Rest of Central Region,01 to 05
THE STELLAR,"2,400,000","1,420.85","1,689",Apr-24,WEST COAST ROAD,Resale,Strata,132,"18,182",-,Condominium,1,Freehold,05,Outside Central Region,01 to 05
THE CLEMENT CANOPY,"1,910,000",990.29,"1,929",Apr-24,CLEMENTI AVENUE 1,Resale,Strata,92,"20,761",-,Apartment,1,99 yrs lease commencing from 2016,05,Outside Central Region,31 to 35
LANDRIDGE CONDOMINIUM,"2,900,000","1,894.46","1,531",Apr-24,PASIR PANJANG ROAD,Resale,Strata,176,"16,477",-,Condominium,1,Freehold,05,Rest of Central Region,01 to 05
PARC IMPERIAL,"780,000",419.8,"1,858",Apr-24,PASIR PANJANG ROAD,Resale,Strata,39,"20,000",-,Condominium,1,Freehold,05,Rest of Central Region,01 to 05
PARC RIVIERA,"1,150,000",710.42,"1,619",Apr-24,WEST COAST VALE,Resale,Strata,66,"17,424",-,Condominium,1,99 yrs lease commencing from 2015,05,Outside Central Region,21 to 25
WHISTLER GRAND,"1,410,000",764.24,"1,845",Apr-24,WEST COAST VALE,Resale,Strata,71,"19,859",-,Apartment,1,99 yrs lease commencing from 2018,05,Outside Central Region,21 to 25
BLUE HORIZON,"1,300,000",958,"1,357",Apr-24,WEST COAST CRESCENT,Resale,Strata,89,"14,607",-,Condominium,1,99 yrs lease commencing from 2000,05,Outside Central Region,06 to 10
NORMANTON PARK,"1,030,000",516.67,"1,994",Apr-24,NORMANTON PARK,Sub Sale,Strata,48,"21,458",-,Apartment,1,99 yrs lease commencing from 2019,05,Rest of Central Region,01 to 05
PARC CLEMATIS,"1,568,000",742.72,"2,111",Apr-24,JALAN LEMPENG,Sub Sale,Strata,69,"22,725",-,Apartment,1,99 yrs lease commencing from 2019,05,Outside Central Region,21 to 25
TWIN VEW,"2,450,000","1,377.79","1,778",Apr-24,WEST COAST VALE,Resale,Strata,128,"19,141",-,Apartment,1,99 yrs lease commencing from 2017,05,Outside Central Region,01 to 05
KENT RIDGE HILL RESIDENCES,"3,750,000","1,926.76","1,946",Apr-24,SOUTH BUONA VISTA ROAD,Sub Sale,Strata,179,"20,950",-,Apartment,1,99 yrs lease commencing from 2018,05,Rest of Central Region,01 to 05
THE TRILINQ,"1,700,000",914.94,"1,858",Apr-24,JALAN LEMPENG,Resale,Strata,85,"20,000",-,Condominium,1,99 yrs lease commencing from 2012,05,Outside Central Region,16 to 20
PARC CLEMATIS,"1,920,000",914.94,"2,098",Apr-24,JALAN LEMPENG,Sub Sale,Strata,85,"22,588",-,Apartment,1,99 yrs lease commencing from 2019,05,Outside Central Region,06 to 10
BAYVILLE CONDOMINIUM,"2,900,000","1,969.81","1,472",Apr-24,SOUTH BUONA VISTA ROAD,Resale,Strata,183,"15,847",-,Condominium,1,Freehold,05,Rest of Central Region,01 to 05
HERITAGE VIEW,"1,910,000","1,194.8","1,599",Apr-24,DOVER RISE,Resale,Strata,111,"17,207",-,Condominium,1,99 yrs lease commencing from 1996,05,Rest of Central Region,06 to 10
PARC RIVIERA,"996,000",602.78,"1,652",Apr-24,WEST COAST VALE,Resale,Strata,56,"17,786",-,Condominium,1,99 yrs lease commencing from 2015,05,Outside Central Region,31 to 35
NORMANTON PARK,"1,370,000",656.6,"2,086",Apr-24,NORMANTON PARK,Sub Sale,Strata,61,"22,459",-,Apartment,1,99 yrs lease commencing from 2019,05,Rest of Central Region,11 to 15
PARC CLEMATIS,"1,425,000",710.42,"2,006",Apr-24,JALAN LEMPENG,Sub Sale,Strata,66,"21,591",-,Apartment,1,99 yrs lease commencing from 2019,05,Outside Central Region,01 to 05
WHISTLER GRAND,"2,160,000","1,065.64","2,027",Apr-24,WEST COAST VALE,Resale,Strata,99,"21,818",-,Apartment,1,99 yrs lease commencing from 2018,05,Outside Central Region,21 to 25
BLUE HORIZON,"1,200,000",936.47,"1,281",Apr-24,WEST COAST CRESCENT,Resale,Strata,87,"13,793",-,Condominium,1,99 yrs lease commencing from 2000,05,Outside Central Region,06 to 10
PARC CLEMATIS,"2,310,000","1,044.11","2,212",Apr-24,JALAN LEMPENG,Sub Sale,Strata,97,"23,814",-,Apartment,1,99 yrs lease commencing from 2019,05,Outside Central Region,11 to 15
PARC IMPERIAL,"750,000",398.27,"1,883",Apr-24,PASIR PANJANG ROAD,Resale,Strata,37,"20,270",-,Condominium,1,Freehold,05,Rest of Central Region,01 to 05
SEAHILL,"1,500,000",936.47,"1,602",Apr-24,WEST COAST CRESCENT,Resale,Strata,87,"17,241",-,Condominium,1,99 yrs lease commencing from 2011,05,Outside Central Region,06 to 10
PARC CLEMATIS,"1,325,000",688.9,"1,923",Apr-24,JALAN LEMPENG,Sub Sale,Strata,64,"20,703",-,Apartment,1,99 yrs lease commencing from 2019,05,Outside Central Region,06 to 10
PARC CLEMATIS,"1,870,000",893.41,"2,093",Apr-24,JALAN LEMPENG,Sub Sale,Strata,83,"22,530",-,Apartment,1,99 yrs lease commencing from 2019,05,Outside Central Region,11 to 15
MONTEREY PARK CONDOMINIUM,"2,448,888","1,420.85","1,724",Apr-24,WEST COAST RISE,Resale,Strata,132,"18,552",-,Condominium,1,999 yrs lease commencing from 1885,05,Outside Central Region,11 to 15
NORMANTON PARK,"1,800,000",828.83,"2,172",Apr-24,NORMANTON PARK,Sub Sale,Strata,77,"23,377",-,Apartment,1,99 yrs lease commencing from 2019,05,Rest of Central Region,21 to 25
VARSITY PARK CONDOMINIUM,"2,160,000","1,463.9","1,476",Apr-24,WEST COAST ROAD,Resale,Strata,136,"15,882",-,Condominium,1,99 yrs lease commencing from 2004,05,Outside Central Region,01 to 05
PARC CLEMATIS,"1,050,000",516.67,"2,032",Apr-24,JALAN LEMPENG,Sub Sale,Strata,48,"21,875",-,Apartment,1,99 yrs lease commencing from 2019,05,Outside Central Region,16 to 20
NORMANTON PARK,"1,415,000",656.6,"2,155",Apr-24,NORMANTON PARK,Sub Sale,Strata,61,"23,197",-,Apartment,1,99 yrs lease commencing from 2019,05,Rest of Central Region,11 to 15
PARC CLEMATIS,"2,750,000","1,291.68","2,129",Apr-24,JALAN LEMPENG,Sub Sale,Strata,120,"22,917",-,Apartment,1,99 yrs lease commencing from 2019,05,Outside Central Region,01 to 05
NORMANTON PARK,"1,480,000",731.95,"2,022",Apr-24,NORMANTON PARK,Sub Sale,Strata,68,"21,765",-,Apartment,1,99 yrs lease commencing from 2019,05,Rest of Central Region,16 to 20
BOTANNIA,"2,160,000","1,248.62","1,730",Apr-24,WEST COAST PARK,Resale,Strata,116,"18,621",-,Condominium,1,956 yrs lease commencing from 1928,05,Outside Central Region,01 to 05
BLUE HORIZON,"1,350,000",958,"1,409",Apr-24,WEST COAST CRESCENT,Resale,Strata,89,"15,169",-,Condominium,1,99 yrs lease commencing from 2000,05,Outside Central Region,21 to 25
THE TRILINQ,"1,270,000",710.42,"1,788",Apr-24,JALAN LEMPENG,Resale,Strata,66,"19,242",-,Condominium,1,99 yrs lease commencing from 2012,05,Outside Central Region,31 to 35
THE PEAK,"8,300,000","5,521.93","1,503",Apr-24,PEPYS ROAD,Resale,Strata,513,"16,179",-,Condominium,1,Freehold,05,Rest of Central Region,B1 to B5
NORMANTON PARK,"1,170,000",495.14,"2,363",Apr-24,NORMANTON PARK,Sub Sale,Strata,46,"25,435",-,Apartment,1,99 yrs lease commencing from 2019,05,Rest of Central Region,11 to 15
VIVA VISTA,"700,000",376.74,"1,858",Apr-24,SOUTH BUONA VISTA ROAD,Resale,Strata,35,"20,000",-,Apartment,1,Freehold,05,Rest of Central Region,01 to 05
PARC CLEMATIS,"2,200,000","1,044.11","2,107",Apr-24,JALAN LEMPENG,Sub Sale,Strata,97,"22,680",-,Apartment,1,99 yrs lease commencing from 2019,05,Outside Central Region,06 to 10
WHISTLER GRAND,"1,484,000",764.24,"1,942",Apr-24,WEST COAST VALE,Resale,Strata,71,"20,901",-,Apartment,1,99 yrs lease commencing from 2018,05,Outside Central Region,21 to 25
THE CLEMENT CANOPY,"1,390,000",731.95,"1,899",Apr-24,CLEMENTI AVENUE 1,Resale,Strata,68,"20,441",-,Apartment,1,99 yrs lease commencing from 2016,05,Outside Central Region,11 to 15
THE SORRENTO,"1,868,888","1,442.38","1,296",Apr-24,WEST COAST ROAD,Resale,Strata,134,"13,947",-,Condominium,1,Freehold,05,Outside Central Region,01 to 05
PARC CLEMATIS,"888,000",452.09,"1,964",Apr-24,JALAN LEMPENG,Sub Sale,Strata,42,"21,143",-,Apartment,1,99 yrs lease commencing from 2019,05,Outside Central Region,01 to 05
THE ROCHESTER RESIDENCES,"2,950,000","1,862.17","1,584",Mar-24,ROCHESTER DRIVE,Resale,Strata,173,"17,052",-,Apartment,1,99 yrs lease commencing from 2005,05,Rest of Central Region,11 to 15
WEST BAY CONDOMINIUM,"950,000",893.41,"1,063",Mar-24,WEST COAST CRESCENT,Resale,Strata,83,"11,446",-,Condominium,1,99 yrs lease commencing from 1991,05,Outside Central Region,01 to 05
PARC CLEMATIS,"1,940,000",904.18,"2,146",Mar-24,JALAN LEMPENG,Sub Sale,Strata,84,"23,095",-,Apartment,1,99 yrs lease commencing from 2019,05,Outside Central Region,01 to 05
VILLAGE @ PASIR PANJANG,"2,250,000","1,851.41","1,215",Mar-24,PASIR PANJANG ROAD,Resale,Strata,172,"13,081",-,Condominium,1,Freehold,05,Rest of Central Region,01 to 05
NORMANTON PARK,"1,468,000",656.6,"2,236",Mar-24,NORMANTON PARK,Sub Sale,Strata,61,"24,066",-,Apartment,1,99 yrs lease commencing from 2019,05,Rest of Central Region,21 to 25
THE TRILINQ,"1,625,000","1,108.69","1,466",Mar-24,JALAN LEMPENG,Resale,Strata,103,"15,777",-,Condominium,1,99 yrs lease commencing from 2012,05,Outside Central Region,06 to 10
PARC RIVIERA,"1,500,000",904.18,"1,659",Mar-24,WEST COAST VALE,Resale,Strata,84,"17,857",-,Condominium,1,99 yrs lease commencing from 2015,05,Outside Central Region,21 to 25
THE CLEMENT CANOPY,"1,400,000",710.42,"1,971",Mar-24,CLEMENTI AVENUE 1,Resale,Strata,66,"21,212",-,Apartment,1,99 yrs lease commencing from 2016,05,Outside Central Region,36 to 40
BAYVILLE CONDOMINIUM,"1,800,000","1,259.39","1,429",Mar-24,SOUTH BUONA VISTA ROAD,Resale,Strata,117,"15,385",-,Condominium,1,Freehold,05,Rest of Central Region,01 to 05
PARC CLEMATIS,"1,380,000",688.9,"2,003",Mar-24,JALAN LEMPENG,Sub Sale,Strata,64,"21,563",-,Apartment,1,99 yrs lease commencing from 2019,05,Outside Central Region,16 to 20
THE PARC CONDOMINIUM,"2,188,888","1,216.33","1,800",Mar-24,WEST COAST WALK,Resale,Strata,113,"19,371",-,Condominium,1,Freehold,05,Outside Central Region,01 to 05
BOTANNIA,"2,180,000","1,237.86","1,761",Mar-24,WEST COAST PARK,Resale,Strata,115,"18,957",-,Condominium,1,956 yrs lease commencing from 1928,05,Outside Central Region,06 to 10
CLAVON,"1,500,000",764.24,"1,963",Mar-24,CLEMENTI AVENUE 1,Sub Sale,Strata,71,"21,127",-,Apartment,1,99 yrs lease commencing from 2019,05,Outside Central Region,11 to 15
THE CLEMENT CANOPY,"1,380,000",710.42,"1,943",Mar-24,CLEMENTI AVENUE 1,Resale,Strata,66,"20,909",-,Apartment,1,99 yrs lease commencing from 2016,05,Outside Central Region,11 to 15
DOVER PARKVIEW,"1,340,000",968.76,"1,383",Mar-24,DOVER RISE,Resale,Strata,90,"14,889",-,Condominium,1,99 yrs lease commencing from 1993,05,Rest of Central Region,06 to 10
PEPYS HILL CONDOMINIUM,"4,250,000","2,992.39","1,420",Mar-24,PEPYS ROAD,Resale,Strata,278,"15,288",-,Condominium,1,Freehold,05,Rest of Central Region,01 to 05
WATERFRONT @ FABER,"1,058,000",710.42,"1,489",Mar-24,FABER WALK,Resale,Strata,66,"16,030",-,Apartment,1,99 yrs lease commencing from 2013,05,Outside Central Region,01 to 05
PARC CLEMATIS,"1,430,000",721.19,"1,983",Mar-24,JALAN LEMPENG,Sub Sale,Strata,67,"21,343",-,Apartment,1,99 yrs lease commencing from 2019,05,Outside Central Region,11 to 15
PASIR VIEW PARK,"1,580,000",990.29,"1,595",Mar-24,PASIR PANJANG ROAD,Resale,Strata,92,"17,174",-,Condominium,1,Freehold,05,Rest of Central Region,01 to 05
THE INFINITI,"1,960,000","1,463.9","1,339",Mar-24,WEST COAST PARK,Resale,Strata,136,"14,412",-,Condominium,1,Freehold,05,Outside Central Region,01 to 05
HERITAGE VIEW,"2,180,000","1,313.21","1,660",Mar-24,DOVER RISE,Resale,Strata,122,"17,869",-,Condominium,1,99 yrs lease commencing from 1996,05,Rest of Central Region,11 to 15
TWIN VEW,"2,120,000","1,184.04","1,790",Mar-24,WEST COAST VALE,Resale,Strata,110,"19,273",-,Apartment,1,99 yrs lease commencing from 2017,05,Outside Central Region,06 to 10
DOVER PARKVIEW,"1,930,000","1,280.92","1,507",Mar-24,DOVER RISE,Resale,Strata,119,"16,218",-,Condominium,1,99 yrs lease commencing from 1993,05,Rest of Central Region,06 to 10
DOVER PARKVIEW,"1,313,688",968.76,"1,356",Mar-24,DOVER RISE,Resale,Strata,90,"14,597",-,Condominium,1,99 yrs lease commencing from 1993,05,Rest of Central Region,01 to 05
NORMANTON PARK,"1,350,000",656.6,"2,056",Mar-24,NORMANTON PARK,Sub Sale,Strata,61,"22,131",-,Apartment,1,99 yrs lease commencing from 2019,05,Rest of Central Region,11 to 15
NORMANTON PARK,"1,520,000",721.19,"2,108",Mar-24,NORMANTON PARK,Sub Sale,Strata,67,"22,687",-,Apartment,1,99 yrs lease commencing from 2019,05,Rest of Central Region,11 to 15
CLAVON,"2,550,000","1,280.92","1,991",Mar-24,CLEMENTI AVENUE 1,Sub Sale,Strata,119,"21,429",-,Apartment,1,99 yrs lease commencing from 2019,05,Outside Central Region,06 to 10
DOVER PARKVIEW,"1,128,000","1,248.62",903,Mar-24,DOVER RISE,Resale,Strata,116,"9,724",-,Condominium,1,99 yrs lease commencing from 1993,05,Rest of Central Region,01 to 05
PARC RIVIERA,"1,080,000",645.84,"1,672",Mar-24,WEST COAST VALE,Resale,Strata,60,"18,000",-,Condominium,1,99 yrs lease commencing from 2015,05,Outside Central Region,06 to 10
ONE-NORTH RESIDENCES,"1,450,000","1,076.4","1,347",Mar-24,ONE-NORTH GATEWAY,Resale,Strata,100,"14,500",-,Apartment,1,99 yrs lease commencing from 2005,05,Rest of Central Region,06 to 10
FABER CREST,"1,590,000","1,248.62","1,273",Mar-24,FABER HEIGHTS,Resale,Strata,116,"13,707",-,Condominium,1,99 yrs lease commencing from 1996,05,Outside Central Region,01 to 05
THE CLEMENT CANOPY,"1,188,000",635.08,"1,871",Mar-24,CLEMENTI AVENUE 1,Resale,Strata,59,"20,136",-,Apartment,1,99 yrs lease commencing from 2016,05,Outside Central Region,16 to 20
WHISTLER GRAND,"1,420,000",764.24,"1,858",Mar-24,WEST COAST VALE,Resale,Strata,71,"20,000",-,Apartment,1,99 yrs lease commencing from 2018,05,Outside Central Region,21 to 25
WESTCOVE CONDOMINIUM,"1,160,000","1,162.51",998,Mar-24,WEST COAST CRESCENT,Resale,Strata,108,"10,741",-,Condominium,1,99 yrs lease commencing from 1995,05,Outside Central Region,01 to 05
TWIN VEW,"822,000",484.38,"1,697",Mar-24,WEST COAST VALE,Resale,Strata,45,"18,267",-,Apartment,1,99 yrs lease commencing from 2017,05,Outside Central Region,06 to 10
WHITEHAVEN,"1,068,000",613.55,"1,741",Mar-24,PASIR PANJANG ROAD,Resale,Strata,57,"18,737",-,Apartment,1,Freehold,05,Rest of Central Region,01 to 05
ONE-NORTH RESIDENCES,"955,000",592.02,"1,613",Mar-24,ONE-NORTH GATEWAY,Resale,Strata,55,"17,364",-,Apartment,1,99 yrs lease commencing from 2005,05,Rest of Central Region,11 to 15
SEAHILL,"806,000",495.14,"1,628",Mar-24,WEST COAST CRESCENT,Resale,Strata,46,"17,522",-,Condominium,1,99 yrs lease commencing from 2011,05,Outside Central Region,11 to 15
VARSITY PARK CONDOMINIUM,"2,020,000","1,345.5","1,501",Mar-24,WEST COAST ROAD,Resale,Strata,125,"16,160",-,Condominium,1,99 yrs lease commencing from 2004,05,Outside Central Region,01 to 05
PARC CLEMATIS,"2,170,000","1,044.11","2,078",Mar-24,JALAN LEMPENG,Sub Sale,Strata,97,"22,371",-,Apartment,1,99 yrs lease commencing from 2019,05,Outside Central Region,01 to 05
VARSITY PARK CONDOMINIUM,"1,780,000","1,313.21","1,355",Mar-24,WEST COAST ROAD,Resale,Strata,122,"14,590",-,Condominium,1,99 yrs lease commencing from 2004,05,Outside Central Region,01 to 05
PARC CLEMATIS,"1,520,000",721.19,"2,108",Mar-24,JALAN LEMPENG,Sub Sale,Strata,67,"22,687",-,Apartment,1,99 yrs lease commencing from 2019,05,Outside Central Region,16 to 20
PARC RIVIERA,"965,000",602.78,"1,601",Mar-24,WEST COAST VALE,Resale,Strata,56,"17,232",-,Condominium,1,99 yrs lease commencing from 2015,05,Outside Central Region,11 to 15
WESTCOVE CONDOMINIUM,"1,360,088","1,205.57","1,128",Mar-24,WEST COAST CRESCENT,Resale,Strata,112,"12,144",-,Condominium,1,99 yrs lease commencing from 1995,05,Outside Central Region,06 to 10
THE TRILINQ,"2,250,000","1,517.72","1,482",Mar-24,JALAN LEMPENG,Resale,Strata,141,"15,957",-,Condominium,1,99 yrs lease commencing from 2012,05,Outside Central Region,01 to 05
HARBOUR VIEW GARDENS,"1,560,000",818.06,"1,907",Mar-24,PASIR PANJANG ROAD,Resale,Strata,76,"20,526",-,Apartment,1,Freehold,05,Rest of Central Region,01 to 05
KENT RIDGE HILL RESIDENCES,"955,888",473.62,"2,018",Mar-24,SOUTH BUONA VISTA ROAD,Sub Sale,Strata,44,"21,725",-,Apartment,1,99 yrs lease commencing from 2018,05,Rest of Central Region,01 to 05
PEPYS HILL CONDOMINIUM,"4,220,000","3,035.45","1,390",Mar-24,PEPYS ROAD,Resale,Strata,282,"14,965",-,Condominium,1,Freehold,05,Rest of Central Region,01 to 05
FABER HILLS,"1,990,000","1,668.42","1,193",Mar-24,FABER DRIVE,Resale,Strata,155,"12,839",-,Apartment,1,Freehold,05,Outside Central Region,01 to 05
PARC CLEMATIS,"2,690,000","1,291.68","2,083",Mar-24,JALAN LEMPENG,Sub Sale,Strata,120,"22,417",-,Apartment,1,99 yrs lease commencing from 2019,05,Outside Central Region,06 to 10
BOTANNIA,"2,875,000","1,571.54","1,829",Mar-24,WEST COAST PARK,Resale,Strata,146,"19,692",-,Condominium,1,956 yrs lease commencing from 1928,05,Outside Central Region,11 to 15
HORIZON RESIDENCES,"2,300,000","1,356.26","1,696",Mar-24,PASIR PANJANG HILL,Resale,Strata,126,"18,254",-,Condominium,1,Freehold,05,Rest of Central Region,01 to 05
PARC CLEMATIS,"1,400,000",731.95,"1,913",Mar-24,JALAN LEMPENG,Sub Sale,Strata,68,"20,588",-,Apartment,1,99 yrs lease commencing from 2019,05,Outside Central Region,16 to 20
NORMANTON PARK,"1,588,000",731.95,"2,170",Mar-24,NORMANTON PARK,Sub Sale,Strata,68,"23,353",-,Apartment,1,99 yrs lease commencing from 2019,05,Rest of Central Region,21 to 25
HERITAGE VIEW,"1,960,000","1,194.8","1,640",Mar-24,DOVER RISE,Resale,Strata,111,"17,658",-,Condominium,1,99 yrs lease commencing from 1996,05,Rest of Central Region,06 to 10
BOTANNIA,"2,700,000","1,560.78","1,730",Mar-24,WEST COAST PARK,Resale,Strata,145,"18,621",-,Condominium,1,956 yrs lease commencing from 1928,05,Outside Central Region,06 to 10
NORMANTON PARK,"2,828,000","1,313.21","2,154",Mar-24,NORMANTON PARK,Sub Sale,Strata,122,"23,180",-,Apartment,1,99 yrs lease commencing from 2019,05,Rest of Central Region,11 to 15
WHISTLER GRAND,"1,500,000",764.24,"1,963",Mar-24,WEST COAST VALE,Resale,Strata,71,"21,127",-,Apartment,1,99 yrs lease commencing from 2018,05,Outside Central Region,16 to 20
PARC CLEMATIS,"1,430,000",721.19,"1,983",Mar-24,JALAN LEMPENG,Sub Sale,Strata,67,"21,343",-,Apartment,1,99 yrs lease commencing from 2019,05,Outside Central Region,11 to 15
PARC CLEMATIS,"1,410,000",710.42,"1,985",Mar-24,JALAN LEMPENG,Sub Sale,Strata,66,"21,364",-,Apartment,1,99 yrs lease commencing from 2019,05,Outside Central Region,06 to 10
PARC RIVIERA,"780,000",462.85,"1,685",Mar-24,WEST COAST VALE,Resale,Strata,43,"18,140",-,Condominium,1,99 yrs lease commencing from 2015,05,Outside Central Region,16 to 20
NORMANTON PARK,"1,530,000",721.19,"2,121",Mar-24,NORMANTON PARK,Sub Sale,Strata,67,"22,836",-,Apartment,1,99 yrs lease commencing from 2019,05,Rest of Central Region,11 to 15
ONE-NORTH RESIDENCES,"2,525,000","1,593.07","1,585",Feb-24,ONE-NORTH GATEWAY,Resale,Strata,148,"17,061",-,Apartment,1,99 yrs lease commencing from 2005,05,Rest of Central Region,01 to 05
PARC RIVIERA,"970,000",602.78,"1,609",Feb-24,WEST COAST VALE,Resale,Strata,56,"17,321",-,Condominium,1,99 yrs lease commencing from 2015,05,Outside Central Region,01 to 05
WATERFRONT @ FABER,"1,180,888",764.24,"1,545",Feb-24,FABER WALK,Resale,Strata,71,"16,632",-,Apartment,1,99 yrs lease commencing from 2013,05,Outside Central Region,01 to 05
THE SORRENTO,"852,000",462.85,"1,841",Feb-24,WEST COAST ROAD,Resale,Strata,43,"19,814",-,Condominium,1,Freehold,05,Outside Central Region,01 to 05
WESTCOVE CONDOMINIUM,"1,295,000","1,205.57","1,074",Feb-24,WEST COAST CRESCENT,Resale,Strata,112,"11,563",-,Condominium,1,99 yrs lease commencing from 1995,05,Outside Central Region,06 to 10
SEAHILL,"1,390,000",979.52,"1,419",Feb-24,WEST COAST CRESCENT,Resale,Strata,91,"15,275",-,Condominium,1,99 yrs lease commencing from 2011,05,Outside Central Region,01 to 05
ONE-NORTH RESIDENCES,"1,871,888","1,108.69","1,688",Feb-24,ONE-NORTH GATEWAY,Resale,Strata,103,"18,174",-,Apartment,1,99 yrs lease commencing from 2005,05,Rest of Central Region,01 to 05
PARC CLEMATIS,"1,480,000",721.19,"2,052",Feb-24,JALAN LEMPENG,Sub Sale,Strata,67,"22,090",-,Apartment,1,99 yrs lease commencing from 2019,05,Outside Central Region,06 to 10
PARC CLEMATIS,"3,380,000","1,496.2","2,259",Feb-24,JALAN LEMPENG,Sub Sale,Strata,139,"24,317",-,Apartment,1,99 yrs lease commencing from 2019,05,Outside Central Region,16 to 20
PARC CLEMATIS,"3,510,000","1,668.42","2,104",Feb-24,JALAN LEMPENG,Sub Sale,Strata,155,"22,645",-,Apartment,1,99 yrs lease commencing from 2019,05,Outside Central Region,21 to 25
PARC CLEMATIS,"1,070,000",516.67,"2,071",Feb-24,JALAN LEMPENG,Sub Sale,Strata,48,"22,292",-,Apartment,1,99 yrs lease commencing from 2019,05,Outside Central Region,21 to 25
PARC CLEMATIS,"1,380,000",721.19,"1,914",Feb-24,JALAN LEMPENG,Sub Sale,Strata,67,"20,597",-,Apartment,1,99 yrs lease commencing from 2019,05,Outside Central Region,16 to 20
THE PARC CONDOMINIUM,"1,080,000",667.37,"1,618",Feb-24,WEST COAST WALK,Resale,Strata,62,"17,419",-,Condominium,1,Freehold,05,Outside Central Region,01 to 05
REGENT PARK,"1,650,000","1,194.8","1,381",Feb-24,JALAN LEMPENG,Resale,Strata,111,"14,865",-,Condominium,1,99 yrs lease commencing from 1993,05,Outside Central Region,06 to 10
WATERFRONT @ FABER,"1,640,000","1,065.64","1,539",Feb-24,FABER WALK,Resale,Strata,99,"16,566",-,Apartment,1,99 yrs lease commencing from 2013,05,Outside Central Region,01 to 05
PARC CLEMATIS,"3,260,000","1,711.48","1,905",Feb-24,JALAN LEMPENG,Sub Sale,Strata,159,"20,503",-,Apartment,1,99 yrs lease commencing from 2019,05,Outside Central Region,01 to 05
WESTCOVE CONDOMINIUM,"1,190,000","1,119.46","1,063",Feb-24,WEST COAST CRESCENT,Resale,Strata,104,"11,442",-,Condominium,1,99 yrs lease commencing from 1995,05,Outside Central Region,01 to 05
HERITAGE VIEW,"2,148,000","1,313.21","1,636",Feb-24,DOVER RISE,Resale,Strata,122,"17,607",-,Condominium,1,99 yrs lease commencing from 1996,05,Rest of Central Region,16 to 20
NORMANTON PARK,"2,100,000",936.47,"2,242",Feb-24,NORMANTON PARK,Sub Sale,Strata,87,"24,138",-,Apartment,1,99 yrs lease commencing from 2019,05,Rest of Central Region,21 to 25
NORMANTON PARK,"2,855,000","1,313.21","2,174",Feb-24,NORMANTON PARK,Sub Sale,Strata,122,"23,402",-,Apartment,1,99 yrs lease commencing from 2019,05,Rest of Central Region,21 to 25
PARC CLEMATIS,"1,750,000",828.83,"2,111",Feb-24,JALAN LEMPENG,Sub Sale,Strata,77,"22,727",-,Apartment,1,99 yrs lease commencing from 2019,05,Outside Central Region,11 to 15
PARC CLEMATIS,"2,370,000","1,044.11","2,270",Feb-24,JALAN LEMPENG,Sub Sale,Strata,97,"24,433",-,Apartment,1,99 yrs lease commencing from 2019,05,Outside Central Region,11 to 15
THE CLEMENT CANOPY,"1,255,000",656.6,"1,911",Feb-24,CLEMENTI AVENUE 1,Resale,Strata,61,"20,574",-,Apartment,1,99 yrs lease commencing from 2016,05,Outside Central Region,36 to 40
PARC RIVIERA,"1,688,888","1,011.82","1,669",Feb-24,WEST COAST VALE,Resale,Strata,94,"17,967",-,Condominium,1,99 yrs lease commencing from 2015,05,Outside Central Region,26 to 30
PARC CLEMATIS,"1,945,000",914.94,"2,126",Feb-24,JALAN LEMPENG,Sub Sale,Strata,85,"22,882",-,Apartment,1,99 yrs lease commencing from 2019,05,Outside Central Region,16 to 20
THE TRILINQ,"960,000",538.2,"1,784",Feb-24,JALAN LEMPENG,Resale,Strata,50,"19,200",-,Condominium,1,99 yrs lease commencing from 2012,05,Outside Central Region,26 to 30
BOTANNIA,"2,200,000","1,248.62","1,762",Feb-24,WEST COAST PARK,Resale,Strata,116,"18,966",-,Condominium,1,956 yrs lease commencing from 1928,05,Outside Central Region,11 to 15
THE ROCHESTER RESIDENCES,"1,483,000","1,022.58","1,450",Feb-24,ROCHESTER DRIVE,Resale,Strata,95,"15,611",-,Apartment,1,99 yrs lease commencing from 2005,05,Rest of Central Region,21 to 25
PARC CLEMATIS,"1,464,000",721.19,"2,030",Feb-24,JALAN LEMPENG,Sub Sale,Strata,67,"21,851",-,Apartment,1,99 yrs lease commencing from 2019,05,Outside Central Region,16 to 20
NORMANTON PARK,"1,115,000",516.67,"2,158",Feb-24,NORMANTON PARK,Sub Sale,Strata,48,"23,229",-,Apartment,1,99 yrs lease commencing from 2019,05,Rest of Central Region,16 to 20
PARC CLEMATIS,"1,350,000",688.9,"1,960",Feb-24,JALAN LEMPENG,Sub Sale,Strata,64,"21,094",-,Apartment,1,99 yrs lease commencing from 2019,05,Outside Central Region,11 to 15
TWIN VEW,"1,800,000","1,054.87","1,706",Feb-24,WEST COAST VALE,Resale,Strata,98,"18,367",-,Apartment,1,99 yrs lease commencing from 2017,05,Outside Central Region,01 to 05
PARC RIVIERA,"2,110,000","1,184.04","1,782",Feb-24,WEST COAST VALE,Resale,Strata,110,"19,182",-,Condominium,1,99 yrs lease commencing from 2015,05,Outside Central Region,26 to 30
MURANO,"1,550,000","1,065.64","1,455",Feb-24,PASIR PANJANG ROAD,Resale,Strata,99,"15,657",-,Apartment,1,Freehold,05,Rest of Central Region,01 to 05
PARC CLEMATIS,"908,000",452.09,"2,008",Feb-24,JALAN LEMPENG,Sub Sale,Strata,42,"21,619",-,Apartment,1,99 yrs lease commencing from 2019,05,Outside Central Region,01 to 05
PARC CLEMATIS,"1,370,000",721.19,"1,900",Feb-24,JALAN LEMPENG,Sub Sale,Strata,67,"20,448",-,Apartment,1,99 yrs lease commencing from 2019,05,Outside Central Region,16 to 20
PARC CLEMATIS,"2,280,000","1,184.04","1,926",Feb-24,JALAN LEMPENG,Sub Sale,Strata,110,"20,727",-,Apartment,1,99 yrs lease commencing from 2019,05,Outside Central Region,21 to 25
THE TRILINQ,"1,745,000",914.94,"1,907",Feb-24,JALAN LEMPENG,Resale,Strata,85,"20,529",-,Condominium,1,99 yrs lease commencing from 2012,05,Outside Central Region,21 to 25
THE ROCHESTER RESIDENCES,"2,100,000","1,302.44","1,612",Feb-24,ROCHESTER DRIVE,Resale,Strata,121,"17,355",-,Apartment,1,99 yrs lease commencing from 2005,05,Rest of Central Region,31 to 35
PARC RIVIERA,"2,090,000","1,184.04","1,765",Feb-24,WEST COAST VALE,Resale,Strata,110,"19,000",-,Condominium,1,99 yrs lease commencing from 2015,05,Outside Central Region,11 to 15
THE ROCHESTER RESIDENCES,"1,288,000","1,022.58","1,260",Feb-24,ROCHESTER DRIVE,Resale,Strata,95,"13,558",-,Apartment,1,99 yrs lease commencing from 2005,05,Rest of Central Region,11 to 15
PARC RIVIERA,"1,708,000",990.29,"1,725",Feb-24,WEST COAST VALE,Resale,Strata,92,"18,565",-,Condominium,1,99 yrs lease commencing from 2015,05,Outside Central Region,11 to 15
NORMANTON PARK,"1,620,000",731.95,"2,213",Feb-24,NORMANTON PARK,Sub Sale,Strata,68,"23,824",-,Apartment,1,99 yrs lease commencing from 2019,05,Rest of Central Region,21 to 25
NORMANTON PARK,"2,090,000",947.23,"2,206",Feb-24,NORMANTON PARK,Sub Sale,Strata,88,"23,750",-,Apartment,1,99 yrs lease commencing from 2019,05,Rest of Central Region,01 to 05
CLAVON,"1,588,000",764.24,"2,078",Feb-24,CLEMENTI AVENUE 1,Sub Sale,Strata,71,"22,366",-,Apartment,1,99 yrs lease commencing from 2019,05,Outside Central Region,26 to 30
NORMANTON PARK,"2,150,000",936.47,"2,296",Feb-24,NORMANTON PARK,Sub Sale,Strata,87,"24,713",-,Apartment,1,99 yrs lease commencing from 2019,05,Rest of Central Region,16 to 20
PARC CLEMATIS,"1,440,000",721.19,"1,997",Feb-24,JALAN LEMPENG,Sub Sale,Strata,67,"21,493",-,Apartment,1,99 yrs lease commencing from 2019,05,Outside Central Region,01 to 05
WHISTLER GRAND,"2,380,000","1,280.92","1,858",Feb-24,WEST COAST VALE,Resale,Strata,119,"20,000",-,Apartment,1,99 yrs lease commencing from 2018,05,Outside Central Region,21 to 25
THE ROCHESTER RESIDENCES,"1,600,000","1,280.92","1,249",Feb-24,ROCHESTER DRIVE,Resale,Strata,119,"13,445",-,Apartment,1,99 yrs lease commencing from 2005,05,Rest of Central Region,06 to 10
CARABELLE,"1,700,000",947.23,"1,795",Feb-24,WEST COAST WAY,Resale,Strata,88,"19,318",-,Condominium,1,956 yrs lease commencing from 1928,05,Outside Central Region,11 to 15
KENT RIDGE HILL RESIDENCES,"1,580,000",775.01,"2,039",Feb-24,SOUTH BUONA VISTA ROAD,Sub Sale,Strata,72,"21,944",-,Apartment,1,99 yrs lease commencing from 2018,05,Rest of Central Region,01 to 05
KENT RIDGE HILL RESIDENCES,"1,540,000",742.72,"2,073",Feb-24,SOUTH BUONA VISTA ROAD,Sub Sale,Strata,69,"22,319",-,Apartment,1,99 yrs lease commencing from 2018,05,Rest of Central Region,01 to 05
PARC RIVIERA,"1,938,888","1,184.04","1,638",Feb-24,WEST COAST VALE,Resale,Strata,110,"17,626",-,Condominium,1,99 yrs lease commencing from 2015,05,Outside Central Region,06 to 10
HERITAGE VIEW,"2,000,000","1,313.21","1,523",Feb-24,DOVER RISE,Resale,Strata,122,"16,393",-,Condominium,1,99 yrs lease commencing from 1996,05,Rest of Central Region,16 to 20
WATERFRONT @ FABER,"1,180,000",753.48,"1,566",Feb-24,FABER WALK,Resale,Strata,70,"16,857",-,Apartment,1,99 yrs lease commencing from 2013,05,Outside Central Region,01 to 05
BLUE HORIZON,"1,650,000","1,162.51","1,419",Feb-24,WEST COAST CRESCENT,Resale,Strata,108,"15,278",-,Condominium,1,99 yrs lease commencing from 2000,05,Outside Central Region,21 to 25
SEAHILL,"980,000",624.31,"1,570",Feb-24,WEST COAST CRESCENT,Resale,Strata,58,"16,897",-,Condominium,1,99 yrs lease commencing from 2011,05,Outside Central Region,06 to 10
THE ROCHESTER RESIDENCES,"1,545,000","1,280.92","1,206",Feb-24,ROCHESTER DRIVE,Resale,Strata,119,"12,983",-,Apartment,1,99 yrs lease commencing from 2005,05,Rest of Central Region,06 to 10
PARC CLEMATIS,"1,473,000",721.19,"2,042",Feb-24,JALAN LEMPENG,Sub Sale,Strata,67,"21,985",-,Apartment,1,99 yrs lease commencing from 2019,05,Outside Central Region,06 to 10
PARC CLEMATIS,"1,480,000",721.19,"2,052",Feb-24,JALAN LEMPENG,Sub Sale,Strata,67,"22,090",-,Apartment,1,99 yrs lease commencing from 2019,05,Outside Central Region,06 to 10
CLAVON,"1,600,000",764.24,"2,094",Feb-24,CLEMENTI AVENUE 1,Sub Sale,Strata,71,"22,535",-,Apartment,1,99 yrs lease commencing from 2019,05,Outside Central Region,16 to 20
CARABELLE,"2,908,000","1,819.12","1,599",Feb-24,WEST COAST WAY,Resale,Strata,169,"17,207",-,Condominium,1,956 yrs lease commencing from 1928,05,Outside Central Region,11 to 15
SEAHILL,"775,000",516.67,"1,500",Feb-24,WEST COAST CRESCENT,Resale,Strata,48,"16,146",-,Condominium,1,99 yrs lease commencing from 2011,05,Outside Central Region,16 to 20
ONE-NORTH RESIDENCES,"2,220,000","1,313.21","1,691",Feb-24,ONE-NORTH GATEWAY,Resale,Strata,122,"18,197",-,Apartment,1,99 yrs lease commencing from 2005,05,Rest of Central Region,11 to 15
SEAHILL,"1,000,000",624.31,"1,602",Jan-24,WEST COAST CRESCENT,Resale,Strata,58,"17,241",-,Condominium,1,99 yrs lease commencing from 2011,05,Outside Central Region,06 to 10
VIVA VISTA,"685,000",322.92,"2,121",Jan-24,SOUTH BUONA VISTA ROAD,Resale,Strata,30,"22,833",-,Apartment,1,Freehold,05,Rest of Central Region,01 to 05
VILLAGE @ PASIR PANJANG,"2,400,000","2,012.87","1,192",Jan-24,PASIR PANJANG ROAD,Resale,Strata,187,"12,834",-,Condominium,1,Freehold,05,Rest of Central Region,01 to 05
KENT RIDGE HILL RESIDENCES,"1,255,000",645.84,"1,943",Jan-24,SOUTH BUONA VISTA ROAD,Sub Sale,Strata,60,"20,917",-,Apartment,1,99 yrs lease commencing from 2018,05,Rest of Central Region,01 to 05
WHISTLER GRAND,"2,050,000","1,065.64","1,924",Jan-24,WEST COAST VALE,Resale,Strata,99,"20,707",-,Apartment,1,99 yrs lease commencing from 2018,05,Outside Central Region,26 to 30
MONTEREY PARK CONDOMINIUM,"2,250,000","1,367.03","1,646",Jan-24,WEST COAST RISE,Resale,Strata,127,"17,717",-,Condominium,1,999 yrs lease commencing from 1885,05,Outside Central Region,01 to 05
THE TRILINQ,"1,708,888","1,108.69","1,541",Jan-24,JALAN LEMPENG,Resale,Strata,103,"16,591",-,Condominium,1,99 yrs lease commencing from 2012,05,Outside Central Region,11 to 15
THE PEAK@BALMEG,"1,780,000",990.29,"1,797",Jan-24,BALMEG HILL,Resale,Strata,92,"19,348",-,Condominium,1,Freehold,05,Rest of Central Region,01 to 05
THE PARC CONDOMINIUM,"2,380,000","1,302.44","1,827",Jan-24,WEST COAST WALK,Resale,Strata,121,"19,669",-,Condominium,1,Freehold,05,Outside Central Region,11 to 15
PARC CLEMATIS,"890,000",452.09,"1,969",Jan-24,JALAN LEMPENG,Sub Sale,Strata,42,"21,190",-,Apartment,1,99 yrs lease commencing from 2019,05,Outside Central Region,06 to 10
NORMANTON PARK,"2,150,000","1,011.82","2,125",Jan-24,NORMANTON PARK,Sub Sale,Strata,94,"22,872",-,Apartment,1,99 yrs lease commencing from 2019,05,Rest of Central Region,21 to 25
THE VISION,"2,090,000","1,313.21","1,592",Jan-24,WEST COAST CRESCENT,Resale,Strata,122,"17,131",-,Condominium,1,99 yrs lease commencing from 2008,05,Outside Central Region,26 to 30
THE MAYLEA,"2,020,000","1,227.1","1,646",Jan-24,PASIR PANJANG ROAD,Resale,Strata,114,"17,719",-,Condominium,1,Freehold,05,Rest of Central Region,01 to 05
SEAHILL,"830,000",548.96,"1,512",Jan-24,WEST COAST CRESCENT,Resale,Strata,51,"16,275",-,Condominium,1,99 yrs lease commencing from 2011,05,Outside Central Region,06 to 10
CARABELLE,"2,438,888","1,388.56","1,756",Jan-24,WEST COAST WAY,Resale,Strata,129,"18,906",-,Condominium,1,956 yrs lease commencing from 1928,05,Outside Central Region,06 to 10
KENT RIDGE HILL RESIDENCES,"2,120,000","1,044.11","2,030",Jan-24,SOUTH BUONA VISTA ROAD,Sub Sale,Strata,97,"21,856",-,Apartment,1,99 yrs lease commencing from 2018,05,Rest of Central Region,01 to 05
ONE-NORTH RESIDENCES,"3,550,000","3,100.03","1,145",Jan-24,ONE-NORTH GATEWAY,Resale,Strata,288,"12,326",-,Apartment,1,99 yrs lease commencing from 2005,05,Rest of Central Region,11 to 15
THE TRILINQ,"1,240,000",710.42,"1,745",Jan-24,JALAN LEMPENG,Resale,Strata,66,"18,788",-,Condominium,1,99 yrs lease commencing from 2012,05,Outside Central Region,01 to 05
SEAHILL,"775,000",527.44,"1,469",Jan-24,WEST COAST CRESCENT,Resale,Strata,49,"15,816",-,Condominium,1,99 yrs lease commencing from 2011,05,Outside Central Region,16 to 20
FABER CREST,"1,528,800","1,270.15","1,204",Jan-24,FABER HEIGHTS,Resale,Strata,118,"12,956",-,Condominium,1,99 yrs lease commencing from 1996,05,Outside Central Region,01 to 05
WHISTLER GRAND,"1,420,000",764.24,"1,858",Jan-24,WEST COAST VALE,Resale,Strata,71,"20,000",-,Apartment,1,99 yrs lease commencing from 2018,05,Outside Central Region,26 to 30
HERITAGE VIEW,"1,860,000","1,162.51","1,600",Jan-24,DOVER RISE,Resale,Strata,108,"17,222",-,Condominium,1,99 yrs lease commencing from 1996,05,Rest of Central Region,11 to 15
THE CLEMENT CANOPY,"2,000,000","1,108.69","1,804",Jan-24,CLEMENTI AVENUE 1,Resale,Strata,103,"19,417",-,Apartment,1,99 yrs lease commencing from 2016,05,Outside Central Region,06 to 10
NEWEST,"2,480,000","2,400.37","1,033",Jan-24,WEST COAST DRIVE,Resale,Strata,223,"11,121",-,Apartment,1,956 yrs lease commencing from 1928,05,Outside Central Region,01 to 05
CLEMENTIWOODS CONDOMINIUM,"950,000",645.84,"1,471",Jan-24,WEST COAST ROAD,Resale,Strata,60,"15,833",-,Condominium,1,99 yrs lease commencing from 2006,05,Outside Central Region,01 to 05
MURANO,"1,300,000",861.12,"1,510",Jan-24,PASIR PANJANG ROAD,Resale,Strata,80,"16,250",-,Apartment,1,Freehold,05,Rest of Central Region,01 to 05
PARC CLEMATIS,"1,430,000",699.66,"2,044",Jan-24,JALAN LEMPENG,Sub Sale,Strata,65,"22,000",-,Apartment,1,99 yrs lease commencing from 2019,05,Outside Central Region,11 to 15
PARC IMPERIAL,"745,000",398.27,"1,871",Jan-24,PASIR PANJANG ROAD,Resale,Strata,37,"20,135",-,Condominium,1,Freehold,05,Rest of Central Region,01 to 05
WHISTLER GRAND,"935,000",505.91,"1,848",Jan-24,WEST COAST VALE,Resale,Strata,47,"19,894",-,Apartment,1,99 yrs lease commencing from 2018,05,Outside Central Region,21 to 25
CARABELLE,"2,228,000","1,302.44","1,711",Jan-24,WEST COAST WAY,Resale,Strata,121,"18,413",-,Condominium,1,956 yrs lease commencing from 1928,05,Outside Central Region,01 to 05
CLAVON,"1,870,000",958,"1,952",Jan-24,CLEMENTI AVENUE 1,Sub Sale,Strata,89,"21,011",-,Apartment,1,99 yrs lease commencing from 2019,05,Outside Central Region,11 to 15
CLAVON,"1,280,000",678.13,"1,888",Jan-24,CLEMENTI AVENUE 1,Sub Sale,Strata,63,"20,317",-,Apartment,1,99 yrs lease commencing from 2019,05,Outside Central Region,01 to 05
THE CLEMENT CANOPY,"1,160,000",635.08,"1,827",Jan-24,CLEMENTI AVENUE 1,Resale,Strata,59,"19,661",-,Apartment,1,99 yrs lease commencing from 2016,05,Outside Central Region,21 to 25
THE ROCHESTER RESIDENCES,"1,638,000","1,280.92","1,279",Jan-24,ROCHESTER DRIVE,Resale,Strata,119,"13,765",-,Apartment,1,99 yrs lease commencing from 2005,05,Rest of Central Region,06 to 10
CLAVON,"1,480,000",764.24,"1,937",Jan-24,CLEMENTI AVENUE 1,Sub Sale,Strata,71,"20,845",-,Apartment,1,99 yrs lease commencing from 2019,05,Outside Central Region,01 to 05
WHISTLER GRAND,"2,218,000","1,280.92","1,732",Jan-24,WEST COAST VALE,Resale,Strata,119,"18,639",-,Apartment,1,99 yrs lease commencing from 2018,05,Outside Central Region,01 to 05
VARSITY PARK CONDOMINIUM,"2,250,000","1,528.49","1,472",Jan-24,WEST COAST ROAD,Resale,Strata,142,"15,845",-,Condominium,1,99 yrs lease commencing from 2004,05,Outside Central Region,01 to 05
PARC CLEMATIS,"2,680,000","1,237.86","2,165",Jan-24,JALAN LEMPENG,Sub Sale,Strata,115,"23,304",-,Apartment,1,99 yrs lease commencing from 2019,05,Outside Central Region,11 to 15
HERITAGE VIEW,"1,950,000","1,313.21","1,485",Jan-24,DOVER RISE,Resale,Strata,122,"15,984",-,Condominium,1,99 yrs lease commencing from 1996,05,Rest of Central Region,16 to 20
NEWEST,"2,800,000","2,518.78","1,112",Jan-24,WEST COAST DRIVE,Resale,Strata,234,"11,966",-,Apartment,1,956 yrs lease commencing from 1928,05,Outside Central Region,01 to 05
BLUE HORIZON,"1,348,000",968.76,"1,391",Jan-24,WEST COAST CRESCENT,Resale,Strata,90,"14,978",-,Condominium,1,99 yrs lease commencing from 2000,05,Outside Central Region,16 to 20
VARSITY PARK CONDOMINIUM,"2,295,888","1,571.54","1,461",Jan-24,WEST COAST ROAD,Resale,Strata,146,"15,725",-,Condominium,1,99 yrs lease commencing from 2004,05,Outside Central Region,01 to 05
SEAHILL,"840,000",505.91,"1,660",Jan-24,WEST COAST CRESCENT,Resale,Strata,47,"17,872",-,Condominium,1,99 yrs lease commencing from 2011,05,Outside Central Region,11 to 15
THE CLEMENT CANOPY,"2,550,000","1,345.5","1,895",Jan-24,CLEMENTI AVENUE 1,Resale,Strata,125,"20,400",-,Apartment,1,99 yrs lease commencing from 2016,05,Outside Central Region,16 to 20
TWIN VEW,"2,730,000","1,517.72","1,799",Jan-24,WEST COAST VALE,Resale,Strata,141,"19,362",-,Apartment,1,99 yrs lease commencing from 2017,05,Outside Central Region,16 to 20
DOVER PARKVIEW,"1,240,000",936.47,"1,324",Jan-24,DOVER RISE,Resale,Strata,87,"14,253",-,Condominium,1,99 yrs lease commencing from 1993,05,Rest of Central Region,01 to 05
PARC CLEMATIS,"1,300,000",688.9,"1,887",Jan-24,JALAN LEMPENG,Sub Sale,Strata,64,"20,313",-,Apartment,1,99 yrs lease commencing from 2019,05,Outside Central Region,06 to 10
PARC CLEMATIS,"980,000",516.67,"1,897",Jan-24,JALAN LEMPENG,Sub Sale,Strata,48,"20,417",-,Apartment,1,99 yrs lease commencing from 2019,05,Outside Central Region,06 to 10
PARC CLEMATIS,"1,550,000",742.72,"2,087",Jan-24,JALAN LEMPENG,Sub Sale,Strata,69,"22,464",-,Apartment,1,99 yrs lease commencing from 2019,05,Outside Central Region,16 to 20
PARC CLEMATIS,"2,728,888","1,237.86","2,205",Jan-24,JALAN LEMPENG,Sub Sale,Strata,115,"23,729",-,Apartment,1,99 yrs lease commencing from 2019,05,Outside Central Region,06 to 10
THE ROCHESTER RESIDENCES,"4,150,000","3,756.64","1,105",Jan-24,ROCHESTER DRIVE,Resale,Strata,349,"11,891",-,Apartment,1,99 yrs lease commencing from 2005,05,Rest of Central Region,36 to 40
PARC CLEMATIS,"1,420,000",688.9,"2,061",Jan-24,JALAN LEMPENG,Sub Sale,Strata,64,"22,188",-,Apartment,1,99 yrs lease commencing from 2019,05,Outside Central Region,21 to 25
WHISTLER GRAND,"855,000",441.32,"1,937",Jan-24,WEST COAST VALE,Resale,Strata,41,"20,854",-,Apartment,1,99 yrs lease commencing from 2018,05,Outside Central Region,16 to 20
PARC CLEMATIS,"2,000,000",914.94,"2,186",Jan-24,JALAN LEMPENG,Sub Sale,Strata,85,"23,529",-,Apartment,1,99 yrs lease commencing from 2019,05,Outside Central Region,06 to 10
TWIN VEW,"1,258,000",742.72,"1,694",Jan-24,WEST COAST VALE,Resale,Strata,69,"18,232",-,Apartment,1,99 yrs lease commencing from 2017,05,Outside Central Region,01 to 05
THE SORRENTO,"918,000",613.55,"1,496",Jan-24,WEST COAST ROAD,Resale,Strata,57,"16,105",-,Condominium,1,Freehold,05,Outside Central Region,01 to 05
THE PARC CONDOMINIUM,"2,550,000","1,420.85","1,795",Jan-24,WEST COAST WALK,Resale,Strata,132,"19,318",-,Condominium,1,Freehold,05,Outside Central Region,06 to 10
FABER CREST,"1,220,000","1,033.34","1,181",Jan-24,FABER HEIGHTS,Resale,Strata,96,"12,708",-,Condominium,1,99 yrs lease commencing from 1996,05,Outside Central Region,01 to 05
PARC CLEMATIS,"1,990,000",904.18,"2,201",Jan-24,JALAN LEMPENG,Sub Sale,Strata,84,"23,690",-,Apartment,1,99 yrs lease commencing from 2019,05,Outside Central Region,06 to 10
WHISTLER GRAND,"850,000",441.32,"1,926",Jan-24,WEST COAST VALE,Resale,Strata,41,"20,732",-,Apartment,1,99 yrs lease commencing from 2018,05,Outside Central Region,21 to 25
THE ROCHESTER RESIDENCES,"2,080,000","1,216.33","1,710",Dec-23,ROCHESTER DRIVE,Resale,Strata,113,"18,407",-,Apartment,1,99 yrs lease commencing from 2005,05,Rest of Central Region,31 to 35
PARC CLEMATIS,"1,830,000",882.65,"2,073",Dec-23,JALAN LEMPENG,Sub Sale,Strata,82,"22,317",-,Apartment,1,99 yrs lease commencing from 2019,05,Outside Central Region,01 to 05
PARC CLEMATIS,"2,730,000","1,291.68","2,114",Dec-23,JALAN LEMPENG,Sub Sale,Strata,120,"22,750",-,Apartment,1,99 yrs lease commencing from 2019,05,Outside Central Region,06 to 10
WEST BAY CONDOMINIUM,"1,588,888","1,474.67","1,077",Dec-23,WEST COAST CRESCENT,Resale,Strata,137,"11,598",-,Condominium,1,99 yrs lease commencing from 1991,05,Outside Central Region,01 to 05
CLEMENTIWOODS CONDOMINIUM,"850,000",592.02,"1,436",Dec-23,WEST COAST ROAD,Resale,Strata,55,"15,455",-,Condominium,1,99 yrs lease commencing from 2006,05,Outside Central Region,01 to 05
ONE-NORTH RESIDENCES,"1,403,000","1,076.4","1,303",Dec-23,ONE-NORTH GATEWAY,Resale,Strata,100,"14,030",-,Apartment,1,99 yrs lease commencing from 2005,05,Rest of Central Region,06 to 10
THE TRILINQ,"1,770,000",936.47,"1,890",Dec-23,JALAN LEMPENG,Resale,Strata,87,"20,345",-,Condominium,1,99 yrs lease commencing from 2012,05,Outside Central Region,21 to 25
KENT RIDGE HILL RESIDENCES,"2,150,000","1,044.11","2,059",Dec-23,SOUTH BUONA VISTA ROAD,Sub Sale,Strata,97,"22,165",-,Apartment,1,99 yrs lease commencing from 2018,05,Rest of Central Region,01 to 05
WHISTLER GRAND,"835,000",441.32,"1,892",Dec-23,WEST COAST VALE,Resale,Strata,41,"20,366",-,Apartment,1,99 yrs lease commencing from 2018,05,Outside Central Region,16 to 20
PARC CLEMATIS,"2,000,000","1,076.4","1,858",Dec-23,JALAN LEMPENG,Sub Sale,Strata,100,"20,000",-,Apartment,1,99 yrs lease commencing from 2019,05,Outside Central Region,21 to 25
THE TRILINQ,"1,280,000",753.48,"1,699",Dec-23,JALAN LEMPENG,Resale,Strata,70,"18,286",-,Condominium,1,99 yrs lease commencing from 2012,05,Outside Central Region,11 to 15
PARC CLEMATIS,"2,370,000","1,076.4","2,202",Dec-23,JALAN LEMPENG,Sub Sale,Strata,100,"23,700",-,Apartment,1,99 yrs lease commencing from 2019,05,Outside Central Region,06 to 10
PARC CLEMATIS,"1,780,000",861.12,"2,067",Dec-23,JALAN LEMPENG,Sub Sale,Strata,80,"22,250",-,Apartment,1,99 yrs lease commencing from 2019,05,Outside Central Region,06 to 10
KENT RIDGE HILL RESIDENCES,"1,300,000",645.84,"2,013",Dec-23,SOUTH BUONA VISTA ROAD,Sub Sale,Strata,60,"21,667",-,Apartment,1,99 yrs lease commencing from 2018,05,Rest of Central Region,01 to 05
PARC RIVIERA,"1,388,000",904.18,"1,535",Dec-23,WEST COAST VALE,Resale,Strata,84,"16,524",-,Condominium,1,99 yrs lease commencing from 2015,05,Outside Central Region,11 to 15
BLUE HORIZON,"1,680,000","1,162.51","1,445",Dec-23,WEST COAST CRESCENT,Resale,Strata,108,"15,556",-,Condominium,1,99 yrs lease commencing from 2000,05,Outside Central Region,06 to 10
THE ROCHESTER RESIDENCES,"2,980,000","1,862.17","1,600",Dec-23,ROCHESTER DRIVE,Resale,Strata,173,"17,225",-,Apartment,1,99 yrs lease commencing from 2005,05,Rest of Central Region,31 to 35
PARC CLEMATIS,"910,000",452.09,"2,013",Dec-23,JALAN LEMPENG,Sub Sale,Strata,42,"21,667",-,Apartment,1,99 yrs lease commencing from 2019,05,Outside Central Region,06 to 10
WATERFRONT @ FABER,"1,935,000","1,291.68","1,498",Dec-23,FABER WALK,Resale,Strata,120,"16,125",-,Apartment,1,99 yrs lease commencing from 2013,05,Outside Central Region,01 to 05
THE TRILINQ,"1,635,000",914.94,"1,787",Dec-23,JALAN LEMPENG,Resale,Strata,85,"19,235",-,Condominium,1,99 yrs lease commencing from 2012,05,Outside Central Region,01 to 05
PARC CLEMATIS,"880,000",452.09,"1,947",Dec-23,JALAN LEMPENG,Sub Sale,Strata,42,"20,952",-,Apartment,1,99 yrs lease commencing from 2019,05,Outside Central Region,01 to 05
PARC CLEMATIS,"1,500,000",721.19,"2,080",Dec-23,JALAN LEMPENG,Sub Sale,Strata,67,"22,388",-,Apartment,1,99 yrs lease commencing from 2019,05,Outside Central Region,16 to 20
PARC RIVIERA,"822,000",462.85,"1,776",Dec-23,WEST COAST VALE,Resale,Strata,43,"19,116",-,Condominium,1,99 yrs lease commencing from 2015,05,Outside Central Region,31 to 35
PARC CLEMATIS,"2,030,000",904.18,"2,245",Dec-23,JALAN LEMPENG,Sub Sale,Strata,84,"24,167",-,Apartment,1,99 yrs lease commencing from 2019,05,Outside Central Region,11 to 15
PARC RIVIERA,"1,980,000","1,151.75","1,719",Dec-23,WEST COAST VALE,Resale,Strata,107,"18,505",-,Condominium,1,99 yrs lease commencing from 2015,05,Outside Central Region,21 to 25
CLAVON,"2,582,000","1,356.26","1,904",Dec-23,CLEMENTI AVENUE 1,Sub Sale,Strata,126,"20,492",-,Apartment,1,99 yrs lease commencing from 2019,05,Outside Central Region,01 to 05
SEAHILL,"1,420,000",861.12,"1,649",Dec-23,WEST COAST CRESCENT,Resale,Strata,80,"17,750",-,Condominium,1,99 yrs lease commencing from 2011,05,Outside Central Region,06 to 10
DOVER PARKVIEW,"1,780,000","1,248.62","1,426",Dec-23,DOVER RISE,Resale,Strata,116,"15,345",-,Condominium,1,99 yrs lease commencing from 1993,05,Rest of Central Region,01 to 05
THE VERANDAH RESIDENCES,"1,450,000",699.66,"2,072",Dec-23,PASIR PANJANG ROAD,Resale,Strata,65,"22,308",-,Apartment,1,Freehold,05,Rest of Central Region,01 to 05
THE ROCHESTER RESIDENCES,"1,410,000",861.12,"1,637",Dec-23,ROCHESTER DRIVE,Resale,Strata,80,"17,625",-,Apartment,1,99 yrs lease commencing from 2005,05,Rest of Central Region,31 to 35
NEWEST,"2,700,000","2,863.22",943,Dec-23,WEST COAST DRIVE,Resale,Strata,266,"10,150",-,Apartment,1,956 yrs lease commencing from 1928,05,Outside Central Region,01 to 05
PARC CLEMATIS,"1,850,000",882.65,"2,096",Dec-23,JALAN LEMPENG,Sub Sale,Strata,82,"22,561",-,Apartment,1,99 yrs lease commencing from 2019,05,Outside Central Region,11 to 15
PARC CLEMATIS,"925,000",452.09,"2,046",Dec-23,JALAN LEMPENG,Sub Sale,Strata,42,"22,024",-,Apartment,1,99 yrs lease commencing from 2019,05,Outside Central Region,16 to 20
SEAHILL,"1,780,000","1,044.11","1,705",Dec-23,WEST COAST CRESCENT,Resale,Strata,97,"18,351",-,Condominium,1,99 yrs lease commencing from 2011,05,Outside Central Region,11 to 15
REGENT PARK,"1,480,000","1,151.75","1,285",Dec-23,JALAN LEMPENG,Resale,Strata,107,"13,832",-,Condominium,1,99 yrs lease commencing from 1993,05,Outside Central Region,01 to 05
PARC RIVIERA,"1,150,000",710.42,"1,619",Dec-23,WEST COAST VALE,Resale,Strata,66,"17,424",-,Condominium,1,99 yrs lease commencing from 2015,05,Outside Central Region,11 to 15
WHISTLER GRAND,"2,350,000","1,270.15","1,850",Dec-23,WEST COAST VALE,Resale,Strata,118,"19,915",-,Apartment,1,99 yrs lease commencing from 2018,05,Outside Central Region,31 to 35
THE TRILINQ,"2,613,000","1,517.72","1,722",Dec-23,JALAN LEMPENG,Resale,Strata,141,"18,532",-,Condominium,1,99 yrs lease commencing from 2012,05,Outside Central Region,21 to 25
PARC IMPERIAL,"773,000",398.27,"1,941",Dec-23,PASIR PANJANG ROAD,Resale,Strata,37,"20,892",-,Condominium,1,Freehold,05,Rest of Central Region,01 to 05
PARC CLEMATIS,"1,410,000",710.42,"1,985",Dec-23,JALAN LEMPENG,Sub Sale,Strata,66,"21,364",-,Apartment,1,99 yrs lease commencing from 2019,05,Outside Central Region,01 to 05
DOVER PARKVIEW,"1,880,000","1,248.62","1,506",Dec-23,DOVER RISE,Resale,Strata,116,"16,207",-,Condominium,1,99 yrs lease commencing from 1993,05,Rest of Central Region,11 to 15
DOVER PARKVIEW,"1,225,000",936.47,"1,308",Dec-23,DOVER RISE,Resale,Strata,87,"14,080",-,Condominium,1,99 yrs lease commencing from 1993,05,Rest of Central Region,06 to 10
PARC CLEMATIS,"2,255,000","1,076.4","2,095",Dec-23,JALAN LEMPENG,Sub Sale,Strata,100,"22,550",-,Apartment,1,99 yrs lease commencing from 2019,05,Outside Central Region,06 to 10
HARBOUR VIEW GARDENS,"1,230,000",635.08,"1,937",Dec-23,PASIR PANJANG ROAD,Resale,Strata,59,"20,847",-,Apartment,1,Freehold,05,Rest of Central Region,01 to 05
THE TRILINQ,"4,000,000","3,961.15","1,010",Dec-23,JALAN LEMPENG,Resale,Strata,368,"10,870",-,Condominium,1,99 yrs lease commencing from 2012,05,Outside Central Region,36 to 40
LUXE VILLE,"945,000",613.55,"1,540",Dec-23,PASIR PANJANG ROAD,Resale,Strata,57,"16,579",-,Apartment,1,Freehold,05,Rest of Central Region,01 to 05
VILLAGE @ PASIR PANJANG,"2,050,000","1,420.85","1,443",Dec-23,PASIR PANJANG ROAD,Resale,Strata,132,"15,530",-,Condominium,1,Freehold,05,Rest of Central Region,01 to 05
PARC CLEMATIS,"1,450,000",721.19,"2,011",Dec-23,JALAN LEMPENG,Sub Sale,Strata,67,"21,642",-,Apartment,1,99 yrs lease commencing from 2019,05,Outside Central Region,01 to 05
MONTEREY PARK CONDOMINIUM,"2,400,000","1,625.36","1,477",Dec-23,WEST COAST RISE,Resale,Strata,151,"15,894",-,Condominium,1,999 yrs lease commencing from 1885,05,Outside Central Region,06 to 10
THE TRILINQ,"1,260,000",710.42,"1,774",Dec-23,JALAN LEMPENG,Resale,Strata,66,"19,091",-,Condominium,1,99 yrs lease commencing from 2012,05,Outside Central Region,11 to 15
WHISTLER GRAND,"875,000",441.32,"1,983",Dec-23,WEST COAST VALE,Resale,Strata,41,"21,341",-,Apartment,1,99 yrs lease commencing from 2018,05,Outside Central Region,21 to 25
THE CLEMENT CANOPY,"1,420,000",731.95,"1,940",Dec-23,CLEMENTI AVENUE 1,Resale,Strata,68,"20,882",-,Apartment,1,99 yrs lease commencing from 2016,05,Outside Central Region,31 to 35
THE ROCHESTER RESIDENCES,"1,250,000",839.59,"1,489",Dec-23,ROCHESTER DRIVE,Resale,Strata,78,"16,026",-,Apartment,1,99 yrs lease commencing from 2005,05,Rest of Central Region,06 to 10
PARC CLEMATIS,"1,050,000",624.31,"1,682",Dec-23,JALAN LEMPENG,Sub Sale,Strata,58,"18,103",-,Apartment,1,99 yrs lease commencing from 2019,05,Outside Central Region,21 to 25
PARC CLEMATIS,"895,000",452.09,"1,980",Dec-23,JALAN LEMPENG,Sub Sale,Strata,42,"21,310",-,Apartment,1,99 yrs lease commencing from 2019,05,Outside Central Region,11 to 15
TWIN VEW,"1,930,000","1,054.87","1,830",Dec-23,WEST COAST VALE,Resale,Strata,98,"19,694",-,Apartment,1,99 yrs lease commencing from 2017,05,Outside Central Region,36 to 40
PARC CLEMATIS,"1,400,000",699.66,"2,001",Dec-23,JALAN LEMPENG,Sub Sale,Strata,65,"21,538",-,Apartment,1,99 yrs lease commencing from 2019,05,Outside Central Region,06 to 10
HERITAGE VIEW,"1,430,000",968.76,"1,476",Dec-23,DOVER RISE,Resale,Strata,90,"15,889",-,Condominium,1,99 yrs lease commencing from 1996,05,Rest of Central Region,06 to 10
PARC CLEMATIS,"1,830,000",861.12,"2,125",Dec-23,JALAN LEMPENG,Sub Sale,Strata,80,"22,875",-,Apartment,1,99 yrs lease commencing from 2019,05,Outside Central Region,11 to 15
TWIN VEW,"2,000,000","1,140.98","1,753",Dec-23,WEST COAST VALE,Resale,Strata,106,"18,868",-,Apartment,1,99 yrs lease commencing from 2017,05,Outside Central Region,11 to 15
PARC RIVIERA,"795,000",462.85,"1,718",Dec-23,WEST COAST VALE,Resale,Strata,43,"18,488",-,Condominium,1,99 yrs lease commencing from 2015,05,Outside Central Region,26 to 30
KENT RIDGE HILL RESIDENCES,"940,000",473.62,"1,985",Dec-23,SOUTH BUONA VISTA ROAD,Sub Sale,Strata,44,"21,364",-,Apartment,1,99 yrs lease commencing from 2018,05,Rest of Central Region,01 to 05
PARC CLEMATIS,"2,210,000","1,044.11","2,117",Nov-23,JALAN LEMPENG,Sub Sale,Strata,97,"22,784",-,Apartment,1,99 yrs lease commencing from 2019,05,Outside Central Region,01 to 05
THE VERANDAH RESIDENCES,"950,000",462.85,"2,052",Nov-23,PASIR PANJANG ROAD,Resale,Strata,43,"22,093",-,Apartment,1,Freehold,05,Rest of Central Region,01 to 05
THE TRILINQ,"1,880,000","1,108.69","1,696",Nov-23,JALAN LEMPENG,Resale,Strata,103,"18,252",-,Condominium,1,99 yrs lease commencing from 2012,05,Outside Central Region,01 to 05
BOTANNIA,"2,155,000","1,270.15","1,697",Nov-23,WEST COAST PARK,Resale,Strata,118,"18,263",-,Condominium,1,956 yrs lease commencing from 1928,05,Outside Central Region,01 to 05
TWIN VEW,"2,220,000","1,248.62","1,778",Nov-23,WEST COAST VALE,Resale,Strata,116,"19,138",-,Apartment,1,99 yrs lease commencing from 2017,05,Outside Central Region,21 to 25
PALM MANSIONS,"2,080,000","1,593.07","1,306",Nov-23,PASIR PANJANG ROAD,Resale,Strata,148,"14,054",-,Apartment,1,Freehold,05,Rest of Central Region,01 to 05
WHISTLER GRAND,"2,332,800","1,280.92","1,821",Nov-23,WEST COAST VALE,Resale,Strata,119,"19,603",-,Apartment,1,99 yrs lease commencing from 2018,05,Outside Central Region,16 to 20
THE SORRENTO,"908,000",635.08,"1,430",Nov-23,WEST COAST ROAD,Resale,Strata,59,"15,390",-,Condominium,1,Freehold,05,Outside Central Region,01 to 05
PARC CLEMATIS,"2,210,000","1,044.11","2,117",Nov-23,JALAN LEMPENG,Sub Sale,Strata,97,"22,784",-,Apartment,1,99 yrs lease commencing from 2019,05,Outside Central Region,16 to 20
THE ROCHESTER RESIDENCES,"1,300,000","1,022.58","1,271",Nov-23,ROCHESTER DRIVE,Resale,Strata,95,"13,684",-,Apartment,1,99 yrs lease commencing from 2005,05,Rest of Central Region,31 to 35
DOVER PARKVIEW,"1,293,000",936.47,"1,381",Nov-23,DOVER RISE,Resale,Strata,87,"14,862",-,Condominium,1,99 yrs lease commencing from 1993,05,Rest of Central Region,06 to 10
VARSITY PARK CONDOMINIUM,"2,035,000","1,399.32","1,454",Nov-23,WEST COAST ROAD,Resale,Strata,130,"15,654",-,Condominium,1,99 yrs lease commencing from 2004,05,Outside Central Region,01 to 05
WHISTLER GRAND,"928,000",505.91,"1,834",Nov-23,WEST COAST VALE,Resale,Strata,47,"19,745",-,Apartment,1,99 yrs lease commencing from 2018,05,Outside Central Region,01 to 05
ONE-NORTH RESIDENCES,"950,000",516.67,"1,839",Nov-23,ONE-NORTH GATEWAY,Resale,Strata,48,"19,792",-,Apartment,1,99 yrs lease commencing from 2005,05,Rest of Central Region,01 to 05
BOTANNIA,"2,180,000","1,248.62","1,746",Nov-23,WEST COAST PARK,Resale,Strata,116,"18,793",-,Condominium,1,956 yrs lease commencing from 1928,05,Outside Central Region,06 to 10
THE TRILINQ,"1,715,000",936.47,"1,831",Nov-23,JALAN LEMPENG,Resale,Strata,87,"19,713",-,Condominium,1,99 yrs lease commencing from 2012,05,Outside Central Region,11 to 15
PARC CLEMATIS,"1,880,000",893.41,"2,104",Nov-23,JALAN LEMPENG,Sub Sale,Strata,83,"22,651",-,Apartment,1,99 yrs lease commencing from 2019,05,Outside Central Region,11 to 15
DOVER PARKVIEW,"1,325,000",936.47,"1,415",Nov-23,DOVER RISE,Resale,Strata,87,"15,230",-,Condominium,1,99 yrs lease commencing from 1993,05,Rest of Central Region,11 to 15
PARC CLEMATIS,"2,000,000",904.18,"2,212",Nov-23,JALAN LEMPENG,Sub Sale,Strata,84,"23,810",-,Apartment,1,99 yrs lease commencing from 2019,05,Outside Central Region,06 to 10
PARC RIVIERA,"1,148,000",710.42,"1,616",Nov-23,WEST COAST VALE,Resale,Strata,66,"17,394",-,Condominium,1,99 yrs lease commencing from 2015,05,Outside Central Region,06 to 10
PARC RIVIERA,"978,000",602.78,"1,622",Nov-23,WEST COAST VALE,Resale,Strata,56,"17,464",-,Condominium,1,99 yrs lease commencing from 2015,05,Outside Central Region,16 to 20
PARC CLEMATIS,"1,440,000",721.19,"1,997",Nov-23,JALAN LEMPENG,Sub Sale,Strata,67,"21,493",-,Apartment,1,99 yrs lease commencing from 2019,05,Outside Central Region,06 to 10
SEASUITES,"998,000",516.67,"1,932",Nov-23,PASIR PANJANG ROAD,Resale,Strata,48,"20,792",-,Apartment,1,Freehold,05,Rest of Central Region,01 to 05
THE TRILINQ,"1,330,000",753.48,"1,765",Nov-23,JALAN LEMPENG,Resale,Strata,70,"19,000",-,Condominium,1,99 yrs lease commencing from 2012,05,Outside Central Region,11 to 15
PARC CLEMATIS,"942,500",452.09,"2,085",Nov-23,JALAN LEMPENG,Sub Sale,Strata,42,"22,440",-,Apartment,1,99 yrs lease commencing from 2019,05,Outside Central Region,16 to 20
KENT RIDGE HILL RESIDENCES,"938,000",516.67,"1,815",Nov-23,SOUTH BUONA VISTA ROAD,Sub Sale,Strata,48,"19,542",-,Apartment,1,99 yrs lease commencing from 2018,05,Rest of Central Region,01 to 05
SEAHILL,"1,170,000",710.42,"1,647",Nov-23,WEST COAST CRESCENT,Resale,Strata,66,"17,727",-,Condominium,1,99 yrs lease commencing from 2011,05,Outside Central Region,21 to 25
SEAHILL,"1,830,000","1,130.22","1,619",Nov-23,WEST COAST CRESCENT,Resale,Strata,105,"17,429",-,Condominium,1,99 yrs lease commencing from 2011,05,Outside Central Region,16 to 20
PARC CLEMATIS,"2,700,000","1,291.68","2,090",Nov-23,JALAN LEMPENG,Sub Sale,Strata,120,"22,500",-,Apartment,1,99 yrs lease commencing from 2019,05,Outside Central Region,06 to 10
KENT RIDGE HILL RESIDENCES,"900,000",473.62,"1,900",Nov-23,SOUTH BUONA VISTA ROAD,Sub Sale,Strata,44,"20,455",-,Apartment,1,99 yrs lease commencing from 2018,05,Rest of Central Region,01 to 05
PARC CLEMATIS,"1,500,000",721.19,"2,080",Nov-23,JALAN LEMPENG,Sub Sale,Strata,67,"22,388",-,Apartment,1,99 yrs lease commencing from 2019,05,Outside Central Region,11 to 15
WHISTLER GRAND,"1,780,000",990.29,"1,797",Nov-23,WEST COAST VALE,Resale,Strata,92,"19,348",-,Apartment,1,99 yrs lease commencing from 2018,05,Outside Central Region,01 to 05
PARC RIVIERA,"1,150,000",710.42,"1,619",Nov-23,WEST COAST VALE,Resale,Strata,66,"17,424",-,Condominium,1,99 yrs lease commencing from 2015,05,Outside Central Region,11 to 15
WHISTLER GRAND,"1,192,000",613.55,"1,943",Nov-23,WEST COAST VALE,Resale,Strata,57,"20,912",-,Apartment,1,99 yrs lease commencing from 2018,05,Outside Central Region,26 to 30
PALISADES,"3,600,000","2,615.65","1,376",Nov-23,PASIR PANJANG ROAD,Resale,Strata,243,"14,815",-,Condominium,1,Freehold,05,Rest of Central Region,06 to 10
WATERFRONT @ FABER,"1,910,000","1,280.92","1,491",Nov-23,FABER WALK,Resale,Strata,119,"16,050",-,Apartment,1,99 yrs lease commencing from 2013,05,Outside Central Region,01 to 05
WHISTLER GRAND,"875,000",441.32,"1,983",Nov-23,WEST COAST VALE,Resale,Strata,41,"21,341",-,Apartment,1,99 yrs lease commencing from 2018,05,Outside Central Region,26 to 30
PARC CLEMATIS,"1,967,250",914.94,"2,150",Nov-23,JALAN LEMPENG,Sub Sale,Strata,85,"23,144",-,Apartment,1,99 yrs lease commencing from 2019,05,Outside Central Region,11 to 15
VARSITY PARK CONDOMINIUM,"1,580,000","1,033.34","1,529",Nov-23,WEST COAST ROAD,Resale,Strata,96,"16,458",-,Condominium,1,99 yrs lease commencing from 2004,05,Outside Central Region,01 to 05
PARC CLEMATIS,"1,800,000",861.12,"2,090",Nov-23,JALAN LEMPENG,Sub Sale,Strata,80,"22,500",-,Apartment,1,99 yrs lease commencing from 2019,05,Outside Central Region,11 to 15
BLUE HORIZON,"1,610,000","1,162.51","1,385",Nov-23,WEST COAST CRESCENT,Resale,Strata,108,"14,907",-,Condominium,1,99 yrs lease commencing from 2000,05,Outside Central Region,06 to 10
WHISTLER GRAND,"808,000",441.32,"1,831",Nov-23,WEST COAST VALE,Resale,Strata,41,"19,707",-,Apartment,1,99 yrs lease commencing from 2018,05,Outside Central Region,11 to 15
PARC CLEMATIS,"3,280,000","1,668.42","1,966",Nov-23,JALAN LEMPENG,Sub Sale,Strata,155,"21,161",-,Apartment,1,99 yrs lease commencing from 2019,05,Outside Central Region,16 to 20
WHISTLER GRAND,"1,220,000",602.78,"2,024",Nov-23,WEST COAST VALE,Resale,Strata,56,"21,786",-,Apartment,1,99 yrs lease commencing from 2018,05,Outside Central Region,16 to 20
VARSITY PARK CONDOMINIUM,"2,460,000","1,797.59","1,369",Nov-23,WEST COAST ROAD,Resale,Strata,167,"14,731",-,Condominium,1,99 yrs lease commencing from 2004,05,Outside Central Region,01 to 05
MONTEREY PARK CONDOMINIUM,"2,468,000","1,700.71","1,451",Nov-23,WEST COAST RISE,Resale,Strata,158,"15,620",-,Condominium,1,999 yrs lease commencing from 1885,05,Outside Central Region,01 to 05
WHISTLER GRAND,"925,000",505.91,"1,828",Nov-23,WEST COAST VALE,Resale,Strata,47,"19,681",-,Apartment,1,99 yrs lease commencing from 2018,05,Outside Central Region,11 to 15
ONE-NORTH RESIDENCES,"940,000",592.02,"1,588",Nov-23,ONE-NORTH GATEWAY,Resale,Strata,55,"17,091",-,Apartment,1,99 yrs lease commencing from 2005,05,Rest of Central Region,11 to 15
KENT RIDGE HILL RESIDENCES,"1,610,000",796.54,"2,021",Nov-23,SOUTH BUONA VISTA ROAD,Sub Sale,Strata,74,"21,757",-,Apartment,1,99 yrs lease commencing from 2018,05,Rest of Central Region,01 to 05
THE PEAK@BALMEG,"2,528,880","1,506.96","1,678",Nov-23,BALMEG HILL,Resale,Strata,140,"18,063",-,Condominium,1,Freehold,05,Rest of Central Region,01 to 05
KENT RIDGE HILL RESIDENCES,"1,100,000",645.84,"1,703",Nov-23,SOUTH BUONA VISTA ROAD,Sub Sale,Strata,60,"18,333",-,Apartment,1,99 yrs lease commencing from 2018,05,Rest of Central Region,01 to 05
TWIN VEW,"1,100,000",570.49,"1,928",Nov-23,WEST COAST VALE,Resale,Strata,53,"20,755",-,Apartment,1,99 yrs lease commencing from 2017,05,Outside Central Region,06 to 10
PARC CLEMATIS,"2,200,600","1,076.4","2,044",Nov-23,JALAN LEMPENG,Sub Sale,Strata,100,"22,006",-,Apartment,1,99 yrs lease commencing from 2019,05,Outside Central Region,01 to 05
WEST BAY CONDOMINIUM,"1,338,000","1,216.33","1,100",Nov-23,WEST COAST CRESCENT,Resale,Strata,113,"11,841",-,Condominium,1,99 yrs lease commencing from 1991,05,Outside Central Region,01 to 05
ONE-NORTH RESIDENCES,"2,280,000","1,323.97","1,722",Nov-23,ONE-NORTH GATEWAY,Resale,Strata,123,"18,537",-,Apartment,1,99 yrs lease commencing from 2005,05,Rest of Central Region,11 to 15
THE CLEMENT CANOPY,"2,130,000","1,140.98","1,867",Nov-23,CLEMENTI AVENUE 1,Resale,Strata,106,"20,094",-,Apartment,1,99 yrs lease commencing from 2016,05,Outside Central Region,16 to 20
PARC CLEMATIS,"1,780,000",861.12,"2,067",Nov-23,JALAN LEMPENG,Sub Sale,Strata,80,"22,250",-,Apartment,1,99 yrs lease commencing from 2019,05,Outside Central Region,11 to 15
ONE-NORTH RESIDENCES,"923,500",592.02,"1,560",Nov-23,ONE-NORTH GATEWAY,Resale,Strata,55,"16,791",-,Apartment,1,99 yrs lease commencing from 2005,05,Rest of Central Region,06 to 10
PARC CLEMATIS,"893,000",452.09,"1,975",Nov-23,JALAN LEMPENG,Sub Sale,Strata,42,"21,262",-,Apartment,1,99 yrs lease commencing from 2019,05,Outside Central Region,06 to 10
PARC CLEMATIS,"1,360,000",688.9,"1,974",Nov-23,JALAN LEMPENG,Sub Sale,Strata,64,"21,250",-,Apartment,1,99 yrs lease commencing from 2019,05,Outside Central Region,21 to 25
LUXE VILLE,"1,840,000","1,313.21","1,401",Nov-23,PASIR PANJANG ROAD,Resale,Strata,122,"15,082",-,Apartment,1,Freehold,05,Rest of Central Region,01 to 05
THE PARC CONDOMINIUM,"2,450,000","1,420.85","1,724",Nov-23,WEST COAST WALK,Resale,Strata,132,"18,561",-,Condominium,1,Freehold,05,Outside Central Region,01 to 05
PARC CLEMATIS,"1,320,000",688.9,"1,916",Nov-23,JALAN LEMPENG,Sub Sale,Strata,64,"20,625",-,Apartment,1,99 yrs lease commencing from 2019,05,Outside Central Region,06 to 10
PARC CLEMATIS,"860,000",452.09,"1,902",Oct-23,JALAN LEMPENG,Sub Sale,Strata,42,"20,476",-,Apartment,1,99 yrs lease commencing from 2019,05,Outside Central Region,01 to 05
FABER CREST,"1,700,888","1,377.79","1,235",Oct-23,FABER HEIGHTS,Resale,Strata,128,"13,288",-,Condominium,1,99 yrs lease commencing from 1996,05,Outside Central Region,01 to 05
BLUE HORIZON,"1,670,000","1,162.51","1,437",Oct-23,WEST COAST CRESCENT,Resale,Strata,108,"15,463",-,Condominium,1,99 yrs lease commencing from 2000,05,Outside Central Region,11 to 15
WHISTLER GRAND,"2,150,000","1,065.64","2,018",Oct-23,WEST COAST VALE,Resale,Strata,99,"21,717",-,Apartment,1,99 yrs lease commencing from 2018,05,Outside Central Region,21 to 25
PARC RIVIERA,"790,000",462.85,"1,707",Oct-23,WEST COAST VALE,Resale,Strata,43,"18,372",-,Condominium,1,99 yrs lease commencing from 2015,05,Outside Central Region,31 to 35
PARC CLEMATIS,"1,428,000",721.19,"1,980",Oct-23,JALAN LEMPENG,Sub Sale,Strata,67,"21,313",-,Apartment,1,99 yrs lease commencing from 2019,05,Outside Central Region,11 to 15
PARC CLEMATIS,"896,000",452.09,"1,982",Oct-23,JALAN LEMPENG,Sub Sale,Strata,42,"21,333",-,Apartment,1,99 yrs lease commencing from 2019,05,Outside Central Region,11 to 15
VILLAGE @ PASIR PANJANG,"1,580,000","1,076.4","1,468",Oct-23,PASIR PANJANG ROAD,Resale,Strata,100,"15,800",-,Condominium,1,Freehold,05,Rest of Central Region,01 to 05
CARABELLE,"2,100,000","1,237.86","1,696",Oct-23,WEST COAST WAY,Resale,Strata,115,"18,261",-,Condominium,1,956 yrs lease commencing from 1928,05,Outside Central Region,06 to 10
PARC CLEMATIS,"3,500,000","1,711.48","2,045",Oct-23,JALAN LEMPENG,Sub Sale,Strata,159,"22,013",-,Apartment,1,99 yrs lease commencing from 2019,05,Outside Central Region,16 to 20
WESTCOVE CONDOMINIUM,"1,500,000","1,517.72",988,Oct-23,WEST COAST CRESCENT,Resale,Strata,141,"10,638",-,Condominium,1,99 yrs lease commencing from 1995,05,Outside Central Region,01 to 05
DOVER PARKVIEW,"1,200,000",968.76,"1,239",Oct-23,DOVER RISE,Resale,Strata,90,"13,333",-,Condominium,1,99 yrs lease commencing from 1993,05,Rest of Central Region,01 to 05
WHISTLER GRAND,"1,880,000",990.29,"1,898",Oct-23,WEST COAST VALE,Resale,Strata,92,"20,435",-,Apartment,1,99 yrs lease commencing from 2018,05,Outside Central Region,31 to 35
THE TRILINQ,"2,400,000","1,517.72","1,581",Oct-23,JALAN LEMPENG,Resale,Strata,141,"17,021",-,Condominium,1,99 yrs lease commencing from 2012,05,Outside Central Region,11 to 15
HARBOUR VIEW GARDENS,"1,330,000",635.08,"2,094",Oct-23,PASIR PANJANG ROAD,Resale,Strata,59,"22,542",-,Apartment,1,Freehold,05,Rest of Central Region,01 to 05
PARC RIVIERA,"1,620,000",990.29,"1,636",Oct-23,WEST COAST VALE,Resale,Strata,92,"17,609",-,Condominium,1,99 yrs lease commencing from 2015,05,Outside Central Region,31 to 35
THE STELLAR,"2,000,000","1,280.92","1,561",Oct-23,WEST COAST ROAD,Resale,Strata,119,"16,807",-,Condominium,1,Freehold,05,Outside Central Region,01 to 05
PARC CLEMATIS,"1,400,000",721.19,"1,941",Oct-23,JALAN LEMPENG,Sub Sale,Strata,67,"20,896",-,Apartment,1,99 yrs lease commencing from 2019,05,Outside Central Region,06 to 10
BLUE HORIZON,"1,250,000",958,"1,305",Oct-23,WEST COAST CRESCENT,Resale,Strata,89,"14,045",-,Condominium,1,99 yrs lease commencing from 2000,05,Outside Central Region,01 to 05
PARC CLEMATIS,"1,888,000",893.41,"2,113",Oct-23,JALAN LEMPENG,Sub Sale,Strata,83,"22,747",-,Apartment,1,99 yrs lease commencing from 2019,05,Outside Central Region,11 to 15
THE CLEMENT CANOPY,"2,110,000","1,108.69","1,903",Oct-23,CLEMENTI AVENUE 1,Resale,Strata,103,"20,485",-,Apartment,1,99 yrs lease commencing from 2016,05,Outside Central Region,21 to 25
PARC CLEMATIS,"1,260,000",688.9,"1,829",Oct-23,JALAN LEMPENG,Sub Sale,Strata,64,"19,688",-,Apartment,1,99 yrs lease commencing from 2019,05,Outside Central Region,01 to 05
PARC CLEMATIS,"1,450,000",721.19,"2,011",Oct-23,JALAN LEMPENG,Sub Sale,Strata,67,"21,642",-,Apartment,1,99 yrs lease commencing from 2019,05,Outside Central Region,21 to 25
BOTANNIA,"2,120,000","1,302.44","1,628",Oct-23,WEST COAST PARK,Resale,Strata,121,"17,521",-,Condominium,1,956 yrs lease commencing from 1928,05,Outside Central Region,01 to 05
VARSITY PARK CONDOMINIUM,"1,900,000","1,280.92","1,483",Oct-23,WEST COAST ROAD,Resale,Strata,119,"15,966",-,Condominium,1,99 yrs lease commencing from 2004,05,Outside Central Region,01 to 05
PARC RIVIERA,"2,090,000","1,184.04","1,765",Oct-23,WEST COAST VALE,Resale,Strata,110,"19,000",-,Condominium,1,99 yrs lease commencing from 2015,05,Outside Central Region,16 to 20
ONE-NORTH RESIDENCES,"1,810,000",979.52,"1,848",Oct-23,ONE-NORTH GATEWAY,Resale,Strata,91,"19,890",-,Apartment,1,99 yrs lease commencing from 2005,05,Rest of Central Region,01 to 05
THE VISION,"2,025,000","1,302.44","1,555",Oct-23,WEST COAST CRESCENT,Resale,Strata,121,"16,736",-,Condominium,1,99 yrs lease commencing from 2008,05,Outside Central Region,06 to 10
REGENT PARK,"1,100,000","1,054.87","1,043",Oct-23,JALAN LEMPENG,Resale,Strata,98,"11,224",-,Condominium,1,99 yrs lease commencing from 1993,05,Outside Central Region,01 to 05
PASIR PANJANG COURT,"1,610,000","1,334.74","1,206",Oct-23,PASIR PANJANG CLOSE,Resale,Strata,124,"12,984",-,Apartment,1,Freehold,05,Rest of Central Region,01 to 05
WHISTLER GRAND,"2,280,000","1,270.15","1,795",Oct-23,WEST COAST VALE,Resale,Strata,118,"19,322",-,Apartment,1,99 yrs lease commencing from 2018,05,Outside Central Region,11 to 15
PARC CLEMATIS,"1,440,000",721.19,"1,997",Oct-23,JALAN LEMPENG,Sub Sale,Strata,67,"21,493",-,Apartment,1,99 yrs lease commencing from 2019,05,Outside Central Region,21 to 25
PARC CLEMATIS,"1,850,000",914.94,"2,022",Oct-23,JALAN LEMPENG,Sub Sale,Strata,85,"21,765",-,Apartment,1,99 yrs lease commencing from 2019,05,Outside Central Region,16 to 20
FABER CREST,"2,105,000","1,862.17","1,130",Oct-23,FABER HEIGHTS,Resale,Strata,173,"12,168",-,Condominium,1,99 yrs lease commencing from 1996,05,Outside Central Region,01 to 05
PARC RIVIERA,"1,180,000",710.42,"1,661",Oct-23,WEST COAST VALE,Resale,Strata,66,"17,879",-,Condominium,1,99 yrs lease commencing from 2015,05,Outside Central Region,16 to 20
MONTEREY PARK CONDOMINIUM,"2,180,000","1,302.44","1,674",Oct-23,WEST COAST RISE,Resale,Strata,121,"18,017",-,Condominium,1,999 yrs lease commencing from 1885,05,Outside Central Region,06 to 10
THE PARC CONDOMINIUM,"2,220,000","1,302.44","1,704",Oct-23,WEST COAST WALK,Resale,Strata,121,"18,347",-,Condominium,1,Freehold,05,Outside Central Region,06 to 10
DOVER PARKVIEW,"1,750,000","1,248.62","1,402",Oct-23,DOVER RISE,Resale,Strata,116,"15,086",-,Condominium,1,99 yrs lease commencing from 1993,05,Rest of Central Region,01 to 05
WATERFRONT @ FABER,"1,943,000","1,280.92","1,517",Oct-23,FABER WALK,Resale,Strata,119,"16,328",-,Apartment,1,99 yrs lease commencing from 2013,05,Outside Central Region,01 to 05
PARC CLEMATIS,"1,730,000",828.83,"2,087",Oct-23,JALAN LEMPENG,Sub Sale,Strata,77,"22,468",-,Apartment,1,99 yrs lease commencing from 2019,05,Outside Central Region,06 to 10
THE TRILINQ,"2,515,000","1,517.72","1,657",Oct-23,JALAN LEMPENG,Resale,Strata,141,"17,837",-,Condominium,1,99 yrs lease commencing from 2012,05,Outside Central Region,16 to 20
THE ROCHESTER RESIDENCES,"2,180,000","1,302.44","1,674",Oct-23,ROCHESTER DRIVE,Resale,Strata,121,"18,017",-,Apartment,1,99 yrs lease commencing from 2005,05,Rest of Central Region,31 to 35
PARC CLEMATIS,"1,365,000",721.19,"1,893",Oct-23,JALAN LEMPENG,Sub Sale,Strata,67,"20,373",-,Apartment,1,99 yrs lease commencing from 2019,05,Outside Central Region,01 to 05
PARC CLEMATIS,"1,450,000",721.19,"2,011",Oct-23,JALAN LEMPENG,Sub Sale,Strata,67,"21,642",-,Apartment,1,99 yrs lease commencing from 2019,05,Outside Central Region,06 to 10
PARC CLEMATIS,"1,440,000",710.42,"2,027",Oct-23,JALAN LEMPENG,Sub Sale,Strata,66,"21,818",-,Apartment,1,99 yrs lease commencing from 2019,05,Outside Central Region,06 to 10
WEST BAY CONDOMINIUM,"1,030,000",936.47,"1,100",Oct-23,WEST COAST CRESCENT,Resale,Strata,87,"11,839",-,Condominium,1,99 yrs lease commencing from 1991,05,Outside Central Region,01 to 05
PARC RIVIERA,"780,000",462.85,"1,685",Oct-23,WEST COAST VALE,Resale,Strata,43,"18,140",-,Condominium,1,99 yrs lease commencing from 2015,05,Outside Central Region,31 to 35
THE VISION,"2,200,000","1,302.44","1,689",Oct-23,WEST COAST CRESCENT,Resale,Strata,121,"18,182",-,Condominium,1,99 yrs lease commencing from 2008,05,Outside Central Region,26 to 30
BLUE HORIZON,"1,830,000","1,227.1","1,491",Oct-23,WEST COAST CRESCENT,Resale,Strata,114,"16,053",-,Condominium,1,99 yrs lease commencing from 2000,05,Outside Central Region,21 to 25
THE VISION,"2,085,000","1,313.21","1,588",Oct-23,WEST COAST CRESCENT,Resale,Strata,122,"17,090",-,Condominium,1,99 yrs lease commencing from 2008,05,Outside Central Region,26 to 30
WATERFRONT @ FABER,"1,120,000",764.24,"1,466",Oct-23,FABER WALK,Resale,Strata,71,"15,775",-,Apartment,1,99 yrs lease commencing from 2013,05,Outside Central Region,01 to 05
THE INFINITI,"2,128,000","1,485.43","1,433",Oct-23,WEST COAST PARK,Resale,Strata,138,"15,420",-,Condominium,1,Freehold,05,Outside Central Region,01 to 05
WHISTLER GRAND,"1,135,000",613.55,"1,850",Oct-23,WEST COAST VALE,Resale,Strata,57,"19,912",-,Apartment,1,99 yrs lease commencing from 2018,05,Outside Central Region,06 to 10
WESTCOVE CONDOMINIUM,"1,300,000","1,216.33","1,069",Oct-23,WEST COAST CRESCENT,Resale,Strata,113,"11,504",-,Condominium,1,99 yrs lease commencing from 1995,05,Outside Central Region,06 to 10
WHITEHAVEN,"950,000",538.2,"1,765",Oct-23,PASIR PANJANG ROAD,Resale,Strata,50,"19,000",-,Apartment,1,Freehold,05,Rest of Central Region,01 to 05
THE TRILINQ,"945,000",538.2,"1,756",Oct-23,JALAN LEMPENG,Resale,Strata,50,"18,900",-,Condominium,1,99 yrs lease commencing from 2012,05,Outside Central Region,26 to 30
FABER CREST,"1,246,000","1,119.46","1,113",Oct-23,FABER HEIGHTS,Resale,Strata,104,"11,981",-,Condominium,1,99 yrs lease commencing from 1996,05,Outside Central Region,01 to 05
THE CLEMENT CANOPY,"1,188,000",635.08,"1,871",Oct-23,CLEMENTI AVENUE 1,Resale,Strata,59,"20,136",-,Apartment,1,99 yrs lease commencing from 2016,05,Outside Central Region,31 to 35
VARSITY PARK CONDOMINIUM,"1,860,000","1,291.68","1,440",Oct-23,WEST COAST ROAD,Resale,Strata,120,"15,500",-,Condominium,1,99 yrs lease commencing from 2004,05,Outside Central Region,01 to 05
PARC RIVIERA,"1,880,000","1,151.75","1,632",Oct-23,WEST COAST VALE,Resale,Strata,107,"17,570",-,Condominium,1,99 yrs lease commencing from 2015,05,Outside Central Region,11 to 15
PARC RIVIERA,"2,000,088","1,184.04","1,689",Oct-23,WEST COAST VALE,Resale,Strata,110,"18,183",-,Condominium,1,99 yrs lease commencing from 2015,05,Outside Central Region,01 to 05
PARC CLEMATIS,"1,350,000",699.66,"1,930",Sep-23,JALAN LEMPENG,Sub Sale,Strata,65,"20,769",-,Apartment,1,99 yrs lease commencing from 2019,05,Outside Central Region,11 to 15
THE VERANDAH RESIDENCES,"1,855,000",936.47,"1,981",Sep-23,PASIR PANJANG ROAD,Resale,Strata,87,"21,322",-,Apartment,1,Freehold,05,Rest of Central Region,01 to 05
DOVER PARKVIEW,"2,668,000","2,228.15","1,197",Sep-23,DOVER RISE,Resale,Strata,207,"12,889",-,Condominium,1,99 yrs lease commencing from 1993,05,Rest of Central Region,16 to 20
KENT RIDGE HILL RESIDENCES,"1,000,000",473.62,"2,111",Sep-23,SOUTH BUONA VISTA ROAD,Sub Sale,Strata,44,"22,727",-,Apartment,1,99 yrs lease commencing from 2018,05,Rest of Central Region,01 to 05
DOVER PARKVIEW,"1,860,000","1,248.62","1,490",Sep-23,DOVER RISE,Resale,Strata,116,"16,034",-,Condominium,1,99 yrs lease commencing from 1993,05,Rest of Central Region,06 to 10
THE TRILINQ,"2,450,000","1,517.72","1,614",Sep-23,JALAN LEMPENG,Resale,Strata,141,"17,376",-,Condominium,1,99 yrs lease commencing from 2012,05,Outside Central Region,01 to 05
SEAHILL,"1,700,000","1,044.11","1,628",Sep-23,WEST COAST CRESCENT,Resale,Strata,97,"17,526",-,Condominium,1,99 yrs lease commencing from 2011,05,Outside Central Region,11 to 15
PARC CLEMATIS,"1,428,000",710.42,"2,010",Sep-23,JALAN LEMPENG,Sub Sale,Strata,66,"21,636",-,Apartment,1,99 yrs lease commencing from 2019,05,Outside Central Region,21 to 25
BAYVILLE CONDOMINIUM,"1,499,000","1,022.58","1,466",Sep-23,SOUTH BUONA VISTA ROAD,Resale,Strata,95,"15,779",-,Condominium,1,Freehold,05,Rest of Central Region,01 to 05
TWIN VEW,"2,700,000","1,517.72","1,779",Sep-23,WEST COAST VALE,Resale,Strata,141,"19,149",-,Apartment,1,99 yrs lease commencing from 2017,05,Outside Central Region,26 to 30
PARC CLEMATIS,"1,400,000",721.19,"1,941",Sep-23,JALAN LEMPENG,Sub Sale,Strata,67,"20,896",-,Apartment,1,99 yrs lease commencing from 2019,05,Outside Central Region,06 to 10
SEAHILL,"1,035,000",710.42,"1,457",Sep-23,WEST COAST CRESCENT,Resale,Strata,66,"15,682",-,Condominium,1,99 yrs lease commencing from 2011,05,Outside Central Region,16 to 20
TWIN VEW,"1,295,000",742.72,"1,744",Sep-23,WEST COAST VALE,Resale,Strata,69,"18,768",-,Apartment,1,99 yrs lease commencing from 2017,05,Outside Central Region,26 to 30
WHISTLER GRAND,"1,860,000",958,"1,942",Sep-23,WEST COAST VALE,Resale,Strata,89,"20,899",-,Apartment,1,99 yrs lease commencing from 2018,05,Outside Central Region,06 to 10
THE TRILINQ,"1,988,000","1,044.11","1,904",Sep-23,JALAN LEMPENG,Resale,Strata,97,"20,495",-,Condominium,1,99 yrs lease commencing from 2012,05,Outside Central Region,16 to 20
WHISTLER GRAND,"1,400,000",764.24,"1,832",Sep-23,WEST COAST VALE,Resale,Strata,71,"19,718",-,Apartment,1,99 yrs lease commencing from 2018,05,Outside Central Region,31 to 35
THE GRANDHILL,"2,200,000","1,302.44","1,689",Sep-23,PASIR PANJANG HILL,Resale,Strata,121,"18,182",-,Condominium,1,Freehold,05,Rest of Central Region,01 to 05
THE VERANDAH RESIDENCES,"1,718,888",807.3,"2,129",Sep-23,PASIR PANJANG ROAD,Sub Sale,Strata,75,"22,919",-,Apartment,1,Freehold,05,Rest of Central Region,01 to 05
BOTANNIA,"2,050,000","1,227.1","1,671",Sep-23,WEST COAST PARK,Resale,Strata,114,"17,982",-,Condominium,1,956 yrs lease commencing from 1928,05,Outside Central Region,01 to 05
WHISTLER GRAND,"885,000",505.91,"1,749",Sep-23,WEST COAST VALE,Resale,Strata,47,"18,830",-,Apartment,1,99 yrs lease commencing from 2018,05,Outside Central Region,21 to 25
REGENT PARK,"1,500,000","1,227.1","1,222",Sep-23,JALAN LEMPENG,Resale,Strata,114,"13,158",-,Condominium,1,99 yrs lease commencing from 1993,05,Outside Central Region,01 to 05
DOVER PARKVIEW,"1,420,000","1,323.97","1,073",Sep-23,DOVER RISE,Resale,Strata,123,"11,545",-,Condominium,1,99 yrs lease commencing from 1993,05,Rest of Central Region,01 to 05
KENT RIDGE HILL RESIDENCES,"1,950,000",958,"2,035",Sep-23,SOUTH BUONA VISTA ROAD,Sub Sale,Strata,89,"21,910",-,Apartment,1,99 yrs lease commencing from 2018,05,Rest of Central Region,01 to 05
PARC CLEMATIS,"1,908,000",904.18,"2,110",Sep-23,JALAN LEMPENG,Sub Sale,Strata,84,"22,714",-,Apartment,1,99 yrs lease commencing from 2019,05,Outside Central Region,06 to 10
WHISTLER GRAND,"1,145,000",602.78,"1,900",Sep-23,WEST COAST VALE,Resale,Strata,56,"20,446",-,Apartment,1,99 yrs lease commencing from 2018,05,Outside Central Region,11 to 15
WHISTLER GRAND,"1,468,888",764.24,"1,922",Sep-23,WEST COAST VALE,Resale,Strata,71,"20,689",-,Apartment,1,99 yrs lease commencing from 2018,05,Outside Central Region,26 to 30
PARC IMPERIAL,"728,000",419.8,"1,734",Sep-23,PASIR PANJANG ROAD,Resale,Strata,39,"18,667",-,Condominium,1,Freehold,05,Rest of Central Region,01 to 05
THE TRILINQ,"888,000",538.2,"1,650",Sep-23,JALAN LEMPENG,Resale,Strata,50,"17,760",-,Condominium,1,99 yrs lease commencing from 2012,05,Outside Central Region,11 to 15
HERITAGE VIEW,"2,028,000","1,313.21","1,544",Sep-23,DOVER RISE,Resale,Strata,122,"16,623",-,Condominium,1,99 yrs lease commencing from 1996,05,Rest of Central Region,11 to 15
WHISTLER GRAND,"1,980,000","1,065.64","1,858",Sep-23,WEST COAST VALE,Resale,Strata,99,"20,000",-,Apartment,1,99 yrs lease commencing from 2018,05,Outside Central Region,06 to 10
PARC RIVIERA,"760,000",462.85,"1,642",Sep-23,WEST COAST VALE,Resale,Strata,43,"17,674",-,Condominium,1,99 yrs lease commencing from 2015,05,Outside Central Region,16 to 20
ONE-NORTH RESIDENCES,"2,235,000","1,323.97","1,688",Sep-23,ONE-NORTH GATEWAY,Resale,Strata,123,"18,171",-,Apartment,1,99 yrs lease commencing from 2005,05,Rest of Central Region,11 to 15
THE VERANDAH RESIDENCES,"2,480,000","1,248.62","1,986",Sep-23,PASIR PANJANG ROAD,Sub Sale,Strata,116,"21,379",-,Apartment,1,Freehold,05,Rest of Central Region,01 to 05
PARC CLEMATIS,"1,488,888",742.72,"2,005",Sep-23,JALAN LEMPENG,Sub Sale,Strata,69,"21,578",-,Apartment,1,99 yrs lease commencing from 2019,05,Outside Central Region,16 to 20
SEAHILL,"985,000",645.84,"1,525",Sep-23,WEST COAST CRESCENT,Resale,Strata,60,"16,417",-,Condominium,1,99 yrs lease commencing from 2011,05,Outside Central Region,11 to 15
DOVER PARKVIEW,"1,845,000","1,248.62","1,478",Sep-23,DOVER RISE,Resale,Strata,116,"15,905",-,Condominium,1,99 yrs lease commencing from 1993,05,Rest of Central Region,11 to 15
PARC CLEMATIS,"2,100,000","1,044.11","2,011",Sep-23,JALAN LEMPENG,Sub Sale,Strata,97,"21,649",-,Apartment,1,99 yrs lease commencing from 2019,05,Outside Central Region,21 to 25
PARC CLEMATIS,"1,450,000",721.19,"2,011",Sep-23,JALAN LEMPENG,Sub Sale,Strata,67,"21,642",-,Apartment,1,99 yrs lease commencing from 2019,05,Outside Central Region,06 to 10
REGENT PARK,"1,600,000","1,248.62","1,281",Sep-23,JALAN LEMPENG,Resale,Strata,116,"13,793",-,Condominium,1,99 yrs lease commencing from 1993,05,Outside Central Region,01 to 05
WHISTLER GRAND,"1,900,000",958,"1,983",Sep-23,WEST COAST VALE,Resale,Strata,89,"21,348",-,Apartment,1,99 yrs lease commencing from 2018,05,Outside Central Region,31 to 35
THE CASSANDRA,"1,880,000","1,313.21","1,432",Sep-23,PASIR PANJANG ROAD,Resale,Strata,122,"15,410",-,Apartment,1,Freehold,05,Rest of Central Region,01 to 05
THE VISION,"1,980,000","1,313.21","1,508",Sep-23,WEST COAST CRESCENT,Resale,Strata,122,"16,230",-,Condominium,1,99 yrs lease commencing from 2008,05,Outside Central Region,01 to 05
THE TRILINQ,"900,000",538.2,"1,672",Sep-23,JALAN LEMPENG,Resale,Strata,50,"18,000",-,Condominium,1,99 yrs lease commencing from 2012,05,Outside Central Region,16 to 20
PARC IMPERIAL,"745,000",409.03,"1,821",Aug-23,PASIR PANJANG ROAD,Resale,Strata,38,"19,605",-,Condominium,1,Freehold,05,Rest of Central Region,01 to 05
VIVA VISTA,"700,000",387.5,"1,806",Aug-23,SOUTH BUONA VISTA ROAD,Resale,Strata,36,"19,444",-,Apartment,1,Freehold,05,Rest of Central Region,01 to 05
SEAHILL,"1,100,000",688.9,"1,597",Aug-23,WEST COAST CRESCENT,Resale,Strata,64,"17,188",-,Condominium,1,99 yrs lease commencing from 2011,05,Outside Central Region,16 to 20
PARC CLEMATIS,"1,500,000",742.72,"2,020",Aug-23,JALAN LEMPENG,Sub Sale,Strata,69,"21,739",-,Apartment,1,99 yrs lease commencing from 2019,05,Outside Central Region,11 to 15
WHISTLER GRAND,"1,166,888",613.55,"1,902",Aug-23,WEST COAST VALE,Resale,Strata,57,"20,472",-,Apartment,1,99 yrs lease commencing from 2018,05,Outside Central Region,11 to 15
HERITAGE VIEW,"1,888,000","1,194.8","1,580",Aug-23,DOVER RISE,Resale,Strata,111,"17,009",-,Condominium,1,99 yrs lease commencing from 1996,05,Rest of Central Region,06 to 10
THE TRILINQ,"1,750,000",936.47,"1,869",Aug-23,JALAN LEMPENG,Resale,Strata,87,"20,115",-,Condominium,1,99 yrs lease commencing from 2012,05,Outside Central Region,21 to 25
PARC CLEMATIS,"918,000",452.09,"2,031",Aug-23,JALAN LEMPENG,Sub Sale,Strata,42,"21,857",-,Apartment,1,99 yrs lease commencing from 2019,05,Outside Central Region,16 to 20
TWIN VEW,"1,340,000",742.72,"1,804",Aug-23,WEST COAST VALE,Resale,Strata,69,"19,420",-,Apartment,1,99 yrs lease commencing from 2017,05,Outside Central Region,21 to 25
THE PARC CONDOMINIUM,"2,580,000","1,517.72","1,700",Aug-23,WEST COAST WALK,Resale,Strata,141,"18,298",-,Condominium,1,Freehold,05,Outside Central Region,11 to 15
THE ROCHESTER RESIDENCES,"2,000,000","1,302.44","1,536",Aug-23,ROCHESTER DRIVE,Resale,Strata,121,"16,529",-,Apartment,1,99 yrs lease commencing from 2005,05,Rest of Central Region,11 to 15
THE SORRENTO,"1,960,000","1,237.86","1,583",Aug-23,WEST COAST ROAD,Resale,Strata,115,"17,043",-,Condominium,1,Freehold,05,Outside Central Region,01 to 05
REGENT PARK,"1,123,000",904.18,"1,242",Aug-23,JALAN LEMPENG,Resale,Strata,84,"13,369",-,Condominium,1,99 yrs lease commencing from 1993,05,Outside Central Region,06 to 10
LUXE VILLE,"1,030,000",785.77,"1,311",Aug-23,PASIR PANJANG ROAD,Resale,Strata,73,"14,110",-,Apartment,1,Freehold,05,Rest of Central Region,01 to 05
VILLAGE @ PASIR PANJANG,"1,868,000","1,119.46","1,669",Aug-23,PASIR PANJANG ROAD,Resale,Strata,104,"17,962",-,Condominium,1,Freehold,05,Rest of Central Region,01 to 05
DOVER PARKVIEW,"1,250,000",968.76,"1,290",Aug-23,DOVER RISE,Resale,Strata,90,"13,889",-,Condominium,1,99 yrs lease commencing from 1993,05,Rest of Central Region,01 to 05
VARSITY PARK CONDOMINIUM,"2,160,000","1,453.14","1,486",Aug-23,WEST COAST ROAD,Resale,Strata,135,"16,000",-,Condominium,1,99 yrs lease commencing from 2004,05,Outside Central Region,01 to 05
WHITEHAVEN,"970,000",538.2,"1,802",Aug-23,PASIR PANJANG ROAD,Resale,Strata,50,"19,400",-,Apartment,1,Freehold,05,Rest of Central Region,01 to 05
NORMANTON PARK,"1,408,000",656.6,"2,144",Aug-23,NORMANTON PARK,Sub Sale,Strata,61,"23,082",-,Apartment,1,99 yrs lease commencing from 2019,05,Rest of Central Region,21 to 25
KENT RIDGE HILL RESIDENCES,"1,630,000",904.18,"1,803",Aug-23,SOUTH BUONA VISTA ROAD,Sub Sale,Strata,84,"19,405",-,Apartment,1,99 yrs lease commencing from 2018,05,Rest of Central Region,01 to 05
PARC CLEMATIS,"1,444,888",710.42,"2,034",Aug-23,JALAN LEMPENG,Sub Sale,Strata,66,"21,892",-,Apartment,1,99 yrs lease commencing from 2019,05,Outside Central Region,11 to 15
KENT RIDGE HILL RESIDENCES,"1,034,000",516.67,"2,001",Aug-23,SOUTH BUONA VISTA ROAD,Sub Sale,Strata,48,"21,542",-,Apartment,1,99 yrs lease commencing from 2018,05,Rest of Central Region,01 to 05
BLUE HORIZON,"1,520,000","1,151.75","1,320",Aug-23,WEST COAST CRESCENT,Resale,Strata,107,"14,206",-,Condominium,1,99 yrs lease commencing from 2000,05,Outside Central Region,16 to 20
DOVER PARKVIEW,"1,288,000",968.76,"1,330",Aug-23,DOVER RISE,Resale,Strata,90,"14,311",-,Condominium,1,99 yrs lease commencing from 1993,05,Rest of Central Region,01 to 05
PARC CLEMATIS,"1,475,000",742.72,"1,986",Aug-23,JALAN LEMPENG,Sub Sale,Strata,69,"21,377",-,Apartment,1,99 yrs lease commencing from 2019,05,Outside Central Region,01 to 05
SEASUITES,"1,450,000",914.94,"1,585",Aug-23,PASIR PANJANG ROAD,Resale,Strata,85,"17,059",-,Apartment,1,Freehold,05,Rest of Central Region,01 to 05
SEAHILL,"1,680,000","1,044.11","1,609",Aug-23,WEST COAST CRESCENT,Resale,Strata,97,"17,320",-,Condominium,1,99 yrs lease commencing from 2011,05,Outside Central Region,11 to 15
THE CLEMENT CANOPY,"1,801,000",990.29,"1,819",Aug-23,CLEMENTI AVENUE 1,Resale,Strata,92,"19,576",-,Apartment,1,99 yrs lease commencing from 2016,05,Outside Central Region,11 to 15
PARC RIVIERA,"798,000",462.85,"1,724",Aug-23,WEST COAST VALE,Resale,Strata,43,"18,558",-,Condominium,1,99 yrs lease commencing from 2015,05,Outside Central Region,31 to 35
TWIN VEW,"1,360,000",742.72,"1,831",Aug-23,WEST COAST VALE,Resale,Strata,69,"19,710",-,Apartment,1,99 yrs lease commencing from 2017,05,Outside Central Region,21 to 25
THE ROCHESTER RESIDENCES,"1,980,000","1,302.44","1,520",Aug-23,ROCHESTER DRIVE,Resale,Strata,121,"16,364",-,Apartment,1,99 yrs lease commencing from 2005,05,Rest of Central Region,26 to 30
REGENT PARK,"1,200,000",904.18,"1,327",Aug-23,JALAN LEMPENG,Resale,Strata,84,"14,286",-,Condominium,1,99 yrs lease commencing from 1993,05,Outside Central Region,01 to 05
PARC RIVIERA,"1,446,400",904.18,"1,600",Aug-23,WEST COAST VALE,Resale,Strata,84,"17,219",-,Condominium,1,99 yrs lease commencing from 2015,05,Outside Central Region,06 to 10
LANDRIDGE CONDOMINIUM,"2,380,000","1,646.89","1,445",Aug-23,PASIR PANJANG ROAD,Resale,Strata,153,"15,556",-,Condominium,1,Freehold,05,Rest of Central Region,01 to 05
WHITEHAVEN,"1,510,000",947.23,"1,594",Aug-23,PASIR PANJANG ROAD,Resale,Strata,88,"17,159",-,Apartment,1,Freehold,05,Rest of Central Region,01 to 05
PARC RIVIERA,"1,060,000",667.37,"1,588",Aug-23,WEST COAST VALE,Resale,Strata,62,"17,097",-,Condominium,1,99 yrs lease commencing from 2015,05,Outside Central Region,01 to 05
NEWEST,"2,620,000","2,551.07","1,027",Aug-23,WEST COAST DRIVE,Resale,Strata,237,"11,055",-,Apartment,1,956 yrs lease commencing from 1928,05,Outside Central Region,01 to 05
ONE-NORTH RESIDENCES,"970,000",570.49,"1,700",Aug-23,ONE-NORTH GATEWAY,Resale,Strata,53,"18,302",-,Apartment,1,99 yrs lease commencing from 2005,05,Rest of Central Region,01 to 05
REGENT PARK,"1,180,000",904.18,"1,305",Aug-23,JALAN LEMPENG,Resale,Strata,84,"14,048",-,Condominium,1,99 yrs lease commencing from 1993,05,Outside Central Region,01 to 05
CARABELLE,"1,618,888",947.23,"1,709",Aug-23,WEST COAST WAY,Resale,Strata,88,"18,396",-,Condominium,1,956 yrs lease commencing from 1928,05,Outside Central Region,06 to 10
DOVER PARKVIEW,"1,680,000","1,248.62","1,345",Aug-23,DOVER RISE,Resale,Strata,116,"14,483",-,Condominium,1,99 yrs lease commencing from 1993,05,Rest of Central Region,11 to 15
WHISTLER GRAND,"930,000",505.91,"1,838",Aug-23,WEST COAST VALE,Resale,Strata,47,"19,787",-,Apartment,1,99 yrs lease commencing from 2018,05,Outside Central Region,06 to 10
WEST BAY CONDOMINIUM,"950,000",893.41,"1,063",Aug-23,WEST COAST CRESCENT,Resale,Strata,83,"11,446",-,Condominium,1,99 yrs lease commencing from 1991,05,Outside Central Region,01 to 05
THE PARC CONDOMINIUM,"2,568,000","1,506.96","1,704",Aug-23,WEST COAST WALK,Resale,Strata,140,"18,343",-,Condominium,1,Freehold,05,Outside Central Region,06 to 10
THE ROCHESTER RESIDENCES,"2,575,000","1,679.18","1,533",Aug-23,ROCHESTER DRIVE,Resale,Strata,156,"16,506",-,Apartment,1,99 yrs lease commencing from 2005,05,Rest of Central Region,21 to 25
WHISTLER GRAND,"1,430,000",764.24,"1,871",Aug-23,WEST COAST VALE,Resale,Strata,71,"20,141",-,Apartment,1,99 yrs lease commencing from 2018,05,Outside Central Region,16 to 20
HERITAGE VIEW,"2,336,666","1,463.9","1,596",Aug-23,DOVER RISE,Resale,Strata,136,"17,181",-,Condominium,1,99 yrs lease commencing from 1996,05,Rest of Central Region,11 to 15
THE CLEMENT CANOPY,"2,120,000","1,140.98","1,858",Aug-23,CLEMENTI AVENUE 1,Resale,Strata,106,"20,000",-,Apartment,1,99 yrs lease commencing from 2016,05,Outside Central Region,21 to 25
VARSITY PARK CONDOMINIUM,"2,350,000","1,894.46","1,240",Aug-23,WEST COAST ROAD,Resale,Strata,176,"13,352",-,Condominium,1,99 yrs lease commencing from 2004,05,Outside Central Region,01 to 05
PARC IMPERIAL,"700,000",365.98,"1,913",Aug-23,PASIR PANJANG ROAD,Resale,Strata,34,"20,588",-,Condominium,1,Freehold,05,Rest of Central Region,01 to 05
PARC RIVIERA,"1,585,000",990.29,"1,601",Aug-23,WEST COAST VALE,Resale,Strata,92,"17,228",-,Condominium,1,99 yrs lease commencing from 2015,05,Outside Central Region,31 to 35
KENT RIDGE HILL RESIDENCES,"960,000",473.62,"2,027",Aug-23,SOUTH BUONA VISTA ROAD,Sub Sale,Strata,44,"21,818",-,Apartment,1,99 yrs lease commencing from 2018,05,Rest of Central Region,01 to 05
THE ROCHESTER RESIDENCES,"1,925,000","1,302.44","1,478",Aug-23,ROCHESTER DRIVE,Resale,Strata,121,"15,909",-,Apartment,1,99 yrs lease commencing from 2005,05,Rest of Central Region,06 to 10
BOTANNIA,"2,125,000","1,270.15","1,673",Aug-23,WEST COAST PARK,Resale,Strata,118,"18,008",-,Condominium,1,956 yrs lease commencing from 1928,05,Outside Central Region,06 to 10
CRYSTAL HEIGHTS,"2,350,000","1,786.82","1,315",Aug-23,PASIR PANJANG HILL,Resale,Strata,166,"14,157",-,Apartment,1,Freehold,05,Rest of Central Region,01 to 05
DOVER PARKVIEW,"1,768,000","1,291.68","1,369",Aug-23,DOVER RISE,Resale,Strata,120,"14,733",-,Condominium,1,99 yrs lease commencing from 1993,05,Rest of Central Region,16 to 20
VARSITY PARK CONDOMINIUM,"1,480,000","1,011.82","1,463",Aug-23,WEST COAST ROAD,Resale,Strata,94,"15,745",-,Condominium,1,99 yrs lease commencing from 2004,05,Outside Central Region,01 to 05
THE INFINITI,"1,418,000",914.94,"1,550",Jul-23,WEST COAST PARK,Resale,Strata,85,"16,682",-,Condominium,1,Freehold,05,Outside Central Region,11 to 15
THE CLEMENT CANOPY,"1,158,000",635.08,"1,823",Jul-23,CLEMENTI AVENUE 1,Resale,Strata,59,"19,627",-,Apartment,1,99 yrs lease commencing from 2016,05,Outside Central Region,16 to 20
VARSITY PARK CONDOMINIUM,"2,790,000","2,152.8","1,296",Jul-23,WEST COAST ROAD,Resale,Strata,200,"13,950",-,Condominium,1,99 yrs lease commencing from 2004,05,Outside Central Region,01 to 05
PARC RIVIERA,"735,000",462.85,"1,588",Jul-23,WEST COAST VALE,Resale,Strata,43,"17,093",-,Condominium,1,99 yrs lease commencing from 2015,05,Outside Central Region,16 to 20
TWIN VEW,"894,000",484.38,"1,846",Jul-23,WEST COAST VALE,Resale,Strata,45,"19,867",-,Apartment,1,99 yrs lease commencing from 2017,05,Outside Central Region,21 to 25
BOTANNIA,"1,400,000",828.83,"1,689",Jul-23,WEST COAST PARK,Resale,Strata,77,"18,182",-,Condominium,1,956 yrs lease commencing from 1928,05,Outside Central Region,11 to 15
PARC RIVIERA,"985,000",602.78,"1,634",Jul-23,WEST COAST VALE,Resale,Strata,56,"17,589",-,Condominium,1,99 yrs lease commencing from 2015,05,Outside Central Region,26 to 30
THE TRILINQ,"920,000",538.2,"1,709",Jul-23,JALAN LEMPENG,Resale,Strata,50,"18,400",-,Condominium,1,99 yrs lease commencing from 2012,05,Outside Central Region,21 to 25
HERITAGE VIEW,"1,820,000","1,162.51","1,566",Jul-23,DOVER RISE,Resale,Strata,108,"16,852",-,Condominium,1,99 yrs lease commencing from 1996,05,Rest of Central Region,11 to 15
RESIDENTIAL APARTMENTS,"2,580,000","1,851.41","1,394",Jul-23,PASIR PANJANG ROAD,Resale,Strata,172,"15,000",-,Apartment,1,Freehold,05,Rest of Central Region,01 to 05
PARC RIVIERA,"1,050,000",645.84,"1,626",Jul-23,WEST COAST VALE,Resale,Strata,60,"17,500",-,Condominium,1,99 yrs lease commencing from 2015,05,Outside Central Region,06 to 10
BOTANNIA,"2,010,000","1,270.15","1,582",Jul-23,WEST COAST PARK,Resale,Strata,118,"17,034",-,Condominium,1,956 yrs lease commencing from 1928,05,Outside Central Region,01 to 05
WATERFRONT @ FABER,"1,990,000","1,291.68","1,541",Jul-23,FABER WALK,Resale,Strata,120,"16,583",-,Apartment,1,99 yrs lease commencing from 2013,05,Outside Central Region,01 to 05
THE VISION,"2,100,000","1,302.44","1,612",Jul-23,WEST COAST CRESCENT,Resale,Strata,121,"17,355",-,Condominium,1,99 yrs lease commencing from 2008,05,Outside Central Region,16 to 20
BLUE HORIZON,"1,700,000","1,162.51","1,462",Jul-23,WEST COAST CRESCENT,Resale,Strata,108,"15,741",-,Condominium,1,99 yrs lease commencing from 2000,05,Outside Central Region,11 to 15
THE SORRENTO,"1,290,000",742.72,"1,737",Jul-23,WEST COAST ROAD,Resale,Strata,69,"18,696",-,Condominium,1,Freehold,05,Outside Central Region,01 to 05
VARSITY PARK CONDOMINIUM,"2,430,000","1,991.34","1,220",Jul-23,WEST COAST ROAD,Resale,Strata,185,"13,135",-,Condominium,1,99 yrs lease commencing from 2004,05,Outside Central Region,01 to 05
FABER CREST,"1,230,000","1,184.04","1,039",Jul-23,FABER HEIGHTS,Resale,Strata,110,"11,182",-,Condominium,1,99 yrs lease commencing from 1996,05,Outside Central Region,01 to 05
KENT RIDGE HILL RESIDENCES,"918,000",473.62,"1,938",Jul-23,SOUTH BUONA VISTA ROAD,Sub Sale,Strata,44,"20,864",-,Apartment,1,99 yrs lease commencing from 2018,05,Rest of Central Region,01 to 05
PARC CLEMATIS,"1,850,000",882.65,"2,096",Jul-23,JALAN LEMPENG,Sub Sale,Strata,82,"22,561",-,Apartment,1,99 yrs lease commencing from 2019,05,Outside Central Region,11 to 15
VILLAGE @ PASIR PANJANG,"1,375,000",828.83,"1,659",Jul-23,PASIR PANJANG ROAD,Resale,Strata,77,"17,857",-,Condominium,1,Freehold,05,Rest of Central Region,01 to 05
THE TRILINQ,"1,240,000",699.66,"1,772",Jul-23,JALAN LEMPENG,Resale,Strata,65,"19,077",-,Condominium,1,99 yrs lease commencing from 2012,05,Outside Central Region,11 to 15
PARC RIVIERA,"2,148,000","1,184.04","1,814",Jul-23,WEST COAST VALE,Resale,Strata,110,"19,527",-,Condominium,1,99 yrs lease commencing from 2015,05,Outside Central Region,31 to 35
NEWEST,"2,488,000","2,432.66","1,023",Jul-23,WEST COAST DRIVE,Resale,Strata,226,"11,009",-,Apartment,1,956 yrs lease commencing from 1928,05,Outside Central Region,01 to 05
PARC IMPERIAL,"920,000",495.14,"1,858",Jul-23,PASIR PANJANG ROAD,Resale,Strata,46,"20,000",-,Condominium,1,Freehold,05,Rest of Central Region,01 to 05
HARBOUR VIEW GARDENS,"1,238,000",656.6,"1,885",Jul-23,PASIR PANJANG ROAD,Resale,Strata,61,"20,295",-,Apartment,1,Freehold,05,Rest of Central Region,01 to 05
THE TRILINQ,"2,200,000","1,700.71","1,294",Jul-23,JALAN LEMPENG,Resale,Strata,158,"13,924",-,Condominium,1,99 yrs lease commencing from 2012,05,Outside Central Region,01 to 05
NEWEST,"2,400,000","2,400.37","1,000",Jul-23,WEST COAST DRIVE,Resale,Strata,223,"10,762",-,Apartment,1,956 yrs lease commencing from 1928,05,Outside Central Region,01 to 05
THE TRILINQ,"1,350,000",753.48,"1,792",Jul-23,JALAN LEMPENG,Resale,Strata,70,"19,286",-,Condominium,1,99 yrs lease commencing from 2012,05,Outside Central Region,31 to 35
PARC CLEMATIS,"1,000,000",516.67,"1,935",Jul-23,JALAN LEMPENG,Sub Sale,Strata,48,"20,833",-,Apartment,1,99 yrs lease commencing from 2019,05,Outside Central Region,11 to 15
BLUE HORIZON,"1,520,000","1,162.51","1,308",Jul-23,WEST COAST CRESCENT,Resale,Strata,108,"14,074",-,Condominium,1,99 yrs lease commencing from 2000,05,Outside Central Region,11 to 15
WESTCOVE CONDOMINIUM,"1,200,000","1,130.22","1,062",Jul-23,WEST COAST CRESCENT,Resale,Strata,105,"11,429",-,Condominium,1,99 yrs lease commencing from 1995,05,Outside Central Region,01 to 05
THE ROCHESTER RESIDENCES,"1,968,000","1,205.57","1,632",Jul-23,ROCHESTER DRIVE,Resale,Strata,112,"17,571",-,Apartment,1,99 yrs lease commencing from 2005,05,Rest of Central Region,21 to 25
THE TRILINQ,"1,820,000",936.47,"1,943",Jul-23,JALAN LEMPENG,Resale,Strata,87,"20,920",-,Condominium,1,99 yrs lease commencing from 2012,05,Outside Central Region,31 to 35
THE VISION,"2,080,000","1,313.21","1,584",Jul-23,WEST COAST CRESCENT,Resale,Strata,122,"17,049",-,Condominium,1,99 yrs lease commencing from 2008,05,Outside Central Region,26 to 30
BOTANNIA,"2,200,000","1,270.15","1,732",Jul-23,WEST COAST PARK,Resale,Strata,118,"18,644",-,Condominium,1,956 yrs lease commencing from 1928,05,Outside Central Region,06 to 10
KENT RIDGE HILL RESIDENCES,"970,000",473.62,"2,048",Jul-23,SOUTH BUONA VISTA ROAD,Sub Sale,Strata,44,"22,045",-,Apartment,1,99 yrs lease commencing from 2018,05,Rest of Central Region,01 to 05
ONE-NORTH RESIDENCES,"2,310,000","1,367.03","1,690",Jul-23,ONE-NORTH GATEWAY,Resale,Strata,127,"18,189",-,Apartment,1,99 yrs lease commencing from 2005,05,Rest of Central Region,06 to 10
PARC CLEMATIS,"1,400,000",721.19,"1,941",Jul-23,JALAN LEMPENG,Sub Sale,Strata,67,"20,896",-,Apartment,1,99 yrs lease commencing from 2019,05,Outside Central Region,06 to 10
PARC CLEMATIS,"1,439,000",721.19,"1,995",Jul-23,JALAN LEMPENG,Sub Sale,Strata,67,"21,478",-,Apartment,1,99 yrs lease commencing from 2019,05,Outside Central Region,16 to 20
PARC CLEMATIS,"918,000",452.09,"2,031",Jul-23,JALAN LEMPENG,Sub Sale,Strata,42,"21,857",-,Apartment,1,99 yrs lease commencing from 2019,05,Outside Central Region,16 to 20
THE INFINITI,"1,938,000","1,291.68","1,500",Jul-23,WEST COAST PARK,Resale,Strata,120,"16,150",-,Condominium,1,Freehold,05,Outside Central Region,01 to 05
CLEMENTIWOODS CONDOMINIUM,"4,000,000","3,196.91","1,251",Jul-23,WEST COAST ROAD,Resale,Strata,297,"13,468",-,Condominium,1,99 yrs lease commencing from 2006,05,Outside Central Region,01 to 05
THE CLEMENT CANOPY,"1,868,000",990.29,"1,886",Jul-23,CLEMENTI AVENUE 1,Resale,Strata,92,"20,304",-,Apartment,1,99 yrs lease commencing from 2016,05,Outside Central Region,36 to 40
THE PEAK@BALMEG,"3,280,000","1,937.52","1,693",Jul-23,BALMEG HILL,Resale,Strata,180,"18,222",-,Condominium,1,Freehold,05,Rest of Central Region,01 to 05
THE VERANDAH RESIDENCES,"1,200,000",602.78,"1,991",Jul-23,PASIR PANJANG ROAD,Sub Sale,Strata,56,"21,429",-,Apartment,1,Freehold,05,Rest of Central Region,01 to 05
VARSITY PARK CONDOMINIUM,"1,780,000","1,313.21","1,355",Jul-23,WEST COAST ROAD,Resale,Strata,122,"14,590",-,Condominium,1,99 yrs lease commencing from 2004,05,Outside Central Region,01 to 05
THE TRILINQ,"1,830,100","1,108.69","1,651",Jul-23,JALAN LEMPENG,Resale,Strata,103,"17,768",-,Condominium,1,99 yrs lease commencing from 2012,05,Outside Central Region,06 to 10
HUNDRED TREES,"1,490,000",914.94,"1,629",Jul-23,WEST COAST DRIVE,Resale,Strata,85,"17,529",-,Condominium,1,956 yrs lease commencing from 1928,05,Outside Central Region,01 to 05
ICON @ PASIR PANJANG,"1,108,000",850.36,"1,303",Jul-23,PASIR PANJANG ROAD,Resale,Strata,79,"14,025",-,Apartment,1,Freehold,05,Rest of Central Region,01 to 05
HERITAGE VIEW,"2,000,000","1,205.57","1,659",Jul-23,DOVER RISE,Resale,Strata,112,"17,857",-,Condominium,1,99 yrs lease commencing from 1996,05,Rest of Central Region,01 to 05
ICON @ PASIR PANJANG,"1,450,000","1,033.34","1,403",Jun-23,PASIR PANJANG ROAD,Resale,Strata,96,"15,104",-,Apartment,1,Freehold,05,Rest of Central Region,01 to 05
VARSITY PARK CONDOMINIUM,"2,790,000","2,271.2","1,228",Jun-23,WEST COAST ROAD,Resale,Strata,211,"13,223",-,Condominium,1,99 yrs lease commencing from 2004,05,Outside Central Region,01 to 05
WEST BAY CONDOMINIUM,"1,546,000","1,474.67","1,048",Jun-23,WEST COAST CRESCENT,Resale,Strata,137,"11,285",-,Condominium,1,99 yrs lease commencing from 1991,05,Outside Central Region,06 to 10
THE TRILINQ,"928,000",538.2,"1,724",Jun-23,JALAN LEMPENG,Resale,Strata,50,"18,560",-,Condominium,1,99 yrs lease commencing from 2012,05,Outside Central Region,21 to 25
PARC CLEMATIS,"1,788,000",861.12,"2,076",Jun-23,JALAN LEMPENG,Sub Sale,Strata,80,"22,350",-,Apartment,1,99 yrs lease commencing from 2019,05,Outside Central Region,16 to 20
BLUE HORIZON,"1,350,000","1,184.04","1,140",Jun-23,WEST COAST CRESCENT,Resale,Strata,110,"12,273",-,Condominium,1,99 yrs lease commencing from 2000,05,Outside Central Region,01 to 05
WHISTLER GRAND,"1,400,000",764.24,"1,832",Jun-23,WEST COAST VALE,Resale,Strata,71,"19,718",-,Apartment,1,99 yrs lease commencing from 2018,05,Outside Central Region,26 to 30
KENT RIDGE HILL RESIDENCES,"1,035,000",473.62,"2,185",Jun-23,SOUTH BUONA VISTA ROAD,Sub Sale,Strata,44,"23,523",-,Apartment,1,99 yrs lease commencing from 2018,05,Rest of Central Region,01 to 05
THE ROCHESTER RESIDENCES,"2,850,000","1,862.17","1,530",Jun-23,ROCHESTER DRIVE,Resale,Strata,173,"16,474",-,Apartment,1,99 yrs lease commencing from 2005,05,Rest of Central Region,26 to 30
HERITAGE VIEW,"1,370,000",968.76,"1,414",Jun-23,DOVER RISE,Resale,Strata,90,"15,222",-,Condominium,1,99 yrs lease commencing from 1996,05,Rest of Central Region,06 to 10
PARC RIVIERA,"1,150,000",710.42,"1,619",Jun-23,WEST COAST VALE,Resale,Strata,66,"17,424",-,Condominium,1,99 yrs lease commencing from 2015,05,Outside Central Region,26 to 30
KENT RIDGE HILL RESIDENCES,"1,010,000",516.67,"1,955",Jun-23,SOUTH BUONA VISTA ROAD,Sub Sale,Strata,48,"21,042",-,Apartment,1,99 yrs lease commencing from 2018,05,Rest of Central Region,01 to 05
WATERFRONT @ FABER,"1,638,000","1,065.64","1,537",Jun-23,FABER WALK,Resale,Strata,99,"16,545",-,Apartment,1,99 yrs lease commencing from 2013,05,Outside Central Region,01 to 05
STARPOINT,"4,000,000","3,670.52","1,090",Jun-23,PASIR PANJANG ROAD,Resale,Strata,341,"11,730",-,Apartment,1,Freehold,05,Rest of Central Region,06 to 10
PARC RIVIERA,"1,165,000",710.42,"1,640",Jun-23,WEST COAST VALE,Resale,Strata,66,"17,652",-,Condominium,1,99 yrs lease commencing from 2015,05,Outside Central Region,31 to 35
VILLAGE @ PASIR PANJANG,"1,800,000","1,022.58","1,760",Jun-23,PASIR PANJANG ROAD,Resale,Strata,95,"18,947",-,Condominium,1,Freehold,05,Rest of Central Region,01 to 05
24 ONE RESIDENCES,"1,200,000",624.31,"1,922",Jun-23,PASIR PANJANG ROAD,Resale,Strata,58,"20,690",-,Apartment,1,Freehold,05,Rest of Central Region,01 to 05
WESTCOVE CONDOMINIUM,"1,410,000","1,248.62","1,129",Jun-23,WEST COAST CRESCENT,Resale,Strata,116,"12,155",-,Condominium,1,99 yrs lease commencing from 1995,05,Outside Central Region,01 to 05
BLUE HORIZON,"1,730,000","1,216.33","1,422",Jun-23,WEST COAST CRESCENT,Resale,Strata,113,"15,310",-,Condominium,1,99 yrs lease commencing from 2000,05,Outside Central Region,21 to 25
WHISTLER GRAND,"1,840,000",958,"1,921",Jun-23,WEST COAST VALE,Resale,Strata,89,"20,674",-,Apartment,1,99 yrs lease commencing from 2018,05,Outside Central Region,26 to 30
DOVER PARKVIEW,"1,320,000",936.47,"1,410",Jun-23,DOVER RISE,Resale,Strata,87,"15,172",-,Condominium,1,99 yrs lease commencing from 1993,05,Rest of Central Region,11 to 15
VARSITY PARK CONDOMINIUM,"2,200,000","1,528.49","1,439",Jun-23,WEST COAST ROAD,Resale,Strata,142,"15,493",-,Condominium,1,99 yrs lease commencing from 2004,05,Outside Central Region,01 to 05
ONE-NORTH RESIDENCES,"2,250,000","1,313.21","1,713",Jun-23,ONE-NORTH GATEWAY,Resale,Strata,122,"18,443",-,Apartment,1,99 yrs lease commencing from 2005,05,Rest of Central Region,06 to 10
HUNDRED TREES,"1,350,000",914.94,"1,476",Jun-23,WEST COAST DRIVE,Resale,Strata,85,"15,882",-,Condominium,1,956 yrs lease commencing from 1928,05,Outside Central Region,01 to 05
PARC IMPERIAL,"750,000",409.03,"1,834",Jun-23,PASIR PANJANG ROAD,Resale,Strata,38,"19,737",-,Condominium,1,Freehold,05,Rest of Central Region,01 to 05
ONE-NORTH RESIDENCES,"930,000",613.55,"1,516",Jun-23,ONE-NORTH GATEWAY,Resale,Strata,57,"16,316",-,Apartment,1,99 yrs lease commencing from 2005,05,Rest of Central Region,06 to 10
24 ONE RESIDENCES,"983,000",484.38,"2,029",Jun-23,PASIR PANJANG ROAD,Resale,Strata,45,"21,844",-,Apartment,1,Freehold,05,Rest of Central Region,01 to 05
THE PARC CONDOMINIUM,"1,103,000",667.37,"1,653",Jun-23,WEST COAST WALK,Resale,Strata,62,"17,790",-,Condominium,1,Freehold,05,Outside Central Region,16 to 20
PARC CLEMATIS,"2,650,000","1,291.68","2,052",Jun-23,JALAN LEMPENG,Sub Sale,Strata,120,"22,083",-,Apartment,1,99 yrs lease commencing from 2019,05,Outside Central Region,01 to 05
PARC CLEMATIS,"1,365,000",721.19,"1,893",Jun-23,JALAN LEMPENG,Sub Sale,Strata,67,"20,373",-,Apartment,1,99 yrs lease commencing from 2019,05,Outside Central Region,06 to 10
WHISTLER GRAND,"2,348,000","1,270.15","1,849",Jun-23,WEST COAST VALE,Resale,Strata,118,"19,898",-,Apartment,1,99 yrs lease commencing from 2018,05,Outside Central Region,21 to 25
THE TRILINQ,"1,720,000","1,108.69","1,551",Jun-23,JALAN LEMPENG,Resale,Strata,103,"16,699",-,Condominium,1,99 yrs lease commencing from 2012,05,Outside Central Region,31 to 35
TWIN VEW,"2,205,000","1,248.62","1,766",Jun-23,WEST COAST VALE,Resale,Strata,116,"19,009",-,Apartment,1,99 yrs lease commencing from 2017,05,Outside Central Region,11 to 15
HUNDRED TREES,"1,278,000",785.77,"1,626",Jun-23,WEST COAST DRIVE,Resale,Strata,73,"17,507",-,Condominium,1,956 yrs lease commencing from 1928,05,Outside Central Region,06 to 10
TREASURE PLACE,"2,080,000","1,334.74","1,558",Jun-23,LORONG SARHAD,Resale,Strata,124,"16,774",-,Condominium,1,Freehold,05,Rest of Central Region,01 to 05
VARSITY PARK CONDOMINIUM,"2,700,000","2,152.8","1,254",Jun-23,WEST COAST ROAD,Resale,Strata,200,"13,500",-,Condominium,1,99 yrs lease commencing from 2004,05,Outside Central Region,01 to 05
TWIN VEW,"1,250,000",742.72,"1,683",Jun-23,WEST COAST VALE,Resale,Strata,69,"18,116",-,Apartment,1,99 yrs lease commencing from 2017,05,Outside Central Region,21 to 25
THE TRILINQ,"3,910,000","3,875.04","1,009",Jun-23,JALAN LEMPENG,Resale,Strata,360,"10,861",-,Condominium,1,99 yrs lease commencing from 2012,05,Outside Central Region,36 to 40
PARC RIVIERA,"1,183,880",710.42,"1,666",Jun-23,WEST COAST VALE,Resale,Strata,66,"17,938",-,Condominium,1,99 yrs lease commencing from 2015,05,Outside Central Region,31 to 35
ISLAND VIEW,"4,950,000","3,498.3","1,415",Jun-23,JALAN MAT JAMBOL,Resale,Strata,325,"15,231",-,Condominium,1,Freehold,05,Rest of Central Region,01 to 05
HERITAGE VIEW,"2,340,000","1,463.9","1,598",Jun-23,DOVER RISE,Resale,Strata,136,"17,206",-,Condominium,1,99 yrs lease commencing from 1996,05,Rest of Central Region,11 to 15
THE TRILINQ,"878,000",538.2,"1,631",Jun-23,JALAN LEMPENG,Resale,Strata,50,"17,560",-,Condominium,1,99 yrs lease commencing from 2012,05,Outside Central Region,06 to 10
THE TRILINQ,"860,000",538.2,"1,598",May-23,JALAN LEMPENG,Resale,Strata,50,"17,200",-,Condominium,1,99 yrs lease commencing from 2012,05,Outside Central Region,01 to 05
WATERFRONT @ FABER,"1,980,000","1,388.56","1,426",May-23,FABER WALK,Resale,Strata,129,"15,349",-,Apartment,1,99 yrs lease commencing from 2013,05,Outside Central Region,01 to 05
NORMANTON PARK,"1,550,000",775.01,"2,000",May-23,NORMANTON PARK,Sub Sale,Strata,72,"21,528",-,Apartment,1,99 yrs lease commencing from 2019,05,Rest of Central Region,16 to 20
VILLAGE @ PASIR PANJANG,"1,485,000",839.59,"1,769",May-23,PASIR PANJANG ROAD,Resale,Strata,78,"19,038",-,Condominium,1,Freehold,05,Rest of Central Region,01 to 05
WESTCOVE CONDOMINIUM,"1,170,000","1,119.46","1,045",May-23,WEST COAST CRESCENT,Resale,Strata,104,"11,250",-,Condominium,1,99 yrs lease commencing from 1995,05,Outside Central Region,01 to 05
WHISTLER GRAND,"860,000",505.91,"1,700",May-23,WEST COAST VALE,Resale,Strata,47,"18,298",-,Apartment,1,99 yrs lease commencing from 2018,05,Outside Central Region,01 to 05
WHISTLER GRAND,"1,130,000",613.55,"1,842",May-23,WEST COAST VALE,Resale,Strata,57,"19,825",-,Apartment,1,99 yrs lease commencing from 2018,05,Outside Central Region,01 to 05
PARC RIVIERA,"1,125,000",710.42,"1,584",May-23,WEST COAST VALE,Resale,Strata,66,"17,045",-,Condominium,1,99 yrs lease commencing from 2015,05,Outside Central Region,21 to 25
BIJOU,"1,030,000",548.96,"1,876",May-23,JALAN MAT JAMBOL,Resale,Strata,51,"20,196",-,Apartment,1,Freehold,05,Rest of Central Region,01 to 05
SEAHILL,"820,000",548.96,"1,494",May-23,WEST COAST CRESCENT,Resale,Strata,51,"16,078",-,Condominium,1,99 yrs lease commencing from 2011,05,Outside Central Region,06 to 10
WATERFRONT @ FABER,"1,068,000",699.66,"1,526",May-23,FABER WALK,Resale,Strata,65,"16,431",-,Apartment,1,99 yrs lease commencing from 2013,05,Outside Central Region,01 to 05
WEST BAY CONDOMINIUM,"980,000",850.36,"1,152",May-23,WEST COAST CRESCENT,Resale,Strata,79,"12,405",-,Condominium,1,99 yrs lease commencing from 1991,05,Outside Central Region,01 to 05
PARC RIVIERA,"2,090,000","1,184.04","1,765",May-23,WEST COAST VALE,Resale,Strata,110,"19,000",-,Condominium,1,99 yrs lease commencing from 2015,05,Outside Central Region,16 to 20
PARC RIVIERA,"1,122,000",710.42,"1,579",May-23,WEST COAST VALE,Resale,Strata,66,"17,000",-,Condominium,1,99 yrs lease commencing from 2015,05,Outside Central Region,26 to 30
WEST BAY CONDOMINIUM,"1,250,000","1,140.98","1,096",May-23,WEST COAST CRESCENT,Resale,Strata,106,"11,792",-,Condominium,1,99 yrs lease commencing from 1991,05,Outside Central Region,01 to 05
VILLAGE @ PASIR PANJANG,"1,738,000","1,011.82","1,718",May-23,PASIR PANJANG ROAD,Resale,Strata,94,"18,489",-,Condominium,1,Freehold,05,Rest of Central Region,01 to 05
PARC CLEMATIS,"1,418,888",742.72,"1,910",May-23,JALAN LEMPENG,Sub Sale,Strata,69,"20,564",-,Apartment,1,99 yrs lease commencing from 2019,05,Outside Central Region,11 to 15
THE TRILINQ,"890,000",538.2,"1,654",May-23,JALAN LEMPENG,Resale,Strata,50,"17,800",-,Condominium,1,99 yrs lease commencing from 2012,05,Outside Central Region,06 to 10
HERITAGE VIEW,"2,400,000","1,463.9","1,639",May-23,DOVER RISE,Resale,Strata,136,"17,647",-,Condominium,1,99 yrs lease commencing from 1996,05,Rest of Central Region,11 to 15
THE PEAK@BALMEG,"2,620,000","1,506.96","1,739",May-23,BALMEG HILL,Resale,Strata,140,"18,714",-,Condominium,1,Freehold,05,Rest of Central Region,01 to 05
THE MAYLEA,"1,570,000",968.76,"1,621",May-23,PASIR PANJANG ROAD,Resale,Strata,90,"17,444",-,Condominium,1,Freehold,05,Rest of Central Region,01 to 05
SEAHILL,"750,000",505.91,"1,482",May-23,WEST COAST CRESCENT,Resale,Strata,47,"15,957",-,Condominium,1,99 yrs lease commencing from 2011,05,Outside Central Region,01 to 05
HUNDRED TREES,"2,700,000","1,474.67","1,831",May-23,WEST COAST DRIVE,Resale,Strata,137,"19,708",-,Condominium,1,956 yrs lease commencing from 1928,05,Outside Central Region,06 to 10
WHISTLER GRAND,"1,120,000",602.78,"1,858",May-23,WEST COAST VALE,Resale,Strata,56,"20,000",-,Apartment,1,99 yrs lease commencing from 2018,05,Outside Central Region,11 to 15
WATERFRONT @ FABER,"1,668,000","1,076.4","1,550",May-23,FABER WALK,Resale,Strata,100,"16,680",-,Apartment,1,99 yrs lease commencing from 2013,05,Outside Central Region,01 to 05
HERITAGE VIEW,"1,345,000",968.76,"1,388",May-23,DOVER RISE,Resale,Strata,90,"14,944",-,Condominium,1,99 yrs lease commencing from 1996,05,Rest of Central Region,06 to 10
THE CLEMENT CANOPY,"2,018,888","1,108.69","1,821",May-23,CLEMENTI AVENUE 1,Resale,Strata,103,"19,601",-,Apartment,1,99 yrs lease commencing from 2016,05,Outside Central Region,21 to 25
THE CLEMENT CANOPY,"2,080,000","1,140.98","1,823",May-23,CLEMENTI AVENUE 1,Resale,Strata,106,"19,623",-,Apartment,1,99 yrs lease commencing from 2016,05,Outside Central Region,01 to 05
BLUE HORIZON,"1,550,000","1,162.51","1,333",May-23,WEST COAST CRESCENT,Resale,Strata,108,"14,352",-,Condominium,1,99 yrs lease commencing from 2000,05,Outside Central Region,06 to 10
HUNDRED TREES,"1,335,000",785.77,"1,699",May-23,WEST COAST DRIVE,Resale,Strata,73,"18,288",-,Condominium,1,956 yrs lease commencing from 1928,05,Outside Central Region,06 to 10
THE TRILINQ,"1,685,000",914.94,"1,842",May-23,JALAN LEMPENG,Resale,Strata,85,"19,824",-,Condominium,1,99 yrs lease commencing from 2012,05,Outside Central Region,21 to 25
WHITEHAVEN,"1,210,000","1,054.87","1,147",May-23,PASIR PANJANG ROAD,Resale,Strata,98,"12,347",-,Apartment,1,Freehold,05,Rest of Central Region,01 to 05
TWIN VEW,"820,000",484.38,"1,693",May-23,WEST COAST VALE,Resale,Strata,45,"18,222",-,Apartment,1,99 yrs lease commencing from 2017,05,Outside Central Region,01 to 05
THE ROCHESTER RESIDENCES,"1,420,000","1,140.98","1,245",May-23,ROCHESTER DRIVE,Resale,Strata,106,"13,396",-,Apartment,1,99 yrs lease commencing from 2005,05,Rest of Central Region,06 to 10
THE PEAK@BALMEG,"2,480,000","1,506.96","1,646",May-23,BALMEG HILL,Resale,Strata,140,"17,714",-,Condominium,1,Freehold,05,Rest of Central Region,01 to 05
PARC RIVIERA,"766,500",462.85,"1,656",May-23,WEST COAST VALE,Resale,Strata,43,"17,826",-,Condominium,1,99 yrs lease commencing from 2015,05,Outside Central Region,31 to 35
PARC RIVIERA,"1,490,000",990.29,"1,505",May-23,WEST COAST VALE,Resale,Strata,92,"16,196",-,Condominium,1,99 yrs lease commencing from 2015,05,Outside Central Region,16 to 20
WHISTLER GRAND,"2,628,000","1,463.9","1,795",May-23,WEST COAST VALE,Resale,Strata,136,"19,324",-,Apartment,1,99 yrs lease commencing from 2018,05,Outside Central Region,36 to 40
PALM MANSIONS,"1,420,000","1,151.75","1,233",May-23,PASIR PANJANG ROAD,Resale,Strata,107,"13,271",-,Apartment,1,Freehold,05,Rest of Central Region,01 to 05
TWIN VEW,"1,308,000",710.42,"1,841",May-23,WEST COAST VALE,Resale,Strata,66,"19,818",-,Apartment,1,99 yrs lease commencing from 2017,05,Outside Central Region,31 to 35
THE PEAK,"7,800,000","5,543.46","1,407",May-23,PEPYS ROAD,Resale,Strata,515,"15,146",-,Condominium,1,Freehold,05,Rest of Central Region,B1 to B5
THE ROCHESTER RESIDENCES,"3,060,000","1,948.28","1,571",May-23,ROCHESTER DRIVE,Resale,Strata,181,"16,906",-,Apartment,1,99 yrs lease commencing from 2005,05,Rest of Central Region,26 to 30
KENT RIDGE HILL RESIDENCES,"1,660,000",850.36,"1,952",May-23,SOUTH BUONA VISTA ROAD,Sub Sale,Strata,79,"21,013",-,Apartment,1,99 yrs lease commencing from 2018,05,Rest of Central Region,01 to 05
THE TRILINQ,"2,530,000","1,517.72","1,667",May-23,JALAN LEMPENG,Resale,Strata,141,"17,943",-,Condominium,1,99 yrs lease commencing from 2012,05,Outside Central Region,26 to 30
VILLAGE @ PASIR PANJANG,"1,770,000","1,011.82","1,749",May-23,PASIR PANJANG ROAD,Resale,Strata,94,"18,830",-,Condominium,1,Freehold,05,Rest of Central Region,01 to 05
THE CLEMENT CANOPY,"1,422,000",710.42,"2,002",May-23,CLEMENTI AVENUE 1,Resale,Strata,66,"21,545",-,Apartment,1,99 yrs lease commencing from 2016,05,Outside Central Region,36 to 40
THE PARC CONDOMINIUM,"2,050,000","1,216.33","1,685",May-23,WEST COAST WALK,Resale,Strata,113,"18,142",-,Condominium,1,Freehold,05,Outside Central Region,01 to 05
THE CASSANDRA,"2,670,000","2,228.15","1,198",May-23,PASIR PANJANG ROAD,Resale,Strata,207,"12,899",-,Apartment,1,Freehold,05,Rest of Central Region,01 to 05
VARSITY PARK CONDOMINIUM,"1,450,000","1,011.82","1,433",May-23,WEST COAST ROAD,Resale,Strata,94,"15,426",-,Condominium,1,99 yrs lease commencing from 2004,05,Outside Central Region,01 to 05
ONE-NORTH RESIDENCES,"1,550,000","1,280.92","1,210",May-23,ONE-NORTH GATEWAY,Resale,Strata,119,"13,025",-,Apartment,1,99 yrs lease commencing from 2005,05,Rest of Central Region,06 to 10
THE INFINITI,"2,000,000","1,345.5","1,486",May-23,WEST COAST PARK,Resale,Strata,125,"16,000",-,Condominium,1,Freehold,05,Outside Central Region,06 to 10
HERITAGE VIEW,"2,128,000","1,313.21","1,620",May-23,DOVER RISE,Resale,Strata,122,"17,443",-,Condominium,1,99 yrs lease commencing from 1996,05,Rest of Central Region,16 to 20
PARC RIVIERA,"780,000",462.85,"1,685",May-23,WEST COAST VALE,Resale,Strata,43,"18,140",-,Condominium,1,99 yrs lease commencing from 2015,05,Outside Central Region,06 to 10
THE CLEMENT CANOPY,"2,280,000","1,345.5","1,695",May-23,CLEMENTI AVENUE 1,Resale,Strata,125,"18,240",-,Apartment,1,99 yrs lease commencing from 2016,05,Outside Central Region,36 to 40
BLUE HORIZON,"1,325,000",968.76,"1,368",May-23,WEST COAST CRESCENT,Resale,Strata,90,"14,722",-,Condominium,1,99 yrs lease commencing from 2000,05,Outside Central Region,16 to 20
THE CLEMENT CANOPY,"1,825,000",990.29,"1,843",May-23,CLEMENTI AVENUE 1,Resale,Strata,92,"19,837",-,Apartment,1,99 yrs lease commencing from 2016,05,Outside Central Region,36 to 40
PARC RIVIERA,"950,000",602.78,"1,576",May-23,WEST COAST VALE,Resale,Strata,56,"16,964",-,Condominium,1,99 yrs lease commencing from 2015,05,Outside Central Region,06 to 10
HUNDRED TREES,"1,250,000",785.77,"1,591",May-23,WEST COAST DRIVE,Resale,Strata,73,"17,123",-,Condominium,1,956 yrs lease commencing from 1928,05,Outside Central Region,06 to 10
BLUE HORIZON,"1,448,000","1,151.75","1,257",May-23,WEST COAST CRESCENT,Resale,Strata,107,"13,533",-,Condominium,1,99 yrs lease commencing from 2000,05,Outside Central Region,11 to 15
THE INFINITI,"1,870,000","1,356.26","1,379",Apr-23,WEST COAST PARK,Resale,Strata,126,"14,841",-,Condominium,1,Freehold,05,Outside Central Region,01 to 05
PARC CLEMATIS,"1,910,000",914.94,"2,088",Apr-23,JALAN LEMPENG,Sub Sale,Strata,85,"22,471",-,Apartment,1,99 yrs lease commencing from 2019,05,Outside Central Region,16 to 20
WHISTLER GRAND,"1,218,000",624.31,"1,951",Apr-23,WEST COAST VALE,Resale,Strata,58,"21,000",-,Apartment,1,99 yrs lease commencing from 2018,05,Outside Central Region,11 to 15
BLUE HORIZON,"1,460,000","1,151.75","1,268",Apr-23,WEST COAST CRESCENT,Resale,Strata,107,"13,645",-,Condominium,1,99 yrs lease commencing from 2000,05,Outside Central Region,01 to 05
PARC IMPERIAL,"735,000",398.27,"1,845",Apr-23,PASIR PANJANG ROAD,Resale,Strata,37,"19,865",-,Condominium,1,Freehold,05,Rest of Central Region,01 to 05
THE STELLAR,"2,400,000","1,388.56","1,728",Apr-23,WEST COAST ROAD,Resale,Strata,129,"18,605",-,Condominium,1,Freehold,05,Outside Central Region,01 to 05
REGENT PARK,"1,058,000",914.94,"1,156",Apr-23,JALAN LEMPENG,Resale,Strata,85,"12,447",-,Condominium,1,99 yrs lease commencing from 1993,05,Outside Central Region,01 to 05
CARABELLE,"1,430,000",882.65,"1,620",Apr-23,WEST COAST WAY,Resale,Strata,82,"17,439",-,Condominium,1,956 yrs lease commencing from 1928,05,Outside Central Region,01 to 05
PARC CLEMATIS,"2,150,000","1,044.11","2,059",Apr-23,JALAN LEMPENG,Sub Sale,Strata,97,"22,165",-,Apartment,1,99 yrs lease commencing from 2019,05,Outside Central Region,16 to 20
BIJOU,"1,225,000",570.49,"2,147",Apr-23,JALAN MAT JAMBOL,Resale,Strata,53,"23,113",-,Apartment,1,Freehold,05,Rest of Central Region,01 to 05
HUNDRED TREES,"2,480,000","1,474.67","1,682",Apr-23,WEST COAST DRIVE,Resale,Strata,137,"18,102",-,Condominium,1,956 yrs lease commencing from 1928,05,Outside Central Region,01 to 05
LANDRIDGE CONDOMINIUM,"2,500,000","1,733","1,443",Apr-23,PASIR PANJANG ROAD,Resale,Strata,161,"15,528",-,Condominium,1,Freehold,05,Rest of Central Region,01 to 05
THE TRILINQ,"910,000",538.2,"1,691",Apr-23,JALAN LEMPENG,Resale,Strata,50,"18,200",-,Condominium,1,99 yrs lease commencing from 2012,05,Outside Central Region,16 to 20
BLUE HORIZON,"1,330,000",968.76,"1,373",Apr-23,WEST COAST CRESCENT,Resale,Strata,90,"14,778",-,Condominium,1,99 yrs lease commencing from 2000,05,Outside Central Region,16 to 20
ONE-NORTH RESIDENCES,"1,330,000","1,119.46","1,188",Apr-23,ONE-NORTH GATEWAY,Resale,Strata,104,"12,788",-,Apartment,1,99 yrs lease commencing from 2005,05,Rest of Central Region,01 to 05
PARC RIVIERA,"1,430,000",904.18,"1,582",Apr-23,WEST COAST VALE,Resale,Strata,84,"17,024",-,Condominium,1,99 yrs lease commencing from 2015,05,Outside Central Region,26 to 30
BLUE HORIZON,"1,490,000","1,151.75","1,294",Apr-23,WEST COAST CRESCENT,Resale,Strata,107,"13,925",-,Condominium,1,99 yrs lease commencing from 2000,05,Outside Central Region,11 to 15
PARC CLEMATIS,"1,378,000",688.9,"2,000",Apr-23,JALAN LEMPENG,Sub Sale,Strata,64,"21,531",-,Apartment,1,99 yrs lease commencing from 2019,05,Outside Central Region,16 to 20
KENT RIDGE HILL RESIDENCES,"930,000",473.62,"1,964",Apr-23,SOUTH BUONA VISTA ROAD,Sub Sale,Strata,44,"21,136",-,Apartment,1,99 yrs lease commencing from 2018,05,Rest of Central Region,01 to 05
PARC CLEMATIS,"870,000",452.09,"1,924",Apr-23,JALAN LEMPENG,Sub Sale,Strata,42,"20,714",-,Apartment,1,99 yrs lease commencing from 2019,05,Outside Central Region,01 to 05
NEWEST,"990,000",635.08,"1,559",Apr-23,WEST COAST DRIVE,Resale,Strata,59,"16,780",-,Apartment,1,956 yrs lease commencing from 1928,05,Outside Central Region,06 to 10
BAYVILLE CONDOMINIUM,"1,380,000","1,194.8","1,155",Apr-23,SOUTH BUONA VISTA ROAD,Resale,Strata,111,"12,432",-,Condominium,1,Freehold,05,Rest of Central Region,01 to 05
PARC RIVIERA,"1,585,000",990.29,"1,601",Apr-23,WEST COAST VALE,Resale,Strata,92,"17,228",-,Condominium,1,99 yrs lease commencing from 2015,05,Outside Central Region,31 to 35
TREASURE PLACE,"2,820,000","2,174.33","1,297",Apr-23,LORONG SARHAD,Resale,Strata,202,"13,960",-,Condominium,1,Freehold,05,Rest of Central Region,01 to 05
THE VISION,"2,050,000","1,313.21","1,561",Apr-23,WEST COAST CRESCENT,Resale,Strata,122,"16,803",-,Condominium,1,99 yrs lease commencing from 2008,05,Outside Central Region,21 to 25
WESTCOVE CONDOMINIUM,"1,150,000","1,140.98","1,008",Apr-23,WEST COAST CRESCENT,Resale,Strata,106,"10,849",-,Condominium,1,99 yrs lease commencing from 1995,05,Outside Central Region,01 to 05
PARC RIVIERA,"1,918,000","1,184.04","1,620",Apr-23,WEST COAST VALE,Resale,Strata,110,"17,436",-,Condominium,1,99 yrs lease commencing from 2015,05,Outside Central Region,11 to 15
WEST BAY CONDOMINIUM,"1,390,000","1,291.68","1,076",Apr-23,WEST COAST CRESCENT,Resale,Strata,120,"11,583",-,Condominium,1,99 yrs lease commencing from 1991,05,Outside Central Region,01 to 05
BLUE HORIZON,"1,470,000","1,151.75","1,276",Apr-23,WEST COAST CRESCENT,Resale,Strata,107,"13,738",-,Condominium,1,99 yrs lease commencing from 2000,05,Outside Central Region,11 to 15
ICON @ PASIR PANJANG,"968,888",602.78,"1,607",Apr-23,PASIR PANJANG ROAD,Resale,Strata,56,"17,302",-,Apartment,1,Freehold,05,Rest of Central Region,01 to 05
THE PARC CONDOMINIUM,"2,510,000","1,496.2","1,678",Apr-23,WEST COAST WALK,Resale,Strata,139,"18,058",-,Condominium,1,Freehold,05,Outside Central Region,11 to 15
THE TRILINQ,"1,750,000",914.94,"1,913",Apr-23,JALAN LEMPENG,Resale,Strata,85,"20,588",-,Condominium,1,99 yrs lease commencing from 2012,05,Outside Central Region,31 to 35
HERITAGE VIEW,"1,950,000","1,194.8","1,632",Apr-23,DOVER RISE,Resale,Strata,111,"17,568",-,Condominium,1,99 yrs lease commencing from 1996,05,Rest of Central Region,11 to 15
WHISTLER GRAND,"792,500",441.32,"1,796",Apr-23,WEST COAST VALE,Sub Sale,Strata,41,"19,329",-,Apartment,1,99 yrs lease commencing from 2018,05,Outside Central Region,01 to 05
THE TRILINQ,"850,000",538.2,"1,579",Apr-23,JALAN LEMPENG,Resale,Strata,50,"17,000",-,Condominium,1,99 yrs lease commencing from 2012,05,Outside Central Region,01 to 05
PARC RIVIERA,"1,038,000",645.84,"1,607",Apr-23,WEST COAST VALE,Resale,Strata,60,"17,300",-,Condominium,1,99 yrs lease commencing from 2015,05,Outside Central Region,26 to 30
SEAHILL,"1,420,000",861.12,"1,649",Apr-23,WEST COAST CRESCENT,Resale,Strata,80,"17,750",-,Condominium,1,99 yrs lease commencing from 2011,05,Outside Central Region,11 to 15
WHITEHAVEN,"950,000",538.2,"1,765",Apr-23,PASIR PANJANG ROAD,Resale,Strata,50,"19,000",-,Apartment,1,Freehold,05,Rest of Central Region,01 to 05
TWIN VEW,"2,000,000","1,184.04","1,689",Apr-23,WEST COAST VALE,Resale,Strata,110,"18,182",-,Apartment,1,99 yrs lease commencing from 2017,05,Outside Central Region,11 to 15
DOVER PARKVIEW,"1,280,000",936.47,"1,367",Apr-23,DOVER RISE,Resale,Strata,87,"14,713",-,Condominium,1,99 yrs lease commencing from 1993,05,Rest of Central Region,11 to 15
DOVER PARKVIEW,"1,200,000",968.76,"1,239",Apr-23,DOVER RISE,Resale,Strata,90,"13,333",-,Condominium,1,99 yrs lease commencing from 1993,05,Rest of Central Region,11 to 15
ONE-NORTH RESIDENCES,"920,000",592.02,"1,554",Apr-23,ONE-NORTH GATEWAY,Resale,Strata,55,"16,727",-,Apartment,1,99 yrs lease commencing from 2005,05,Rest of Central Region,06 to 10
THE PEAK@BALMEG,"4,150,000","2,508.01","1,655",Apr-23,BALMEG HILL,Resale,Strata,233,"17,811",-,Condominium,1,Freehold,05,Rest of Central Region,01 to 05
PARC CLEMATIS,"830,000",452.09,"1,836",Apr-23,JALAN LEMPENG,Sub Sale,Strata,42,"19,762",-,Apartment,1,99 yrs lease commencing from 2019,05,Outside Central Region,01 to 05
WHISTLER GRAND,"812,888",441.32,"1,842",Apr-23,WEST COAST VALE,Sub Sale,Strata,41,"19,827",-,Apartment,1,99 yrs lease commencing from 2018,05,Outside Central Region,06 to 10
THE TRILINQ,"880,000",538.2,"1,635",Apr-23,JALAN LEMPENG,Resale,Strata,50,"17,600",-,Condominium,1,99 yrs lease commencing from 2012,05,Outside Central Region,06 to 10
WHISTLER GRAND,"1,920,000","1,065.64","1,802",Apr-23,WEST COAST VALE,Sub Sale,Strata,99,"19,394",-,Apartment,1,99 yrs lease commencing from 2018,05,Outside Central Region,01 to 05
FRAGRANCE COURT,"1,905,000","1,442.38","1,321",Apr-23,YEW SIANG ROAD,Resale,Strata,134,"14,216",-,Apartment,1,Freehold,05,Rest of Central Region,01 to 05
CARABELLE,"1,850,000","1,130.22","1,637",Apr-23,WEST COAST WAY,Resale,Strata,105,"17,619",-,Condominium,1,956 yrs lease commencing from 1928,05,Outside Central Region,06 to 10
DOVER PARKVIEW,"1,280,000",968.76,"1,321",Mar-23,DOVER RISE,Resale,Strata,90,"14,222",-,Condominium,1,99 yrs lease commencing from 1993,05,Rest of Central Region,01 to 05
THE VISION,"2,001,000","1,302.44","1,536",Mar-23,WEST COAST CRESCENT,Resale,Strata,121,"16,537",-,Condominium,1,99 yrs lease commencing from 2008,05,Outside Central Region,06 to 10
WESTCOVE CONDOMINIUM,"1,160,000","1,087.16","1,067",Mar-23,WEST COAST CRESCENT,Resale,Strata,101,"11,485",-,Condominium,1,99 yrs lease commencing from 1995,05,Outside Central Region,01 to 05
THE SORRENTO,"718,000",441.32,"1,627",Mar-23,WEST COAST ROAD,Resale,Strata,41,"17,512",-,Condominium,1,Freehold,05,Outside Central Region,01 to 05
TWIN VEW,"900,000",570.49,"1,578",Mar-23,WEST COAST VALE,Resale,Strata,53,"16,981",-,Apartment,1,99 yrs lease commencing from 2017,05,Outside Central Region,01 to 05
CARABELLE,"1,400,000",882.65,"1,586",Mar-23,WEST COAST WAY,Resale,Strata,82,"17,073",-,Condominium,1,956 yrs lease commencing from 1928,05,Outside Central Region,01 to 05
PALISADES,"3,490,000","3,326.08","1,049",Mar-23,PASIR PANJANG ROAD,Resale,Strata,309,"11,294",-,Condominium,1,Freehold,05,Rest of Central Region,01 to 05
HERITAGE VIEW,"1,880,000","1,194.8","1,573",Mar-23,DOVER RISE,Resale,Strata,111,"16,937",-,Condominium,1,99 yrs lease commencing from 1996,05,Rest of Central Region,01 to 05
THE CLEMENT CANOPY,"1,700,000",990.29,"1,717",Mar-23,CLEMENTI AVENUE 1,Resale,Strata,92,"18,478",-,Apartment,1,99 yrs lease commencing from 2016,05,Outside Central Region,06 to 10
THE TRILINQ,"1,658,000",914.94,"1,812",Mar-23,JALAN LEMPENG,Resale,Strata,85,"19,506",-,Condominium,1,99 yrs lease commencing from 2012,05,Outside Central Region,06 to 10
BOTANNIA,"2,000,000","1,216.33","1,644",Mar-23,WEST COAST PARK,Resale,Strata,113,"17,699",-,Condominium,1,956 yrs lease commencing from 1928,05,Outside Central Region,01 to 05
WATERFRONT @ FABER,"1,000,000",710.42,"1,408",Mar-23,FABER WALK,Resale,Strata,66,"15,152",-,Apartment,1,99 yrs lease commencing from 2013,05,Outside Central Region,01 to 05
THE STELLAR,"2,635,000","2,206.62","1,194",Mar-23,WEST COAST ROAD,Resale,Strata,205,"12,854",-,Condominium,1,Freehold,05,Outside Central Region,01 to 05
PARC RIVIERA,"1,015,000",645.84,"1,572",Mar-23,WEST COAST VALE,Resale,Strata,60,"16,917",-,Condominium,1,99 yrs lease commencing from 2015,05,Outside Central Region,06 to 10
WESTCOVE CONDOMINIUM,"1,200,000","1,130.22","1,062",Mar-23,WEST COAST CRESCENT,Resale,Strata,105,"11,429",-,Condominium,1,99 yrs lease commencing from 1995,05,Outside Central Region,01 to 05
PARC CLEMATIS,"1,380,000",721.19,"1,914",Mar-23,JALAN LEMPENG,Sub Sale,Strata,67,"20,597",-,Apartment,1,99 yrs lease commencing from 2019,05,Outside Central Region,11 to 15
HORIZON RESIDENCES,"2,550,000","1,474.67","1,729",Mar-23,PASIR PANJANG HILL,Resale,Strata,137,"18,613",-,Condominium,1,Freehold,05,Rest of Central Region,01 to 05
BLUE HORIZON,"1,570,000","1,162.51","1,351",Mar-23,WEST COAST CRESCENT,Resale,Strata,108,"14,537",-,Condominium,1,99 yrs lease commencing from 2000,05,Outside Central Region,16 to 20
THE TRILINQ,"1,650,000",914.94,"1,803",Mar-23,JALAN LEMPENG,Resale,Strata,85,"19,412",-,Condominium,1,99 yrs lease commencing from 2012,05,Outside Central Region,06 to 10
HORIZON RESIDENCES,"1,738,000","1,001.05","1,736",Mar-23,PASIR PANJANG HILL,Resale,Strata,93,"18,688",-,Condominium,1,Freehold,05,Rest of Central Region,01 to 05
SEAHILL,"800,000",527.44,"1,517",Mar-23,WEST COAST CRESCENT,Resale,Strata,49,"16,327",-,Condominium,1,99 yrs lease commencing from 2011,05,Outside Central Region,16 to 20
PARC CLEMATIS,"980,000",624.31,"1,570",Mar-23,JALAN LEMPENG,Sub Sale,Strata,58,"16,897",-,Apartment,1,99 yrs lease commencing from 2019,05,Outside Central Region,21 to 25
PARC RIVIERA,"950,000",602.78,"1,576",Mar-23,WEST COAST VALE,Resale,Strata,56,"16,964",-,Condominium,1,99 yrs lease commencing from 2015,05,Outside Central Region,21 to 25
THE PARC CONDOMINIUM,"2,020,000","1,216.33","1,661",Mar-23,WEST COAST WALK,Resale,Strata,113,"17,876",-,Condominium,1,Freehold,05,Outside Central Region,11 to 15
THE TRILINQ,"1,230,000",710.42,"1,731",Mar-23,JALAN LEMPENG,Resale,Strata,66,"18,636",-,Condominium,1,99 yrs lease commencing from 2012,05,Outside Central Region,11 to 15
PARC CLEMATIS,"1,860,000",893.41,"2,082",Mar-23,JALAN LEMPENG,Sub Sale,Strata,83,"22,410",-,Apartment,1,99 yrs lease commencing from 2019,05,Outside Central Region,06 to 10
RESIDENTIAL APARTMENTS,"1,150,000","1,022.58","1,125",Mar-23,PASIR PANJANG ROAD,Resale,Strata,95,"12,105",-,Apartment,1,999 yrs lease commencing from 1966,05,Rest of Central Region,01 to 05
THE VERANDAH RESIDENCES,"1,298,000",656.6,"1,977",Mar-23,PASIR PANJANG ROAD,Sub Sale,Strata,61,"21,279",-,Apartment,1,Freehold,05,Rest of Central Region,01 to 05
THE ORIENT,"1,330,000",721.19,"1,844",Mar-23,PASIR PANJANG ROAD,Resale,Strata,67,"19,851",-,Apartment,1,Freehold,05,Rest of Central Region,01 to 05
LE HILL CONDOMINIUM,"1,600,000","1,216.33","1,315",Mar-23,PASIR PANJANG HILL,Resale,Strata,113,"14,159",-,Condominium,1,Freehold,05,Rest of Central Region,01 to 05
SEASUITES,"2,350,000","1,410.08","1,667",Mar-23,PASIR PANJANG ROAD,Resale,Strata,131,"17,939",-,Apartment,1,Freehold,05,Rest of Central Region,01 to 05
WATERFRONT @ FABER,"1,602,000","1,065.64","1,503",Mar-23,FABER WALK,Resale,Strata,99,"16,182",-,Apartment,1,99 yrs lease commencing from 2013,05,Outside Central Region,01 to 05
SEASUITES,"1,400,000",893.41,"1,567",Mar-23,PASIR PANJANG ROAD,Resale,Strata,83,"16,867",-,Apartment,1,Freehold,05,Rest of Central Region,01 to 05
DOVER PARKVIEW,"1,700,000","1,636.13","1,039",Mar-23,DOVER RISE,Resale,Strata,152,"11,184",-,Condominium,1,99 yrs lease commencing from 1993,05,Rest of Central Region,01 to 05
CLEMENTIWOODS CONDOMINIUM,"2,288,000","1,625.36","1,408",Mar-23,WEST COAST ROAD,Resale,Strata,151,"15,152",-,Condominium,1,99 yrs lease commencing from 2006,05,Outside Central Region,01 to 05
WEST BAY CONDOMINIUM,"1,350,000","1,248.62","1,081",Mar-23,WEST COAST CRESCENT,Resale,Strata,116,"11,638",-,Condominium,1,99 yrs lease commencing from 1991,05,Outside Central Region,01 to 05
HUNDRED TREES,"2,475,000","1,474.67","1,678",Mar-23,WEST COAST DRIVE,Resale,Strata,137,"18,066",-,Condominium,1,956 yrs lease commencing from 1928,05,Outside Central Region,01 to 05
PARC CLEMATIS,"1,350,000",742.72,"1,818",Mar-23,JALAN LEMPENG,Sub Sale,Strata,69,"19,565",-,Apartment,1,99 yrs lease commencing from 2019,05,Outside Central Region,16 to 20
PARC CLEMATIS,"2,130,000","1,076.4","1,979",Mar-23,JALAN LEMPENG,Sub Sale,Strata,100,"21,300",-,Apartment,1,99 yrs lease commencing from 2019,05,Outside Central Region,21 to 25
TWIN VEW,"1,240,000",710.42,"1,745",Mar-23,WEST COAST VALE,Resale,Strata,66,"18,788",-,Apartment,1,99 yrs lease commencing from 2017,05,Outside Central Region,21 to 25
THE ROCHESTER RESIDENCES,"2,050,000","1,302.44","1,574",Mar-23,ROCHESTER DRIVE,Resale,Strata,121,"16,942",-,Apartment,1,99 yrs lease commencing from 2005,05,Rest of Central Region,16 to 20
FABER CREST,"2,050,000","1,733","1,183",Mar-23,FABER HEIGHTS,Resale,Strata,161,"12,733",-,Condominium,1,99 yrs lease commencing from 1996,05,Outside Central Region,01 to 05
WHISTLER GRAND,"1,798,888",990.29,"1,817",Mar-23,WEST COAST VALE,Sub Sale,Strata,92,"19,553",-,Apartment,1,99 yrs lease commencing from 2018,05,Outside Central Region,16 to 20
THE VERANDAH RESIDENCES,"1,330,000",753.48,"1,765",Mar-23,PASIR PANJANG ROAD,Sub Sale,Strata,70,"19,000",-,Apartment,1,Freehold,05,Rest of Central Region,01 to 05
PARC RIVIERA,"1,040,000",645.84,"1,610",Mar-23,WEST COAST VALE,Resale,Strata,60,"17,333",-,Condominium,1,99 yrs lease commencing from 2015,05,Outside Central Region,31 to 35
ISLAND VIEW,"4,600,000","3,498.3","1,315",Mar-23,JALAN MAT JAMBOL,Resale,Strata,325,"14,154",-,Condominium,1,Freehold,05,Rest of Central Region,01 to 05
WEST BAY CONDOMINIUM,"930,000",893.41,"1,041",Mar-23,WEST COAST CRESCENT,Resale,Strata,83,"11,205",-,Condominium,1,99 yrs lease commencing from 1991,05,Outside Central Region,06 to 10
CLEMENTIWOODS CONDOMINIUM,"2,050,000","1,388.56","1,476",Mar-23,WEST COAST ROAD,Resale,Strata,129,"15,891",-,Condominium,1,99 yrs lease commencing from 2006,05,Outside Central Region,01 to 05
THE PEAK@BALMEG,"2,570,000","1,711.48","1,502",Mar-23,BALMEG HILL,Resale,Strata,159,"16,164",-,Condominium,1,Freehold,05,Rest of Central Region,01 to 05
THE CLEMENT CANOPY,"1,660,000",990.29,"1,676",Mar-23,CLEMENTI AVENUE 1,Resale,Strata,92,"18,043",-,Apartment,1,99 yrs lease commencing from 2016,05,Outside Central Region,01 to 05
BLUE HORIZON,"1,350,000",968.76,"1,394",Mar-23,WEST COAST CRESCENT,Resale,Strata,90,"15,000",-,Condominium,1,99 yrs lease commencing from 2000,05,Outside Central Region,21 to 25
HUNDRED TREES,"3,000,000","1,894.46","1,584",Mar-23,WEST COAST DRIVE,Resale,Strata,176,"17,045",-,Condominium,1,956 yrs lease commencing from 1928,05,Outside Central Region,01 to 05
REGENT PARK,"1,050,000",807.3,"1,301",Mar-23,JALAN LEMPENG,Resale,Strata,75,"14,000",-,Condominium,1,99 yrs lease commencing from 1993,05,Outside Central Region,06 to 10
THE PEAK@BALMEG,"2,600,000","1,711.48","1,519",Mar-23,BALMEG HILL,Resale,Strata,159,"16,352",-,Condominium,1,Freehold,05,Rest of Central Region,01 to 05
TWIN VEW,"820,000",484.38,"1,693",Mar-23,WEST COAST VALE,Resale,Strata,45,"18,222",-,Apartment,1,99 yrs lease commencing from 2017,05,Outside Central Region,06 to 10
WATERFRONT @ FABER,"1,120,000",753.48,"1,486",Mar-23,FABER WALK,Resale,Strata,70,"16,000",-,Apartment,1,99 yrs lease commencing from 2013,05,Outside Central Region,01 to 05
PARC RIVIERA,"1,090,000",710.42,"1,534",Mar-23,WEST COAST VALE,Resale,Strata,66,"16,515",-,Condominium,1,99 yrs lease commencing from 2015,05,Outside Central Region,31 to 35
SEAHILL,"980,000",667.37,"1,468",Mar-23,WEST COAST CRESCENT,Resale,Strata,62,"15,806",-,Condominium,1,99 yrs lease commencing from 2011,05,Outside Central Region,21 to 25
VARSITY PARK CONDOMINIUM,"1,960,000","1,399.32","1,401",Mar-23,WEST COAST ROAD,Resale,Strata,130,"15,077",-,Condominium,1,99 yrs lease commencing from 2004,05,Outside Central Region,01 to 05
CLEMENTIWOODS CONDOMINIUM,"2,380,000","1,883.7","1,263",Mar-23,WEST COAST ROAD,Resale,Strata,175,"13,600",-,Condominium,1,99 yrs lease commencing from 2006,05,Outside Central Region,01 to 05
THE TRILINQ,"940,000",538.2,"1,747",Mar-23,JALAN LEMPENG,Resale,Strata,50,"18,800",-,Condominium,1,99 yrs lease commencing from 2012,05,Outside Central Region,26 to 30
WHISTLER GRAND,"1,420,000",764.24,"1,858",Mar-23,WEST COAST VALE,Sub Sale,Strata,71,"20,000",-,Apartment,1,99 yrs lease commencing from 2018,05,Outside Central Region,11 to 15
HERITAGE VIEW,"1,820,000","1,194.8","1,523",Mar-23,DOVER RISE,Resale,Strata,111,"16,396",-,Condominium,1,99 yrs lease commencing from 1996,05,Rest of Central Region,06 to 10
DOVER PARKVIEW,"1,655,000","1,248.62","1,325",Mar-23,DOVER RISE,Resale,Strata,116,"14,267",-,Condominium,1,99 yrs lease commencing from 1993,05,Rest of Central Region,01 to 05
SEAHILL,"975,000",667.37,"1,461",Mar-23,WEST COAST CRESCENT,Resale,Strata,62,"15,726",-,Condominium,1,99 yrs lease commencing from 2011,05,Outside Central Region,21 to 25
THE TRILINQ,"4,120,000","3,961.15","1,040",Mar-23,JALAN LEMPENG,Resale,Strata,368,"11,196",-,Condominium,1,99 yrs lease commencing from 2012,05,Outside Central Region,36 to 40
NEWEST,"2,552,000","2,551.07","1,000",Mar-23,WEST COAST DRIVE,Resale,Strata,237,"10,768",-,Apartment,1,956 yrs lease commencing from 1928,05,Outside Central Region,01 to 05
MONTEREY PARK CONDOMINIUM,"2,170,000","1,367.03","1,587",Mar-23,WEST COAST RISE,Resale,Strata,127,"17,087",-,Condominium,1,999 yrs lease commencing from 1885,05,Outside Central Region,06 to 10
BLUE HORIZON,"1,218,000",936.47,"1,301",Feb-23,WEST COAST CRESCENT,Resale,Strata,87,"14,000",-,Condominium,1,99 yrs lease commencing from 2000,05,Outside Central Region,11 to 15
CARABELLE,"1,350,000",882.65,"1,529",Feb-23,WEST COAST WAY,Resale,Strata,82,"16,463",-,Condominium,1,956 yrs lease commencing from 1928,05,Outside Central Region,01 to 05
PARC CLEMATIS,"1,688,000",828.83,"2,037",Feb-23,JALAN LEMPENG,Sub Sale,Strata,77,"21,922",-,Apartment,1,99 yrs lease commencing from 2019,05,Outside Central Region,11 to 15
THE CLEMENT CANOPY,"2,450,000","1,345.5","1,821",Feb-23,CLEMENTI AVENUE 1,Resale,Strata,125,"19,600",-,Apartment,1,99 yrs lease commencing from 2016,05,Outside Central Region,21 to 25
PARC CLEMATIS,"988,000",516.67,"1,912",Feb-23,JALAN LEMPENG,Sub Sale,Strata,48,"20,583",-,Apartment,1,99 yrs lease commencing from 2019,05,Outside Central Region,21 to 25
THE TRILINQ,"1,210,000",710.42,"1,703",Feb-23,JALAN LEMPENG,Resale,Strata,66,"18,333",-,Condominium,1,99 yrs lease commencing from 2012,05,Outside Central Region,01 to 05
FABER HILLS,"2,000,000","1,668.42","1,199",Feb-23,FABER DRIVE,Resale,Strata,155,"12,903",-,Apartment,1,Freehold,05,Outside Central Region,01 to 05
THE MAYLEA,"2,288,000","1,679.18","1,363",Feb-23,PASIR PANJANG ROAD,Resale,Strata,156,"14,667",-,Condominium,1,Freehold,05,Rest of Central Region,01 to 05
TWIN VEW,"1,235,000",742.72,"1,663",Feb-23,WEST COAST VALE,Resale,Strata,69,"17,899",-,Apartment,1,99 yrs lease commencing from 2017,05,Outside Central Region,06 to 10
WHITEHAVEN,"1,320,000",785.77,"1,680",Feb-23,PASIR PANJANG ROAD,Resale,Strata,73,"18,082",-,Apartment,1,Freehold,05,Rest of Central Region,01 to 05
PARC RIVIERA,"1,120,000",710.42,"1,577",Feb-23,WEST COAST VALE,Resale,Strata,66,"16,970",-,Condominium,1,99 yrs lease commencing from 2015,05,Outside Central Region,01 to 05
THE SORRENTO,"1,220,000",710.42,"1,717",Feb-23,WEST COAST ROAD,Resale,Strata,66,"18,485",-,Condominium,1,Freehold,05,Outside Central Region,01 to 05
VARSITY PARK CONDOMINIUM,"2,100,000","1,453.14","1,445",Feb-23,WEST COAST ROAD,Resale,Strata,135,"15,556",-,Condominium,1,99 yrs lease commencing from 2004,05,Outside Central Region,01 to 05
PARC RIVIERA,"999,000",645.84,"1,547",Feb-23,WEST COAST VALE,Resale,Strata,60,"16,650",-,Condominium,1,99 yrs lease commencing from 2015,05,Outside Central Region,16 to 20
THE VISION,"2,528,000","1,603.84","1,576",Feb-23,WEST COAST CRESCENT,Resale,Strata,149,"16,966",-,Condominium,1,99 yrs lease commencing from 2008,05,Outside Central Region,16 to 20
THE PARC CONDOMINIUM,"1,860,000","1,216.33","1,529",Feb-23,WEST COAST WALK,Resale,Strata,113,"16,460",-,Condominium,1,Freehold,05,Outside Central Region,16 to 20
REGENT PARK,"1,018,000",904.18,"1,126",Feb-23,JALAN LEMPENG,Resale,Strata,84,"12,119",-,Condominium,1,99 yrs lease commencing from 1993,05,Outside Central Region,01 to 05
THE SPECTRUM,"2,188,000","1,883.7","1,162",Feb-23,PASIR PANJANG ROAD,Resale,Strata,175,"12,503",-,Condominium,1,Freehold,05,Rest of Central Region,01 to 05
ONE-NORTH RESIDENCES,"2,165,000","1,334.74","1,622",Feb-23,ONE-NORTH GATEWAY,Resale,Strata,124,"17,460",-,Apartment,1,99 yrs lease commencing from 2005,05,Rest of Central Region,11 to 15
MURANO,"1,388,888","1,054.87","1,317",Feb-23,PASIR PANJANG ROAD,Resale,Strata,98,"14,172",-,Apartment,1,Freehold,05,Rest of Central Region,01 to 05
SEAHILL,"735,000",495.14,"1,484",Feb-23,WEST COAST CRESCENT,Resale,Strata,46,"15,978",-,Condominium,1,99 yrs lease commencing from 2011,05,Outside Central Region,11 to 15
PARC RIVIERA,"740,000",462.85,"1,599",Feb-23,WEST COAST VALE,Resale,Strata,43,"17,209",-,Condominium,1,99 yrs lease commencing from 2015,05,Outside Central Region,21 to 25
WEST BAY CONDOMINIUM,"1,380,000","1,291.68","1,068",Feb-23,WEST COAST CRESCENT,Resale,Strata,120,"11,500",-,Condominium,1,99 yrs lease commencing from 1991,05,Outside Central Region,01 to 05
WHISTLER GRAND,"1,670,000",958,"1,743",Feb-23,WEST COAST VALE,Sub Sale,Strata,89,"18,764",-,Apartment,1,99 yrs lease commencing from 2018,05,Outside Central Region,06 to 10
DOVER PARKVIEW,"1,280,000",936.47,"1,367",Feb-23,DOVER RISE,Resale,Strata,87,"14,713",-,Condominium,1,99 yrs lease commencing from 1993,05,Rest of Central Region,11 to 15
VARSITY PARK CONDOMINIUM,"2,250,000","1,636.13","1,375",Feb-23,WEST COAST ROAD,Resale,Strata,152,"14,803",-,Condominium,1,99 yrs lease commencing from 2004,05,Outside Central Region,01 to 05
KENT RIDGE HILL RESIDENCES,"1,908,000",958,"1,992",Feb-23,SOUTH BUONA VISTA ROAD,Sub Sale,Strata,89,"21,438",-,Apartment,1,99 yrs lease commencing from 2018,05,Rest of Central Region,01 to 05
THE MAYLEA,"845,000",495.14,"1,707",Feb-23,PASIR PANJANG ROAD,Resale,Strata,46,"18,370",-,Condominium,1,Freehold,05,Rest of Central Region,01 to 05
VENTANA,"1,388,000",968.76,"1,433",Feb-23,PASIR PANJANG HILL,Resale,Strata,90,"15,422",-,Apartment,1,Freehold,05,Rest of Central Region,01 to 05
PARC RIVIERA,"706,000",462.85,"1,525",Feb-23,WEST COAST VALE,Resale,Strata,43,"16,419",-,Condominium,1,99 yrs lease commencing from 2015,05,Outside Central Region,06 to 10
WHISTLER GRAND,"1,418,888",764.24,"1,857",Feb-23,WEST COAST VALE,Sub Sale,Strata,71,"19,984",-,Apartment,1,99 yrs lease commencing from 2018,05,Outside Central Region,16 to 20
ONE-NORTH RESIDENCES,"940,000",592.02,"1,588",Feb-23,ONE-NORTH GATEWAY,Resale,Strata,55,"17,091",-,Apartment,1,99 yrs lease commencing from 2005,05,Rest of Central Region,06 to 10
THE ROCHESTER RESIDENCES,"1,875,000","1,205.57","1,555",Feb-23,ROCHESTER DRIVE,Resale,Strata,112,"16,741",-,Apartment,1,99 yrs lease commencing from 2005,05,Rest of Central Region,16 to 20
SEAHILL,"928,000",667.37,"1,391",Feb-23,WEST COAST CRESCENT,Resale,Strata,62,"14,968",-,Condominium,1,99 yrs lease commencing from 2011,05,Outside Central Region,11 to 15
THE TRILINQ,"2,120,000","1,356.26","1,563",Feb-23,JALAN LEMPENG,Resale,Strata,126,"16,825",-,Condominium,1,99 yrs lease commencing from 2012,05,Outside Central Region,06 to 10
MENDON SPRING,"1,288,000","1,054.87","1,221",Feb-23,PASIR PANJANG ROAD,Resale,Strata,98,"13,143",-,Apartment,1,Freehold,05,Rest of Central Region,01 to 05
BLUE HORIZON,"1,560,000","1,216.33","1,283",Feb-23,WEST COAST CRESCENT,Resale,Strata,113,"13,805",-,Condominium,1,99 yrs lease commencing from 2000,05,Outside Central Region,06 to 10
PARC CLEMATIS,"1,830,000",914.94,"2,000",Feb-23,JALAN LEMPENG,Sub Sale,Strata,85,"21,529",-,Apartment,1,99 yrs lease commencing from 2019,05,Outside Central Region,11 to 15
CARABELLE,"1,530,000",947.23,"1,615",Feb-23,WEST COAST WAY,Resale,Strata,88,"17,386",-,Condominium,1,956 yrs lease commencing from 1928,05,Outside Central Region,06 to 10
FABER CREST,"1,150,000","1,011.82","1,137",Feb-23,FABER HEIGHTS,Resale,Strata,94,"12,234",-,Condominium,1,99 yrs lease commencing from 1996,05,Outside Central Region,01 to 05
VILLAGE @ PASIR PANJANG,"1,660,000","1,087.16","1,527",Feb-23,PASIR PANJANG ROAD,Resale,Strata,101,"16,436",-,Condominium,1,Freehold,05,Rest of Central Region,01 to 05
VARSITY PARK CONDOMINIUM,"1,420,000","1,011.82","1,403",Feb-23,WEST COAST ROAD,Resale,Strata,94,"15,106",-,Condominium,1,99 yrs lease commencing from 2004,05,Outside Central Region,01 to 05
HERITAGE VIEW,"1,828,000","1,194.8","1,530",Jan-23,DOVER RISE,Resale,Strata,111,"16,468",-,Condominium,1,99 yrs lease commencing from 1996,05,Rest of Central Region,06 to 10
WEST BAY CONDOMINIUM,"1,300,000","1,248.62","1,041",Jan-23,WEST COAST CRESCENT,Resale,Strata,116,"11,207",-,Condominium,1,99 yrs lease commencing from 1991,05,Outside Central Region,01 to 05
THE CLEMENT CANOPY,"1,778,000",990.29,"1,795",Jan-23,CLEMENTI AVENUE 1,Resale,Strata,92,"19,326",-,Apartment,1,99 yrs lease commencing from 2016,05,Outside Central Region,26 to 30
WHISTLER GRAND,"2,300,000","1,280.92","1,796",Jan-23,WEST COAST VALE,Sub Sale,Strata,119,"19,328",-,Apartment,1,99 yrs lease commencing from 2018,05,Outside Central Region,26 to 30
THE VISION,"1,380,000",904.18,"1,526",Jan-23,WEST COAST CRESCENT,Resale,Strata,84,"16,429",-,Condominium,1,99 yrs lease commencing from 2008,05,Outside Central Region,16 to 20
BLUE HORIZON,"1,408,888","1,162.51","1,212",Jan-23,WEST COAST CRESCENT,Resale,Strata,108,"13,045",-,Condominium,1,99 yrs lease commencing from 2000,05,Outside Central Region,06 to 10
CARABELLE,"1,520,000",947.23,"1,605",Jan-23,WEST COAST WAY,Resale,Strata,88,"17,273",-,Condominium,1,956 yrs lease commencing from 1928,05,Outside Central Region,11 to 15
THE VERANDAH RESIDENCES,"958,888",462.85,"2,072",Jan-23,PASIR PANJANG ROAD,Sub Sale,Strata,43,"22,300",-,Apartment,1,Freehold,05,Rest of Central Region,01 to 05
HERITAGE VIEW,"1,965,000","1,313.21","1,496",Jan-23,DOVER RISE,Resale,Strata,122,"16,107",-,Condominium,1,99 yrs lease commencing from 1996,05,Rest of Central Region,16 to 20
MONTEREY PARK CONDOMINIUM,"2,200,000","1,367.03","1,609",Jan-23,WEST COAST RISE,Resale,Strata,127,"17,323",-,Condominium,1,999 yrs lease commencing from 1885,05,Outside Central Region,06 to 10
HERITAGE VIEW,"1,968,888","1,313.21","1,499",Jan-23,DOVER RISE,Resale,Strata,122,"16,138",-,Condominium,1,99 yrs lease commencing from 1996,05,Rest of Central Region,16 to 20
NEWEST,"2,550,000","2,551.07","1,000",Jan-23,WEST COAST DRIVE,Resale,Strata,237,"10,759",-,Apartment,1,956 yrs lease commencing from 1928,05,Outside Central Region,01 to 05
WHISTLER GRAND,"1,900,000","1,065.64","1,783",Jan-23,WEST COAST VALE,Sub Sale,Strata,99,"19,192",-,Apartment,1,99 yrs lease commencing from 2018,05,Outside Central Region,31 to 35
THE ROCHESTER RESIDENCES,"1,880,000","1,302.44","1,443",Jan-23,ROCHESTER DRIVE,Resale,Strata,121,"15,537",-,Apartment,1,99 yrs lease commencing from 2005,05,Rest of Central Region,16 to 20
THE PARC CONDOMINIUM,"2,050,000","1,216.33","1,685",Jan-23,WEST COAST WALK,Resale,Strata,113,"18,142",-,Condominium,1,Freehold,05,Outside Central Region,16 to 20
THE TRILINQ,"1,230,000",710.42,"1,731",Jan-23,JALAN LEMPENG,Resale,Strata,66,"18,636",-,Condominium,1,99 yrs lease commencing from 2012,05,Outside Central Region,11 to 15
DOVER PARKVIEW,"1,260,000",936.47,"1,345",Jan-23,DOVER RISE,Resale,Strata,87,"14,483",-,Condominium,1,99 yrs lease commencing from 1993,05,Rest of Central Region,01 to 05
PARC RIVIERA,"950,000",602.78,"1,576",Jan-23,WEST COAST VALE,Resale,Strata,56,"16,964",-,Condominium,1,99 yrs lease commencing from 2015,05,Outside Central Region,21 to 25
SEAHILL,"705,000",505.91,"1,394",Jan-23,WEST COAST CRESCENT,Resale,Strata,47,"15,000",-,Condominium,1,99 yrs lease commencing from 2011,05,Outside Central Region,01 to 05
THE CLEMENT CANOPY,"1,230,000",656.6,"1,873",Jan-23,CLEMENTI AVENUE 1,Resale,Strata,61,"20,164",-,Apartment,1,99 yrs lease commencing from 2016,05,Outside Central Region,36 to 40
BLUE HORIZON,"1,510,000","1,216.33","1,241",Jan-23,WEST COAST CRESCENT,Resale,Strata,113,"13,363",-,Condominium,1,99 yrs lease commencing from 2000,05,Outside Central Region,16 to 20
THE ROCHESTER RESIDENCES,"2,720,000","1,700.71","1,599",Jan-23,ROCHESTER DRIVE,Resale,Strata,158,"17,215",-,Apartment,1,99 yrs lease commencing from 2005,05,Rest of Central Region,16 to 20
WHISTLER GRAND,"850,000",441.32,"1,926",Jan-23,WEST COAST VALE,Sub Sale,Strata,41,"20,732",-,Apartment,1,99 yrs lease commencing from 2018,05,Outside Central Region,26 to 30
THE CLEMENT CANOPY,"1,220,000",656.6,"1,858",Jan-23,CLEMENTI AVENUE 1,Resale,Strata,61,"20,000",-,Apartment,1,99 yrs lease commencing from 2016,05,Outside Central Region,31 to 35
CARABELLE,"1,650,000","1,151.75","1,433",Dec-22,WEST COAST WAY,Resale,Strata,107,"15,421",-,Condominium,1,956 yrs lease commencing from 1928,05,Outside Central Region,01 to 05
TWIN VEW,"850,000",484.38,"1,755",Dec-22,WEST COAST VALE,Resale,Strata,45,"18,889",-,Apartment,1,99 yrs lease commencing from 2017,05,Outside Central Region,16 to 20
THE VISION,"1,918,000","1,259.39","1,523",Dec-22,WEST COAST CRESCENT,Resale,Strata,117,"16,393",-,Condominium,1,99 yrs lease commencing from 2008,05,Outside Central Region,31 to 35
HERITAGE VIEW,"1,480,000",968.76,"1,528",Dec-22,DOVER RISE,Resale,Strata,90,"16,444",-,Condominium,1,99 yrs lease commencing from 1996,05,Rest of Central Region,06 to 10
NEWEST,"2,476,666","2,400.37","1,032",Dec-22,WEST COAST DRIVE,Resale,Strata,223,"11,106",-,Apartment,1,956 yrs lease commencing from 1928,05,Outside Central Region,01 to 05
THE PARC CONDOMINIUM,"2,120,000","1,302.44","1,628",Dec-22,WEST COAST WALK,Resale,Strata,121,"17,521",-,Condominium,1,Freehold,05,Outside Central Region,11 to 15
24 ONE RESIDENCES,"950,000",484.38,"1,961",Dec-22,PASIR PANJANG ROAD,Resale,Strata,45,"21,111",-,Apartment,1,Freehold,05,Rest of Central Region,01 to 05
ONE-NORTH RESIDENCES,"1,370,000",958,"1,430",Dec-22,ONE-NORTH GATEWAY,Resale,Strata,89,"15,393",-,Apartment,1,99 yrs lease commencing from 2005,05,Rest of Central Region,06 to 10
SEAHILL,"1,390,000",861.12,"1,614",Dec-22,WEST COAST CRESCENT,Resale,Strata,80,"17,375",-,Condominium,1,99 yrs lease commencing from 2011,05,Outside Central Region,11 to 15
VIVA VISTA,"1,100,000",731.95,"1,503",Dec-22,SOUTH BUONA VISTA ROAD,Resale,Strata,68,"16,176",-,Apartment,1,Freehold,05,Rest of Central Region,01 to 05
HUNDRED TREES,"1,380,000",914.94,"1,508",Dec-22,WEST COAST DRIVE,Resale,Strata,85,"16,235",-,Condominium,1,956 yrs lease commencing from 1928,05,Outside Central Region,11 to 15
BLUE HORIZON,"1,515,000","1,162.51","1,303",Dec-22,WEST COAST CRESCENT,Resale,Strata,108,"14,028",-,Condominium,1,99 yrs lease commencing from 2000,05,Outside Central Region,21 to 25
THE VISION,"1,940,000","1,313.21","1,477",Dec-22,WEST COAST CRESCENT,Resale,Strata,122,"15,902",-,Condominium,1,99 yrs lease commencing from 2008,05,Outside Central Region,06 to 10
THE ROCHESTER RESIDENCES,"3,630,000","2,271.2","1,598",Dec-22,ROCHESTER DRIVE,Resale,Strata,211,"17,204",-,Apartment,1,99 yrs lease commencing from 2005,05,Rest of Central Region,36 to 40
HUNDRED TREES,"1,880,000","1,162.51","1,617",Dec-22,WEST COAST DRIVE,Resale,Strata,108,"17,407",-,Condominium,1,956 yrs lease commencing from 1928,05,Outside Central Region,11 to 15
LIIV RESIDENCES,"1,050,000",592.02,"1,774",Dec-22,PASIR PANJANG ROAD,Resale,Strata,55,"19,091",-,Apartment,1,Freehold,05,Rest of Central Region,01 to 05
MENDON SPRING,"1,278,000","1,054.87","1,212",Dec-22,PASIR PANJANG ROAD,Resale,Strata,98,"13,041",-,Apartment,1,Freehold,05,Rest of Central Region,01 to 05
PARC CLEMATIS,"1,350,000",721.19,"1,872",Dec-22,JALAN LEMPENG,Sub Sale,Strata,67,"20,149",-,Apartment,1,99 yrs lease commencing from 2019,05,Outside Central Region,11 to 15
PALISADES,"3,800,000","3,293.78","1,154",Dec-22,PASIR PANJANG ROAD,Resale,Strata,306,"12,418",-,Condominium,1,Freehold,05,Rest of Central Region,06 to 10
ONE-NORTH RESIDENCES,"900,000",592.02,"1,520",Dec-22,ONE-NORTH GATEWAY,Resale,Strata,55,"16,364",-,Apartment,1,99 yrs lease commencing from 2005,05,Rest of Central Region,11 to 15
WATERFRONT @ FABER,"1,558,000","1,076.4","1,447",Dec-22,FABER WALK,Resale,Strata,100,"15,580",-,Apartment,1,99 yrs lease commencing from 2013,05,Outside Central Region,01 to 05
THE ROCHESTER RESIDENCES,"2,660,000","1,862.17","1,428",Dec-22,ROCHESTER DRIVE,Resale,Strata,173,"15,376",-,Apartment,1,99 yrs lease commencing from 2005,05,Rest of Central Region,16 to 20
THE ROCHESTER RESIDENCES,"3,120,000","1,700.71","1,835",Dec-22,ROCHESTER DRIVE,Resale,Strata,158,"19,747",-,Apartment,1,99 yrs lease commencing from 2005,05,Rest of Central Region,31 to 35
MONTEREY PARK CONDOMINIUM,"2,080,000","1,367.03","1,522",Dec-22,WEST COAST RISE,Resale,Strata,127,"16,378",-,Condominium,1,999 yrs lease commencing from 1885,05,Outside Central Region,01 to 05
PALM MANSIONS,"1,520,000","1,097.93","1,384",Dec-22,PASIR PANJANG ROAD,Resale,Strata,102,"14,902",-,Apartment,1,Freehold,05,Rest of Central Region,01 to 05
PARC RIVIERA,"1,090,000",710.42,"1,534",Dec-22,WEST COAST VALE,Resale,Strata,66,"16,515",-,Condominium,1,99 yrs lease commencing from 2015,05,Outside Central Region,16 to 20
BLUE HORIZON,"1,400,000","1,151.75","1,216",Dec-22,WEST COAST CRESCENT,Resale,Strata,107,"13,084",-,Condominium,1,99 yrs lease commencing from 2000,05,Outside Central Region,16 to 20
WHISTLER GRAND,"2,220,000","1,280.92","1,733",Dec-22,WEST COAST VALE,Sub Sale,Strata,119,"18,655",-,Apartment,1,99 yrs lease commencing from 2018,05,Outside Central Region,06 to 10
PARC RIVIERA,"968,000",602.78,"1,606",Dec-22,WEST COAST VALE,Resale,Strata,56,"17,286",-,Condominium,1,99 yrs lease commencing from 2015,05,Outside Central Region,31 to 35
THE VISION,"2,075,000","1,313.21","1,580",Dec-22,WEST COAST CRESCENT,Resale,Strata,122,"17,008",-,Condominium,1,99 yrs lease commencing from 2008,05,Outside Central Region,31 to 35
FABER CREST,"1,150,000","1,011.82","1,137",Dec-22,FABER HEIGHTS,Resale,Strata,94,"12,234",-,Condominium,1,99 yrs lease commencing from 1996,05,Outside Central Region,01 to 05
VILLAGE @ PASIR PANJANG,"2,228,000","1,474.67","1,511",Dec-22,PASIR PANJANG ROAD,Resale,Strata,137,"16,263",-,Condominium,1,Freehold,05,Rest of Central Region,01 to 05
PARC CLEMATIS,"1,350,000",721.19,"1,872",Dec-22,JALAN LEMPENG,Sub Sale,Strata,67,"20,149",-,Apartment,1,99 yrs lease commencing from 2019,05,Outside Central Region,01 to 05
PARC RIVIERA,"1,400,000",904.18,"1,548",Dec-22,WEST COAST VALE,Resale,Strata,84,"16,667",-,Condominium,1,99 yrs lease commencing from 2015,05,Outside Central Region,26 to 30
WHITEHAVEN,"1,288,000",775.01,"1,662",Dec-22,PASIR PANJANG ROAD,Resale,Strata,72,"17,889",-,Apartment,1,Freehold,05,Rest of Central Region,01 to 05
HERITAGE VIEW,"1,700,000","1,194.8","1,423",Dec-22,DOVER RISE,Resale,Strata,111,"15,315",-,Condominium,1,99 yrs lease commencing from 1996,05,Rest of Central Region,01 to 05
PARC RIVIERA,"945,000",602.78,"1,568",Nov-22,WEST COAST VALE,Resale,Strata,56,"16,875",-,Condominium,1,99 yrs lease commencing from 2015,05,Outside Central Region,01 to 05
PARC CLEMATIS,"1,800,000",893.41,"2,015",Nov-22,JALAN LEMPENG,Sub Sale,Strata,83,"21,687",-,Apartment,1,99 yrs lease commencing from 2019,05,Outside Central Region,16 to 20
THE PEAK,"5,600,000","4,359.42","1,285",Nov-22,PEPYS ROAD,Resale,Strata,405,"13,827",-,Condominium,1,Freehold,05,Rest of Central Region,01 to 05
BIJOU,"1,755,485",775.01,"2,265",Nov-22,JALAN MAT JAMBOL,Resale,Strata,72,"24,382",-,Apartment,1,Freehold,05,Rest of Central Region,01 to 05
THE ROCHESTER RESIDENCES,"1,440,000",861.12,"1,672",Nov-22,ROCHESTER DRIVE,Resale,Strata,80,"18,000",-,Apartment,1,99 yrs lease commencing from 2005,05,Rest of Central Region,31 to 35
BLUE HORIZON,"1,402,000","1,184.04","1,184",Nov-22,WEST COAST CRESCENT,Resale,Strata,110,"12,745",-,Condominium,1,99 yrs lease commencing from 2000,05,Outside Central Region,01 to 05
TREASURE PLACE,"2,575,000","2,034.4","1,266",Nov-22,LORONG SARHAD,Resale,Strata,189,"13,624",-,Condominium,1,Freehold,05,Rest of Central Region,01 to 05
HERITAGE VIEW,"1,270,000",968.76,"1,311",Nov-22,DOVER RISE,Resale,Strata,90,"14,111",-,Condominium,1,99 yrs lease commencing from 1996,05,Rest of Central Region,06 to 10
MENDON SPRING,"1,288,000","1,054.87","1,221",Nov-22,PASIR PANJANG ROAD,Resale,Strata,98,"13,143",-,Apartment,1,Freehold,05,Rest of Central Region,01 to 05
PARC RIVIERA,"960,000",602.78,"1,593",Nov-22,WEST COAST VALE,Resale,Strata,56,"17,143",-,Condominium,1,99 yrs lease commencing from 2015,05,Outside Central Region,31 to 35
THE ROCHESTER RESIDENCES,"2,828,000","1,948.28","1,452",Nov-22,ROCHESTER DRIVE,Resale,Strata,181,"15,624",-,Apartment,1,99 yrs lease commencing from 2005,05,Rest of Central Region,16 to 20
PARC IMPERIAL,"725,000",398.27,"1,820",Nov-22,PASIR PANJANG ROAD,Resale,Strata,37,"19,595",-,Condominium,1,Freehold,05,Rest of Central Region,01 to 05
THE TRILINQ,"1,628,888",936.47,"1,739",Nov-22,JALAN LEMPENG,Resale,Strata,87,"18,723",-,Condominium,1,99 yrs lease commencing from 2012,05,Outside Central Region,01 to 05
THE VISION,"1,960,000","1,313.21","1,493",Nov-22,WEST COAST CRESCENT,Resale,Strata,122,"16,066",-,Condominium,1,99 yrs lease commencing from 2008,05,Outside Central Region,16 to 20
BLUE HORIZON,"1,250,000",958,"1,305",Nov-22,WEST COAST CRESCENT,Resale,Strata,89,"14,045",-,Condominium,1,99 yrs lease commencing from 2000,05,Outside Central Region,11 to 15
BOTANNIA,"2,300,000","1,636.13","1,406",Nov-22,WEST COAST PARK,Resale,Strata,152,"15,132",-,Condominium,1,956 yrs lease commencing from 1928,05,Outside Central Region,01 to 05
THE CLEMENT CANOPY,"1,400,000",710.42,"1,971",Nov-22,CLEMENTI AVENUE 1,Resale,Strata,66,"21,212",-,Apartment,1,99 yrs lease commencing from 2016,05,Outside Central Region,36 to 40
THE INFINITI,"1,260,000",914.94,"1,377",Nov-22,WEST COAST PARK,Resale,Strata,85,"14,824",-,Condominium,1,Freehold,05,Outside Central Region,06 to 10
PARC RIVIERA,"935,000",602.78,"1,551",Nov-22,WEST COAST VALE,Resale,Strata,56,"16,696",-,Condominium,1,99 yrs lease commencing from 2015,05,Outside Central Region,06 to 10
SEAHILL,"776,000",527.44,"1,471",Nov-22,WEST COAST CRESCENT,Resale,Strata,49,"15,837",-,Condominium,1,99 yrs lease commencing from 2011,05,Outside Central Region,16 to 20
DOVER PARKVIEW,"1,602,000","1,248.62","1,283",Nov-22,DOVER RISE,Resale,Strata,116,"13,810",-,Condominium,1,99 yrs lease commencing from 1993,05,Rest of Central Region,01 to 05
THE TRILINQ,"905,000",538.2,"1,682",Nov-22,JALAN LEMPENG,Resale,Strata,50,"18,100",-,Condominium,1,99 yrs lease commencing from 2012,05,Outside Central Region,11 to 15
WHISTLER GRAND,"1,136,500",602.78,"1,885",Nov-22,WEST COAST VALE,Sub Sale,Strata,56,"20,295",-,Apartment,1,99 yrs lease commencing from 2018,05,Outside Central Region,11 to 15
THE TRILINQ,"1,210,000",710.42,"1,703",Nov-22,JALAN LEMPENG,Resale,Strata,66,"18,333",-,Condominium,1,99 yrs lease commencing from 2012,05,Outside Central Region,16 to 20
THE CLEMENT CANOPY,"1,800,000",990.29,"1,818",Nov-22,CLEMENTI AVENUE 1,Resale,Strata,92,"19,565",-,Apartment,1,99 yrs lease commencing from 2016,05,Outside Central Region,31 to 35
NEWEST,"1,000,000",645.84,"1,548",Nov-22,WEST COAST DRIVE,Resale,Strata,60,"16,667",-,Apartment,1,956 yrs lease commencing from 1928,05,Outside Central Region,01 to 05
WHISTLER GRAND,"1,730,000",958,"1,806",Nov-22,WEST COAST VALE,Sub Sale,Strata,89,"19,438",-,Apartment,1,99 yrs lease commencing from 2018,05,Outside Central Region,16 to 20
PARC CLEMATIS,"2,060,000","1,044.11","1,973",Nov-22,JALAN LEMPENG,Sub Sale,Strata,97,"21,237",-,Apartment,1,99 yrs lease commencing from 2019,05,Outside Central Region,11 to 15
THE PARC CONDOMINIUM,"2,288,000","1,420.85","1,610",Nov-22,WEST COAST WALK,Resale,Strata,132,"17,333",-,Condominium,1,Freehold,05,Outside Central Region,01 to 05
PARC RIVIERA,"1,350,000",904.18,"1,493",Nov-22,WEST COAST VALE,Resale,Strata,84,"16,071",-,Condominium,1,99 yrs lease commencing from 2015,05,Outside Central Region,16 to 20
BOTANNIA,"1,970,000","1,270.15","1,551",Nov-22,WEST COAST PARK,Resale,Strata,118,"16,695",-,Condominium,1,956 yrs lease commencing from 1928,05,Outside Central Region,01 to 05
HERITAGE VIEW,"3,280,000","2,583.36","1,270",Nov-22,DOVER RISE,Resale,Strata,240,"13,667",-,Condominium,1,99 yrs lease commencing from 1996,05,Rest of Central Region,16 to 20
PARC RIVIERA,"1,038,000",710.42,"1,461",Nov-22,WEST COAST VALE,Resale,Strata,66,"15,727",-,Condominium,1,99 yrs lease commencing from 2015,05,Outside Central Region,06 to 10
24 ONE RESIDENCES,"2,580,000","1,593.07","1,620",Nov-22,PASIR PANJANG ROAD,Resale,Strata,148,"17,432",-,Apartment,1,Freehold,05,Rest of Central Region,01 to 05
WESTCOVE CONDOMINIUM,"1,130,000","1,108.69","1,019",Nov-22,WEST COAST CRESCENT,Resale,Strata,103,"10,971",-,Condominium,1,99 yrs lease commencing from 1995,05,Outside Central Region,06 to 10
THE TRILINQ,"1,230,000",699.66,"1,758",Nov-22,JALAN LEMPENG,Resale,Strata,65,"18,923",-,Condominium,1,99 yrs lease commencing from 2012,05,Outside Central Region,06 to 10
THE CLEMENT CANOPY,"2,030,000","1,140.98","1,779",Nov-22,CLEMENTI AVENUE 1,Resale,Strata,106,"19,151",-,Apartment,1,99 yrs lease commencing from 2016,05,Outside Central Region,31 to 35
WHISTLER GRAND,"1,260,000",764.24,"1,649",Nov-22,WEST COAST VALE,Sub Sale,Strata,71,"17,746",-,Apartment,1,99 yrs lease commencing from 2018,05,Outside Central Region,06 to 10
THE FOLIAGE,"1,500,000","1,108.69","1,353",Nov-22,PASIR PANJANG ROAD,Resale,Strata,103,"14,563",-,Condominium,1,Freehold,05,Rest of Central Region,01 to 05
THE INFINITI,"1,850,000","1,560.78","1,185",Oct-22,WEST COAST PARK,Resale,Strata,145,"12,759",-,Condominium,1,Freehold,05,Outside Central Region,01 to 05
FABER CREST,"1,870,000","1,862.17","1,004",Oct-22,FABER HEIGHTS,Resale,Strata,173,"10,809",-,Condominium,1,99 yrs lease commencing from 1996,05,Outside Central Region,01 to 05
THE VISION,"2,000,000","1,302.44","1,536",Oct-22,WEST COAST CRESCENT,Resale,Strata,121,"16,529",-,Condominium,1,99 yrs lease commencing from 2008,05,Outside Central Region,16 to 20
THE ROCHESTER RESIDENCES,"1,178,000",839.59,"1,403",Oct-22,ROCHESTER DRIVE,Resale,Strata,78,"15,103",-,Apartment,1,99 yrs lease commencing from 2005,05,Rest of Central Region,06 to 10
THE ROCHESTER RESIDENCES,"2,870,000","1,948.28","1,473",Oct-22,ROCHESTER DRIVE,Resale,Strata,181,"15,856",-,Apartment,1,99 yrs lease commencing from 2005,05,Rest of Central Region,26 to 30
PARC IMPERIAL,"825,000",495.14,"1,666",Oct-22,PASIR PANJANG ROAD,Resale,Strata,46,"17,935",-,Condominium,1,Freehold,05,Rest of Central Region,01 to 05
NEWEST,"2,560,000","2,432.66","1,052",Oct-22,WEST COAST DRIVE,Resale,Strata,226,"11,327",-,Apartment,1,956 yrs lease commencing from 1928,05,Outside Central Region,01 to 05
DOVER PARKVIEW,"1,680,000","1,248.62","1,345",Oct-22,DOVER RISE,Resale,Strata,116,"14,483",-,Condominium,1,99 yrs lease commencing from 1993,05,Rest of Central Region,06 to 10
BLUE HORIZON,"1,480,000","1,162.51","1,273",Oct-22,WEST COAST CRESCENT,Resale,Strata,108,"13,704",-,Condominium,1,99 yrs lease commencing from 2000,05,Outside Central Region,16 to 20
BOTANNIA,"2,008,888","1,248.62","1,609",Oct-22,WEST COAST PARK,Resale,Strata,116,"17,318",-,Condominium,1,956 yrs lease commencing from 1928,05,Outside Central Region,11 to 15
THE GRANDHILL,"1,800,000","1,883.7",956,Oct-22,PASIR PANJANG HILL,Resale,Strata,175,"10,286",-,Condominium,1,Freehold,05,Rest of Central Region,01 to 05
PARC RIVIERA,"1,492,000",990.29,"1,507",Oct-22,WEST COAST VALE,Resale,Strata,92,"16,217",-,Condominium,1,99 yrs lease commencing from 2015,05,Outside Central Region,11 to 15
DOVER PARKVIEW,"1,240,000",936.47,"1,324",Oct-22,DOVER RISE,Resale,Strata,87,"14,253",-,Condominium,1,99 yrs lease commencing from 1993,05,Rest of Central Region,06 to 10
WEST BAY CONDOMINIUM,"1,500,000","1,442.38","1,040",Oct-22,WEST COAST CRESCENT,Resale,Strata,134,"11,194",-,Condominium,1,99 yrs lease commencing from 1991,05,Outside Central Region,01 to 05
SEAHILL,"1,220,000",785.77,"1,553",Oct-22,WEST COAST CRESCENT,Resale,Strata,73,"16,712",-,Condominium,1,99 yrs lease commencing from 2011,05,Outside Central Region,06 to 10
PARC CLEMATIS,"853,000",452.09,"1,887",Oct-22,JALAN LEMPENG,Sub Sale,Strata,42,"20,310",-,Apartment,1,99 yrs lease commencing from 2019,05,Outside Central Region,11 to 15
WATERFRONT @ FABER,"1,500,000","1,022.58","1,467",Oct-22,FABER WALK,Resale,Strata,95,"15,789",-,Apartment,1,99 yrs lease commencing from 2013,05,Outside Central Region,01 to 05
ONE-NORTH RESIDENCES,"2,200,000","1,431.61","1,537",Oct-22,ONE-NORTH GATEWAY,Resale,Strata,133,"16,541",-,Apartment,1,99 yrs lease commencing from 2005,05,Rest of Central Region,06 to 10
BOTANNIA,"2,150,000","1,636.13","1,314",Oct-22,WEST COAST PARK,Resale,Strata,152,"14,145",-,Condominium,1,956 yrs lease commencing from 1928,05,Outside Central Region,01 to 05
HERITAGE VIEW,"1,910,000","1,194.8","1,599",Oct-22,DOVER RISE,Resale,Strata,111,"17,207",-,Condominium,1,99 yrs lease commencing from 1996,05,Rest of Central Region,06 to 10
TWIN VEW,"1,255,000",742.72,"1,690",Oct-22,WEST COAST VALE,Resale,Strata,69,"18,188",-,Apartment,1,99 yrs lease commencing from 2017,05,Outside Central Region,26 to 30
PARC RIVIERA,"920,000",602.78,"1,526",Oct-22,WEST COAST VALE,Resale,Strata,56,"16,429",-,Condominium,1,99 yrs lease commencing from 2015,05,Outside Central Region,31 to 35
PARC RIVIERA,"945,000",602.78,"1,568",Oct-22,WEST COAST VALE,Resale,Strata,56,"16,875",-,Condominium,1,99 yrs lease commencing from 2015,05,Outside Central Region,31 to 35
THE ROCHESTER RESIDENCES,"1,990,000","1,216.33","1,636",Oct-22,ROCHESTER DRIVE,Resale,Strata,113,"17,611",-,Apartment,1,99 yrs lease commencing from 2005,05,Rest of Central Region,21 to 25
DOVER PARKVIEW,"1,640,000","1,280.92","1,280",Oct-22,DOVER RISE,Resale,Strata,119,"13,782",-,Condominium,1,99 yrs lease commencing from 1993,05,Rest of Central Region,11 to 15
REGENT PARK,"1,100,000",958,"1,148",Oct-22,JALAN LEMPENG,Resale,Strata,89,"12,360",-,Condominium,1,99 yrs lease commencing from 1993,05,Outside Central Region,01 to 05
CLEMENTIWOODS CONDOMINIUM,"1,410,000","1,054.87","1,337",Oct-22,WEST COAST ROAD,Resale,Strata,98,"14,388",-,Condominium,1,99 yrs lease commencing from 2006,05,Outside Central Region,01 to 05
THE TRILINQ,"1,650,000",914.94,"1,803",Oct-22,JALAN LEMPENG,Resale,Strata,85,"19,412",-,Condominium,1,99 yrs lease commencing from 2012,05,Outside Central Region,01 to 05
WEST BAY CONDOMINIUM,"1,480,000","1,474.67","1,004",Oct-22,WEST COAST CRESCENT,Resale,Strata,137,"10,803",-,Condominium,1,99 yrs lease commencing from 1991,05,Outside Central Region,01 to 05
THE PEAK@BALMEG,"1,850,000","1,216.33","1,521",Oct-22,BALMEG HILL,Resale,Strata,113,"16,372",-,Condominium,1,Freehold,05,Rest of Central Region,01 to 05
BLUE HORIZON,"1,490,000","1,162.51","1,282",Oct-22,WEST COAST CRESCENT,Resale,Strata,108,"13,796",-,Condominium,1,99 yrs lease commencing from 2000,05,Outside Central Region,11 to 15
PARC RIVIERA,"1,390,000",904.18,"1,537",Oct-22,WEST COAST VALE,Resale,Strata,84,"16,548",-,Condominium,1,99 yrs lease commencing from 2015,05,Outside Central Region,21 to 25
PARC RIVIERA,"1,680,000","1,151.75","1,459",Oct-22,WEST COAST VALE,Resale,Strata,107,"15,701",-,Condominium,1,99 yrs lease commencing from 2015,05,Outside Central Region,11 to 15
PARC RIVIERA,"923,000",602.78,"1,531",Oct-22,WEST COAST VALE,Resale,Strata,56,"16,482",-,Condominium,1,99 yrs lease commencing from 2015,05,Outside Central Region,31 to 35
THE TRILINQ,"2,220,000","1,345.5","1,650",Oct-22,JALAN LEMPENG,Resale,Strata,125,"17,760",-,Condominium,1,99 yrs lease commencing from 2012,05,Outside Central Region,31 to 35
THE PARC CONDOMINIUM,"2,200,000","1,302.44","1,689",Oct-22,WEST COAST WALK,Resale,Strata,121,"18,182",-,Condominium,1,Freehold,05,Outside Central Region,16 to 20
THE CLEMENT CANOPY,"2,060,000","1,108.69","1,858",Oct-22,CLEMENTI AVENUE 1,Resale,Strata,103,"20,000",-,Apartment,1,99 yrs lease commencing from 2016,05,Outside Central Region,36 to 40
THE SPECTRUM,"980,000",796.54,"1,230",Oct-22,PASIR PANJANG ROAD,Resale,Strata,74,"13,243",-,Condominium,1,Freehold,05,Rest of Central Region,01 to 05
REGENT PARK,"1,068,000",958,"1,115",Oct-22,JALAN LEMPENG,Resale,Strata,89,"12,000",-,Condominium,1,99 yrs lease commencing from 1993,05,Outside Central Region,01 to 05
THE TRILINQ,"910,000",538.2,"1,691",Oct-22,JALAN LEMPENG,Resale,Strata,50,"18,200",-,Condominium,1,99 yrs lease commencing from 2012,05,Outside Central Region,21 to 25
WEST BAY CONDOMINIUM,"1,300,000","1,248.62","1,041",Oct-22,WEST COAST CRESCENT,Resale,Strata,116,"11,207",-,Condominium,1,99 yrs lease commencing from 1991,05,Outside Central Region,01 to 05
THE CLEMENT CANOPY,"1,700,000",990.29,"1,717",Oct-22,CLEMENTI AVENUE 1,Resale,Strata,92,"18,478",-,Apartment,1,99 yrs lease commencing from 2016,05,Outside Central Region,26 to 30
RESIDENTIAL APARTMENTS,"2,450,000","2,260.44","1,084",Oct-22,PASIR PANJANG ROAD,Resale,Strata,210,"11,667",-,Apartment,1,Freehold,05,Rest of Central Region,01 to 05
THE ROCHESTER RESIDENCES,"2,420,000","1,679.18","1,441",Sep-22,ROCHESTER DRIVE,Resale,Strata,156,"15,513",-,Apartment,1,99 yrs lease commencing from 2005,05,Rest of Central Region,21 to 25
VIVA VISTA,"658,000",376.74,"1,747",Sep-22,SOUTH BUONA VISTA ROAD,Resale,Strata,35,"18,800",-,Apartment,1,Freehold,05,Rest of Central Region,01 to 05
THE ROCHESTER RESIDENCES,"2,030,000","1,216.33","1,669",Sep-22,ROCHESTER DRIVE,Resale,Strata,113,"17,965",-,Apartment,1,99 yrs lease commencing from 2005,05,Rest of Central Region,26 to 30
CLEMENTIWOODS CONDOMINIUM,"1,450,000","1,001.05","1,448",Sep-22,WEST COAST ROAD,Resale,Strata,93,"15,591",-,Condominium,1,99 yrs lease commencing from 2006,05,Outside Central Region,01 to 05
WHISTLER GRAND,"1,100,000",613.55,"1,793",Sep-22,WEST COAST VALE,Sub Sale,Strata,57,"19,298",-,Apartment,1,99 yrs lease commencing from 2018,05,Outside Central Region,01 to 05
THE TRILINQ,"2,020,000","1,345.5","1,501",Sep-22,JALAN LEMPENG,Resale,Strata,125,"16,160",-,Condominium,1,99 yrs lease commencing from 2012,05,Outside Central Region,01 to 05
THE CLEMENT CANOPY,"1,180,000",635.08,"1,858",Sep-22,CLEMENTI AVENUE 1,Resale,Strata,59,"20,000",-,Apartment,1,99 yrs lease commencing from 2016,05,Outside Central Region,31 to 35
REGENT PARK,"1,210,000","1,054.87","1,147",Sep-22,JALAN LEMPENG,Resale,Strata,98,"12,347",-,Condominium,1,99 yrs lease commencing from 1993,05,Outside Central Region,01 to 05
PARC RIVIERA,"1,800,000","1,184.04","1,520",Sep-22,WEST COAST VALE,Resale,Strata,110,"16,364",-,Condominium,1,99 yrs lease commencing from 2015,05,Outside Central Region,21 to 25
BLUE HORIZON,"1,550,000","1,162.51","1,333",Sep-22,WEST COAST CRESCENT,Resale,Strata,108,"14,352",-,Condominium,1,99 yrs lease commencing from 2000,05,Outside Central Region,21 to 25
DOVER PARKVIEW,"1,280,000",968.76,"1,321",Sep-22,DOVER RISE,Resale,Strata,90,"14,222",-,Condominium,1,99 yrs lease commencing from 1993,05,Rest of Central Region,11 to 15
MENDON SPRING,"1,288,000","1,065.64","1,209",Sep-22,PASIR PANJANG ROAD,Resale,Strata,99,"13,010",-,Apartment,1,Freehold,05,Rest of Central Region,01 to 05
MENDON SPRING,"1,278,000","1,054.87","1,212",Sep-22,PASIR PANJANG ROAD,Resale,Strata,98,"13,041",-,Apartment,1,Freehold,05,Rest of Central Region,01 to 05
BLUE HORIZON,"1,510,000","1,162.51","1,299",Sep-22,WEST COAST CRESCENT,Resale,Strata,108,"13,981",-,Condominium,1,99 yrs lease commencing from 2000,05,Outside Central Region,11 to 15
THE ROCHESTER RESIDENCES,"2,850,000","1,679.18","1,697",Sep-22,ROCHESTER DRIVE,Resale,Strata,156,"18,269",-,Apartment,1,99 yrs lease commencing from 2005,05,Rest of Central Region,31 to 35
WESTCOVE CONDOMINIUM,"1,420,000","1,302.44","1,090",Sep-22,WEST COAST CRESCENT,Resale,Strata,121,"11,736",-,Condominium,1,99 yrs lease commencing from 1995,05,Outside Central Region,01 to 05
PARC RIVIERA,"968,000",710.42,"1,363",Sep-22,WEST COAST VALE,Resale,Strata,66,"14,667",-,Condominium,1,99 yrs lease commencing from 2015,05,Outside Central Region,01 to 05
SEAHILL,"810,000",527.44,"1,536",Sep-22,WEST COAST CRESCENT,Resale,Strata,49,"16,531",-,Condominium,1,99 yrs lease commencing from 2011,05,Outside Central Region,16 to 20
THE TRILINQ,"1,650,000",936.47,"1,762",Sep-22,JALAN LEMPENG,Resale,Strata,87,"18,966",-,Condominium,1,99 yrs lease commencing from 2012,05,Outside Central Region,06 to 10
THE INFINITI,"1,700,000","1,302.44","1,305",Sep-22,WEST COAST PARK,Resale,Strata,121,"14,050",-,Condominium,1,Freehold,05,Outside Central Region,06 to 10
PARC RIVIERA,"1,070,000",710.42,"1,506",Sep-22,WEST COAST VALE,Resale,Strata,66,"16,212",-,Condominium,1,99 yrs lease commencing from 2015,05,Outside Central Region,11 to 15
SEAHILL,"730,000",495.14,"1,474",Sep-22,WEST COAST CRESCENT,Resale,Strata,46,"15,870",-,Condominium,1,99 yrs lease commencing from 2011,05,Outside Central Region,06 to 10
PARC RIVIERA,"1,080,000",710.42,"1,520",Sep-22,WEST COAST VALE,Resale,Strata,66,"16,364",-,Condominium,1,99 yrs lease commencing from 2015,05,Outside Central Region,16 to 20
DOVER PARKVIEW,"1,250,000",936.47,"1,335",Sep-22,DOVER RISE,Resale,Strata,87,"14,368",-,Condominium,1,99 yrs lease commencing from 1993,05,Rest of Central Region,11 to 15
VILLAGE @ PASIR PANJANG,"1,480,000","1,076.4","1,375",Sep-22,PASIR PANJANG ROAD,Resale,Strata,100,"14,800",-,Condominium,1,Freehold,05,Rest of Central Region,01 to 05
PARC RIVIERA,"1,030,000",645.84,"1,595",Sep-22,WEST COAST VALE,Resale,Strata,60,"17,167",-,Condominium,1,99 yrs lease commencing from 2015,05,Outside Central Region,31 to 35
PASIR PANJANG LODGE,"1,300,000","1,248.62","1,041",Sep-22,PASIR PANJANG ROAD,Resale,Strata,116,"11,207",-,Apartment,1,Freehold,05,Rest of Central Region,01 to 05
TWIN VEW,"1,290,000",742.72,"1,737",Sep-22,WEST COAST VALE,Resale,Strata,69,"18,696",-,Apartment,1,99 yrs lease commencing from 2017,05,Outside Central Region,21 to 25
WHISTLER GRAND,"885,000",505.91,"1,749",Sep-22,WEST COAST VALE,Sub Sale,Strata,47,"18,830",-,Apartment,1,99 yrs lease commencing from 2018,05,Outside Central Region,16 to 20
PARC RIVIERA,"1,338,000",904.18,"1,480",Sep-22,WEST COAST VALE,Resale,Strata,84,"15,929",-,Condominium,1,99 yrs lease commencing from 2015,05,Outside Central Region,16 to 20
HERITAGE VIEW,"1,310,000",968.76,"1,352",Sep-22,DOVER RISE,Resale,Strata,90,"14,556",-,Condominium,1,99 yrs lease commencing from 1996,05,Rest of Central Region,06 to 10
VARSITY PARK CONDOMINIUM,"2,780,000","2,292.73","1,213",Sep-22,WEST COAST ROAD,Resale,Strata,213,"13,052",-,Condominium,1,99 yrs lease commencing from 2004,05,Outside Central Region,01 to 05
WATERFRONT @ FABER,"1,470,000","1,033.34","1,423",Sep-22,FABER WALK,Resale,Strata,96,"15,313",-,Apartment,1,99 yrs lease commencing from 2013,05,Outside Central Region,01 to 05
HERITAGE VIEW,"1,668,000","1,162.51","1,435",Sep-22,DOVER RISE,Resale,Strata,108,"15,444",-,Condominium,1,99 yrs lease commencing from 1996,05,Rest of Central Region,16 to 20
PARC RIVIERA,"1,000,000",710.42,"1,408",Sep-22,WEST COAST VALE,Resale,Strata,66,"15,152",-,Condominium,1,99 yrs lease commencing from 2015,05,Outside Central Region,21 to 25
WATERFRONT @ FABER,"1,700,000","1,173.28","1,449",Sep-22,FABER WALK,Resale,Strata,109,"15,596",-,Apartment,1,99 yrs lease commencing from 2013,05,Outside Central Region,01 to 05
CLEMENTIWOODS CONDOMINIUM,"1,480,000","1,087.16","1,361",Sep-22,WEST COAST ROAD,Resale,Strata,101,"14,653",-,Condominium,1,99 yrs lease commencing from 2006,05,Outside Central Region,01 to 05
PARC RIVIERA,"1,100,000",710.42,"1,548",Sep-22,WEST COAST VALE,Resale,Strata,66,"16,667",-,Condominium,1,99 yrs lease commencing from 2015,05,Outside Central Region,11 to 15
THE TRILINQ,"1,620,000","1,108.69","1,461",Sep-22,JALAN LEMPENG,Resale,Strata,103,"15,728",-,Condominium,1,99 yrs lease commencing from 2012,05,Outside Central Region,06 to 10
WEST BAY CONDOMINIUM,"1,272,000","1,216.33","1,046",Sep-22,WEST COAST CRESCENT,Resale,Strata,113,"11,257",-,Condominium,1,99 yrs lease commencing from 1991,05,Outside Central Region,01 to 05
CLEMENTIWOODS CONDOMINIUM,"1,426,000","1,076.4","1,325",Sep-22,WEST COAST ROAD,Resale,Strata,100,"14,260",-,Condominium,1,99 yrs lease commencing from 2006,05,Outside Central Region,01 to 05
THE MAYLEA,"2,270,000","1,722.24","1,318",Sep-22,PASIR PANJANG ROAD,Resale,Strata,160,"14,188",-,Condominium,1,Freehold,05,Rest of Central Region,01 to 05
PARC IMPERIAL,"700,000",398.27,"1,758",Sep-22,PASIR PANJANG ROAD,Resale,Strata,37,"18,919",-,Condominium,1,Freehold,05,Rest of Central Region,01 to 05
PARC RIVIERA,"923,000",602.78,"1,531",Sep-22,WEST COAST VALE,Resale,Strata,56,"16,482",-,Condominium,1,99 yrs lease commencing from 2015,05,Outside Central Region,21 to 25
SEAHILL,"950,000",667.37,"1,424",Sep-22,WEST COAST CRESCENT,Resale,Strata,62,"15,323",-,Condominium,1,99 yrs lease commencing from 2011,05,Outside Central Region,11 to 15
BLUE HORIZON,"1,430,000","1,151.75","1,242",Sep-22,WEST COAST CRESCENT,Resale,Strata,107,"13,364",-,Condominium,1,99 yrs lease commencing from 2000,05,Outside Central Region,01 to 05
THE INFINITI,"1,200,000",904.18,"1,327",Sep-22,WEST COAST PARK,Resale,Strata,84,"14,286",-,Condominium,1,Freehold,05,Outside Central Region,06 to 10
DOVER PARKVIEW,"1,290,000",936.47,"1,378",Sep-22,DOVER RISE,Resale,Strata,87,"14,828",-,Condominium,1,99 yrs lease commencing from 1993,05,Rest of Central Region,06 to 10
PARC RIVIERA,"1,020,000",710.42,"1,436",Sep-22,WEST COAST VALE,Resale,Strata,66,"15,455",-,Condominium,1,99 yrs lease commencing from 2015,05,Outside Central Region,11 to 15
VARSITY PARK CONDOMINIUM,"1,410,000","1,011.82","1,394",Sep-22,WEST COAST ROAD,Resale,Strata,94,"15,000",-,Condominium,1,99 yrs lease commencing from 2004,05,Outside Central Region,01 to 05
THE PARC CONDOMINIUM,"1,895,000","1,216.33","1,558",Sep-22,WEST COAST WALK,Resale,Strata,113,"16,770",-,Condominium,1,Freehold,05,Outside Central Region,06 to 10
WHISTLER GRAND,"1,830,000","1,065.64","1,717",Sep-22,WEST COAST VALE,Sub Sale,Strata,99,"18,485",-,Apartment,1,99 yrs lease commencing from 2018,05,Outside Central Region,11 to 15
WHISTLER GRAND,"2,200,000","1,270.15","1,732",Sep-22,WEST COAST VALE,Sub Sale,Strata,118,"18,644",-,Apartment,1,99 yrs lease commencing from 2018,05,Outside Central Region,06 to 10
THE TRILINQ,"4,800,000","4,606.99","1,042",Sep-22,JALAN LEMPENG,Resale,Strata,428,"11,215",-,Condominium,1,99 yrs lease commencing from 2012,05,Outside Central Region,36 to 40
PARC RIVIERA,"1,745,000","1,151.75","1,515",Sep-22,WEST COAST VALE,Resale,Strata,107,"16,308",-,Condominium,1,99 yrs lease commencing from 2015,05,Outside Central Region,21 to 25
THE ROCHESTER RESIDENCES,"2,880,000","1,948.28","1,478",Sep-22,ROCHESTER DRIVE,Resale,Strata,181,"15,912",-,Apartment,1,99 yrs lease commencing from 2005,05,Rest of Central Region,26 to 30
PARC RIVIERA,"930,000",602.78,"1,543",Sep-22,WEST COAST VALE,Resale,Strata,56,"16,607",-,Condominium,1,99 yrs lease commencing from 2015,05,Outside Central Region,21 to 25
VARSITY PARK CONDOMINIUM,"2,850,000","2,271.2","1,255",Sep-22,WEST COAST ROAD,Resale,Strata,211,"13,507",-,Condominium,1,99 yrs lease commencing from 2004,05,Outside Central Region,01 to 05
THE TRILINQ,"920,000",538.2,"1,709",Sep-22,JALAN LEMPENG,Resale,Strata,50,"18,400",-,Condominium,1,99 yrs lease commencing from 2012,05,Outside Central Region,16 to 20
CLEMENTIWOODS CONDOMINIUM,"2,228,888","1,636.13","1,362",Sep-22,WEST COAST ROAD,Resale,Strata,152,"14,664",-,Condominium,1,99 yrs lease commencing from 2006,05,Outside Central Region,01 to 05
THE TRILINQ,"1,650,168",936.47,"1,762",Sep-22,JALAN LEMPENG,Resale,Strata,87,"18,967",-,Condominium,1,99 yrs lease commencing from 2012,05,Outside Central Region,26 to 30
PARC IMPERIAL,"700,000",387.5,"1,806",Aug-22,PASIR PANJANG ROAD,Resale,Strata,36,"19,444",-,Condominium,1,Freehold,05,Rest of Central Region,01 to 05
WHISTLER GRAND,"1,700,000",990.29,"1,717",Aug-22,WEST COAST VALE,Sub Sale,Strata,92,"18,478",-,Apartment,1,99 yrs lease commencing from 2018,05,Outside Central Region,11 to 15
WEST BAY CONDOMINIUM,"1,280,000","1,280.92",999,Aug-22,WEST COAST CRESCENT,Resale,Strata,119,"10,756",-,Condominium,1,99 yrs lease commencing from 1991,05,Outside Central Region,01 to 05
PARC RIVIERA,"1,460,000",990.29,"1,474",Aug-22,WEST COAST VALE,Resale,Strata,92,"15,870",-,Condominium,1,99 yrs lease commencing from 2015,05,Outside Central Region,16 to 20
VILLA DE WEST,"1,468,000","1,345.5","1,091",Aug-22,PASIR PANJANG ROAD,Resale,Strata,125,"11,744",-,Condominium,1,Freehold,05,Rest of Central Region,01 to 05
PARC RIVIERA,"1,030,000",710.42,"1,450",Aug-22,WEST COAST VALE,Resale,Strata,66,"15,606",-,Condominium,1,99 yrs lease commencing from 2015,05,Outside Central Region,11 to 15
PARC RIVIERA,"1,330,000",904.18,"1,471",Aug-22,WEST COAST VALE,Resale,Strata,84,"15,833",-,Condominium,1,99 yrs lease commencing from 2015,05,Outside Central Region,21 to 25
WHISTLER GRAND,"1,428,000",764.24,"1,869",Aug-22,WEST COAST VALE,Sub Sale,Strata,71,"20,113",-,Apartment,1,99 yrs lease commencing from 2018,05,Outside Central Region,16 to 20
THE ROCHESTER RESIDENCES,"1,505,000","1,280.92","1,175",Aug-22,ROCHESTER DRIVE,Resale,Strata,119,"12,647",-,Apartment,1,99 yrs lease commencing from 2005,05,Rest of Central Region,06 to 10
FABER CREST,"1,080,000","1,033.34","1,045",Aug-22,FABER HEIGHTS,Resale,Strata,96,"11,250",-,Condominium,1,99 yrs lease commencing from 1996,05,Outside Central Region,01 to 05
THE ROCHESTER RESIDENCES,"1,880,000","1,302.44","1,443",Aug-22,ROCHESTER DRIVE,Resale,Strata,121,"15,537",-,Apartment,1,99 yrs lease commencing from 2005,05,Rest of Central Region,11 to 15
THE SORRENTO,"1,468,000","1,022.58","1,436",Aug-22,WEST COAST ROAD,Resale,Strata,95,"15,453",-,Condominium,1,Freehold,05,Outside Central Region,01 to 05
KENT RIDGE HILL RESIDENCES,"1,025,000",516.67,"1,984",Aug-22,SOUTH BUONA VISTA ROAD,Sub Sale,Strata,48,"21,354",-,Apartment,1,99 yrs lease commencing from 2018,05,Rest of Central Region,01 to 05
THE ROCHESTER RESIDENCES,"1,450,000",871.88,"1,663",Aug-22,ROCHESTER DRIVE,Resale,Strata,81,"17,901",-,Apartment,1,99 yrs lease commencing from 2005,05,Rest of Central Region,21 to 25
TREASURE PLACE,"1,920,000","1,356.26","1,416",Aug-22,LORONG SARHAD,Resale,Strata,126,"15,238",-,Condominium,1,Freehold,05,Rest of Central Region,01 to 05
THE TRILINQ,"1,800,000","1,044.11","1,724",Aug-22,JALAN LEMPENG,Resale,Strata,97,"18,557",-,Condominium,1,99 yrs lease commencing from 2012,05,Outside Central Region,21 to 25
THE CLEMENT CANOPY,"1,285,000",731.95,"1,756",Aug-22,CLEMENTI AVENUE 1,Resale,Strata,68,"18,897",-,Apartment,1,99 yrs lease commencing from 2016,05,Outside Central Region,16 to 20
THE ROCHESTER RESIDENCES,"2,000,000","1,205.57","1,659",Aug-22,ROCHESTER DRIVE,Resale,Strata,112,"17,857",-,Apartment,1,99 yrs lease commencing from 2005,05,Rest of Central Region,31 to 35
MONTEREY PARK CONDOMINIUM,"2,050,000","1,528.49","1,341",Aug-22,WEST COAST RISE,Resale,Strata,142,"14,437",-,Condominium,1,999 yrs lease commencing from 1885,05,Outside Central Region,01 to 05
WESTCOVE CONDOMINIUM,"1,400,000","1,259.39","1,112",Aug-22,WEST COAST CRESCENT,Resale,Strata,117,"11,966",-,Condominium,1,99 yrs lease commencing from 1995,05,Outside Central Region,01 to 05
WESTCOVE CONDOMINIUM,"1,000,000","1,291.68",774,Aug-22,WEST COAST CRESCENT,Resale,Strata,120,"8,333",-,Condominium,1,99 yrs lease commencing from 1995,05,Outside Central Region,01 to 05
REGENT PARK,"1,405,000","1,151.75","1,220",Aug-22,JALAN LEMPENG,Resale,Strata,107,"13,131",-,Condominium,1,99 yrs lease commencing from 1993,05,Outside Central Region,01 to 05
PARC RIVIERA,"983,000",645.84,"1,522",Aug-22,WEST COAST VALE,Resale,Strata,60,"16,383",-,Condominium,1,99 yrs lease commencing from 2015,05,Outside Central Region,26 to 30
WEST BAY CONDOMINIUM,"925,000",893.41,"1,035",Aug-22,WEST COAST CRESCENT,Resale,Strata,83,"11,145",-,Condominium,1,99 yrs lease commencing from 1991,05,Outside Central Region,06 to 10
CARABELLE,"1,840,000","1,259.39","1,461",Aug-22,WEST COAST WAY,Resale,Strata,117,"15,726",-,Condominium,1,956 yrs lease commencing from 1928,05,Outside Central Region,01 to 05
BOTANNIA,"1,380,000","1,076.4","1,282",Aug-22,WEST COAST PARK,Resale,Strata,100,"13,800",-,Condominium,1,956 yrs lease commencing from 1928,05,Outside Central Region,01 to 05
WHISTLER GRAND,"1,300,000",764.24,"1,701",Aug-22,WEST COAST VALE,Sub Sale,Strata,71,"18,310",-,Apartment,1,99 yrs lease commencing from 2018,05,Outside Central Region,21 to 25
THE CLEMENT CANOPY,"1,210,000",656.6,"1,843",Aug-22,CLEMENTI AVENUE 1,Resale,Strata,61,"19,836",-,Apartment,1,99 yrs lease commencing from 2016,05,Outside Central Region,31 to 35
BIJOU,"1,321,336",613.55,"2,154",Aug-22,JALAN MAT JAMBOL,Resale,Strata,57,"23,181",-,Apartment,1,Freehold,05,Rest of Central Region,01 to 05
PARC RIVIERA,"1,300,000",904.18,"1,438",Aug-22,WEST COAST VALE,Resale,Strata,84,"15,476",-,Condominium,1,99 yrs lease commencing from 2015,05,Outside Central Region,06 to 10
THE INFINITI,"1,780,000","1,302.44","1,367",Aug-22,WEST COAST PARK,Resale,Strata,121,"14,711",-,Condominium,1,Freehold,05,Outside Central Region,01 to 05
THE TRILINQ,"1,182,500",710.42,"1,664",Aug-22,JALAN LEMPENG,Resale,Strata,66,"17,917",-,Condominium,1,99 yrs lease commencing from 2012,05,Outside Central Region,26 to 30
THE TRILINQ,"1,620,000",936.47,"1,730",Aug-22,JALAN LEMPENG,Resale,Strata,87,"18,621",-,Condominium,1,99 yrs lease commencing from 2012,05,Outside Central Region,11 to 15
TWIN VEW,"1,271,000",731.95,"1,736",Aug-22,WEST COAST VALE,Resale,Strata,68,"18,691",-,Apartment,1,99 yrs lease commencing from 2017,05,Outside Central Region,26 to 30
LUXE VILLE,"2,200,000","1,668.42","1,319",Aug-22,PASIR PANJANG ROAD,Resale,Strata,155,"14,194",-,Apartment,1,Freehold,05,Rest of Central Region,01 to 05
THE PARC CONDOMINIUM,"1,550,000",979.52,"1,582",Aug-22,WEST COAST WALK,Resale,Strata,91,"17,033",-,Condominium,1,Freehold,05,Outside Central Region,06 to 10
THE ROCHESTER RESIDENCES,"2,780,000","1,700.71","1,635",Aug-22,ROCHESTER DRIVE,Resale,Strata,158,"17,595",-,Apartment,1,99 yrs lease commencing from 2005,05,Rest of Central Region,21 to 25
PARC RIVIERA,"1,023,000",710.42,"1,440",Aug-22,WEST COAST VALE,Resale,Strata,66,"15,500",-,Condominium,1,99 yrs lease commencing from 2015,05,Outside Central Region,06 to 10
WHISTLER GRAND,"1,080,000",613.55,"1,760",Aug-22,WEST COAST VALE,Sub Sale,Strata,57,"18,947",-,Apartment,1,99 yrs lease commencing from 2018,05,Outside Central Region,06 to 10
WHISTLER GRAND,"790,000",441.32,"1,790",Aug-22,WEST COAST VALE,Sub Sale,Strata,41,"19,268",-,Apartment,1,99 yrs lease commencing from 2018,05,Outside Central Region,01 to 05
THE TRILINQ,"900,000",538.2,"1,672",Aug-22,JALAN LEMPENG,Resale,Strata,50,"18,000",-,Condominium,1,99 yrs lease commencing from 2012,05,Outside Central Region,26 to 30
WHITEHAVEN,"942,000",538.2,"1,750",Aug-22,PASIR PANJANG ROAD,Resale,Strata,50,"18,840",-,Apartment,1,Freehold,05,Rest of Central Region,01 to 05
WHISTLER GRAND,"1,600,000",990.29,"1,616",Aug-22,WEST COAST VALE,Sub Sale,Strata,92,"17,391",-,Apartment,1,99 yrs lease commencing from 2018,05,Outside Central Region,11 to 15
VARSITY PARK CONDOMINIUM,"2,410,000","1,797.59","1,341",Aug-22,WEST COAST ROAD,Resale,Strata,167,"14,431",-,Condominium,1,99 yrs lease commencing from 2004,05,Outside Central Region,01 to 05
WHISTLER GRAND,"880,000",505.91,"1,739",Aug-22,WEST COAST VALE,Sub Sale,Strata,47,"18,723",-,Apartment,1,99 yrs lease commencing from 2018,05,Outside Central Region,21 to 25
REGENT PARK,"1,070,000",958,"1,117",Aug-22,JALAN LEMPENG,Resale,Strata,89,"12,022",-,Condominium,1,99 yrs lease commencing from 1993,05,Outside Central Region,06 to 10
HERITAGE VIEW,"1,830,000","1,194.8","1,532",Aug-22,DOVER RISE,Resale,Strata,111,"16,486",-,Condominium,1,99 yrs lease commencing from 1996,05,Rest of Central Region,06 to 10
THE TRILINQ,"1,380,000",893.41,"1,545",Aug-22,JALAN LEMPENG,Resale,Strata,83,"16,627",-,Condominium,1,99 yrs lease commencing from 2012,05,Outside Central Region,01 to 05
SEAHILL,"1,685,000","1,044.11","1,614",Aug-22,WEST COAST CRESCENT,Resale,Strata,97,"17,371",-,Condominium,1,99 yrs lease commencing from 2011,05,Outside Central Region,11 to 15
VARSITY PARK CONDOMINIUM,"1,350,000",990.29,"1,363",Aug-22,WEST COAST ROAD,Resale,Strata,92,"14,674",-,Condominium,1,99 yrs lease commencing from 2004,05,Outside Central Region,01 to 05
THE PARC CONDOMINIUM,"2,148,000","1,291.68","1,663",Aug-22,WEST COAST WALK,Resale,Strata,120,"17,900",-,Condominium,1,Freehold,05,Outside Central Region,21 to 25
THE TRILINQ,"879,000",538.2,"1,633",Jul-22,JALAN LEMPENG,Resale,Strata,50,"17,580",-,Condominium,1,99 yrs lease commencing from 2012,05,Outside Central Region,16 to 20
THE TRILINQ,"880,000",538.2,"1,635",Jul-22,JALAN LEMPENG,Resale,Strata,50,"17,600",-,Condominium,1,99 yrs lease commencing from 2012,05,Outside Central Region,26 to 30
NEWEST,"2,490,000","2,518.78",989,Jul-22,WEST COAST DRIVE,Resale,Strata,234,"10,641",-,Apartment,1,956 yrs lease commencing from 1928,05,Outside Central Region,01 to 05
WHISTLER GRAND,"1,500,000",958,"1,566",Jul-22,WEST COAST VALE,Sub Sale,Strata,89,"16,854",-,Apartment,1,99 yrs lease commencing from 2018,05,Outside Central Region,01 to 05
MONTEREY PARK CONDOMINIUM,"2,678,000","2,055.92","1,303",Jul-22,WEST COAST RISE,Resale,Strata,191,"14,021",-,Condominium,1,999 yrs lease commencing from 1885,05,Outside Central Region,11 to 15
THE VERANDAH RESIDENCES,"1,160,000",645.84,"1,796",Jul-22,PASIR PANJANG ROAD,Sub Sale,Strata,60,"19,333",-,Apartment,1,Freehold,05,Rest of Central Region,01 to 05
MURANO,"2,108,888","2,045.16","1,031",Jul-22,PASIR PANJANG ROAD,Resale,Strata,190,"11,099",-,Apartment,1,Freehold,05,Rest of Central Region,01 to 05
THE SORRENTO,"781,000",473.62,"1,649",Jul-22,WEST COAST ROAD,Resale,Strata,44,"17,750",-,Condominium,1,Freehold,05,Outside Central Region,01 to 05
BIJOU,"1,000,000",548.96,"1,822",Jul-22,JALAN MAT JAMBOL,Resale,Strata,51,"19,608",-,Apartment,1,Freehold,05,Rest of Central Region,01 to 05
WHISTLER GRAND,"782,000",441.32,"1,772",Jul-22,WEST COAST VALE,Sub Sale,Strata,41,"19,073",-,Apartment,1,99 yrs lease commencing from 2018,05,Outside Central Region,06 to 10
THE CLEMENT CANOPY,"1,095,000",656.6,"1,668",Jul-22,CLEMENTI AVENUE 1,Resale,Strata,61,"17,951",-,Apartment,1,99 yrs lease commencing from 2016,05,Outside Central Region,11 to 15
PARC RIVIERA,"920,000",602.78,"1,526",Jul-22,WEST COAST VALE,Resale,Strata,56,"16,429",-,Condominium,1,99 yrs lease commencing from 2015,05,Outside Central Region,16 to 20
PARC RIVIERA,"1,650,000","1,420.85","1,161",Jul-22,WEST COAST VALE,Resale,Strata,132,"12,500",-,Condominium,1,99 yrs lease commencing from 2015,05,Outside Central Region,36 to 40
THE INFINITI,"1,590,000","1,270.15","1,252",Jul-22,WEST COAST PARK,Resale,Strata,118,"13,475",-,Condominium,1,Freehold,05,Outside Central Region,01 to 05
VARSITY PARK CONDOMINIUM,"1,850,000","1,367.03","1,353",Jul-22,WEST COAST ROAD,Resale,Strata,127,"14,567",-,Condominium,1,99 yrs lease commencing from 2004,05,Outside Central Region,01 to 05
DOVER PARKVIEW,"1,150,000",968.76,"1,187",Jul-22,DOVER RISE,Resale,Strata,90,"12,778",-,Condominium,1,99 yrs lease commencing from 1993,05,Rest of Central Region,06 to 10
REGENT PARK,"1,068,000",958,"1,115",Jul-22,JALAN LEMPENG,Resale,Strata,89,"12,000",-,Condominium,1,99 yrs lease commencing from 1993,05,Outside Central Region,06 to 10
BOTANNIA,"1,880,000","1,237.86","1,519",Jul-22,WEST COAST PARK,Resale,Strata,115,"16,348",-,Condominium,1,956 yrs lease commencing from 1928,05,Outside Central Region,01 to 05
PARC RIVIERA,"705,000",462.85,"1,523",Jul-22,WEST COAST VALE,Resale,Strata,43,"16,395",-,Condominium,1,99 yrs lease commencing from 2015,05,Outside Central Region,06 to 10
THE CLEMENT CANOPY,"1,960,000","1,140.98","1,718",Jul-22,CLEMENTI AVENUE 1,Resale,Strata,106,"18,491",-,Apartment,1,99 yrs lease commencing from 2016,05,Outside Central Region,26 to 30
WHISTLER GRAND,"1,359,920",764.24,"1,779",Jul-22,WEST COAST VALE,Sub Sale,Strata,71,"19,154",-,Apartment,1,99 yrs lease commencing from 2018,05,Outside Central Region,26 to 30
WEST BAY CONDOMINIUM,"939,000",893.41,"1,051",Jul-22,WEST COAST CRESCENT,Resale,Strata,83,"11,313",-,Condominium,1,99 yrs lease commencing from 1991,05,Outside Central Region,01 to 05
BOTANNIA,"1,380,000",904.18,"1,526",Jul-22,WEST COAST PARK,Resale,Strata,84,"16,429",-,Condominium,1,956 yrs lease commencing from 1928,05,Outside Central Region,06 to 10
ONE-NORTH RESIDENCES,"2,495,000","1,614.6","1,545",Jul-22,ONE-NORTH GATEWAY,Resale,Strata,150,"16,633",-,Apartment,1,99 yrs lease commencing from 2005,05,Rest of Central Region,11 to 15
ONE-NORTH RESIDENCES,"1,866,666","1,108.69","1,684",Jul-22,ONE-NORTH GATEWAY,Resale,Strata,103,"18,123",-,Apartment,1,99 yrs lease commencing from 2005,05,Rest of Central Region,11 to 15
CLEMENTIWOODS CONDOMINIUM,"1,212,000","1,001.05","1,211",Jul-22,WEST COAST ROAD,Resale,Strata,93,"13,032",-,Condominium,1,99 yrs lease commencing from 2006,05,Outside Central Region,01 to 05
WHISTLER GRAND,"2,080,000","1,280.92","1,624",Jul-22,WEST COAST VALE,Sub Sale,Strata,119,"17,479",-,Apartment,1,99 yrs lease commencing from 2018,05,Outside Central Region,11 to 15
REGENT PARK,"1,120,000",979.52,"1,143",Jul-22,JALAN LEMPENG,Resale,Strata,91,"12,308",-,Condominium,1,99 yrs lease commencing from 1993,05,Outside Central Region,06 to 10
VIVA VISTA,"658,000",344.45,"1,910",Jul-22,SOUTH BUONA VISTA ROAD,Resale,Strata,32,"20,563",-,Apartment,1,Freehold,05,Rest of Central Region,01 to 05
VIVA VISTA,"686,000",387.5,"1,770",Jul-22,SOUTH BUONA VISTA ROAD,Resale,Strata,36,"19,056",-,Apartment,1,Freehold,05,Rest of Central Region,01 to 05
PARC RIVIERA,"910,000",602.78,"1,510",Jul-22,WEST COAST VALE,Resale,Strata,56,"16,250",-,Condominium,1,99 yrs lease commencing from 2015,05,Outside Central Region,11 to 15
WHISTLER GRAND,"1,130,000",624.31,"1,810",Jul-22,WEST COAST VALE,Sub Sale,Strata,58,"19,483",-,Apartment,1,99 yrs lease commencing from 2018,05,Outside Central Region,21 to 25
THE ROCHESTER RESIDENCES,"1,525,000","1,280.92","1,191",Jul-22,ROCHESTER DRIVE,Resale,Strata,119,"12,815",-,Apartment,1,99 yrs lease commencing from 2005,05,Rest of Central Region,06 to 10
BLUE HORIZON,"1,390,000","1,151.75","1,207",Jul-22,WEST COAST CRESCENT,Resale,Strata,107,"12,991",-,Condominium,1,99 yrs lease commencing from 2000,05,Outside Central Region,06 to 10
WHISTLER GRAND,"1,018,000",613.55,"1,659",Jul-22,WEST COAST VALE,Sub Sale,Strata,57,"17,860",-,Apartment,1,99 yrs lease commencing from 2018,05,Outside Central Region,01 to 05
THE ROCHESTER RESIDENCES,"1,850,000","1,205.57","1,535",Jul-22,ROCHESTER DRIVE,Resale,Strata,112,"16,518",-,Apartment,1,99 yrs lease commencing from 2005,05,Rest of Central Region,11 to 15
THE ESTIVA,"1,950,000","1,560.78","1,249",Jul-22,PASIR PANJANG ROAD,Resale,Strata,145,"13,448",-,Apartment,1,Freehold,05,Rest of Central Region,01 to 05
HUNDRED TREES,"2,080,000","1,302.44","1,597",Jul-22,WEST COAST DRIVE,Resale,Strata,121,"17,190",-,Condominium,1,956 yrs lease commencing from 1928,05,Outside Central Region,06 to 10
VENTANA,"1,798,000","1,302.44","1,380",Jul-22,PASIR PANJANG HILL,Resale,Strata,121,"14,860",-,Apartment,1,Freehold,05,Rest of Central Region,01 to 05
WHISTLER GRAND,"855,000",505.91,"1,690",Jul-22,WEST COAST VALE,Sub Sale,Strata,47,"18,191",-,Apartment,1,99 yrs lease commencing from 2018,05,Outside Central Region,06 to 10
PARC IMPERIAL,"715,000",419.8,"1,703",Jul-22,PASIR PANJANG ROAD,Resale,Strata,39,"18,333",-,Condominium,1,Freehold,05,Rest of Central Region,01 to 05
NEWEST,"2,468,888","2,863.22",862,Jul-22,WEST COAST DRIVE,Resale,Strata,266,"9,282",-,Apartment,1,956 yrs lease commencing from 1928,05,Outside Central Region,01 to 05
WHISTLER GRAND,"1,590,000",958,"1,660",Jul-22,WEST COAST VALE,Sub Sale,Strata,89,"17,865",-,Apartment,1,99 yrs lease commencing from 2018,05,Outside Central Region,01 to 05
THE TRILINQ,"1,690,000","1,044.11","1,619",Jul-22,JALAN LEMPENG,Resale,Strata,97,"17,423",-,Condominium,1,99 yrs lease commencing from 2012,05,Outside Central Region,16 to 20
THE ROCHESTER RESIDENCES,"2,080,000","1,205.57","1,725",Jul-22,ROCHESTER DRIVE,Resale,Strata,112,"18,571",-,Apartment,1,99 yrs lease commencing from 2005,05,Rest of Central Region,31 to 35
LIIV RESIDENCES,"1,040,000",592.02,"1,757",Jul-22,PASIR PANJANG ROAD,Resale,Strata,55,"18,909",-,Apartment,1,Freehold,05,Rest of Central Region,01 to 05
DOVER PARKVIEW,"1,708,000","1,248.62","1,368",Jul-22,DOVER RISE,Resale,Strata,116,"14,724",-,Condominium,1,99 yrs lease commencing from 1993,05,Rest of Central Region,06 to 10
PASIR VIEW PARK,"2,000,000","1,334.74","1,498",Jul-22,PASIR PANJANG ROAD,Resale,Strata,124,"16,129",-,Condominium,1,Freehold,05,Rest of Central Region,01 to 05
CARABELLE,"1,235,000",882.65,"1,399",Jul-22,WEST COAST WAY,Resale,Strata,82,"15,061",-,Condominium,1,956 yrs lease commencing from 1928,05,Outside Central Region,01 to 05
TWIN VEW,"900,000",570.49,"1,578",Jul-22,WEST COAST VALE,Resale,Strata,53,"16,981",-,Apartment,1,99 yrs lease commencing from 2017,05,Outside Central Region,01 to 05
HUNDRED TREES,"2,500,000","1,474.67","1,695",Jul-22,WEST COAST DRIVE,Resale,Strata,137,"18,248",-,Condominium,1,956 yrs lease commencing from 1928,05,Outside Central Region,06 to 10
CARABELLE,"2,750,000","1,819.12","1,512",Jul-22,WEST COAST WAY,Resale,Strata,169,"16,272",-,Condominium,1,956 yrs lease commencing from 1928,05,Outside Central Region,11 to 15
DOVER PARKVIEW,"1,235,000",936.47,"1,319",Jul-22,DOVER RISE,Resale,Strata,87,"14,195",-,Condominium,1,99 yrs lease commencing from 1993,05,Rest of Central Region,11 to 15
WATERFRONT @ FABER,"1,570,000","1,065.64","1,473",Jul-22,FABER WALK,Resale,Strata,99,"15,859",-,Apartment,1,99 yrs lease commencing from 2013,05,Outside Central Region,01 to 05
THE CLEMENT CANOPY,"1,700,000",990.29,"1,717",Jul-22,CLEMENTI AVENUE 1,Resale,Strata,92,"18,478",-,Apartment,1,99 yrs lease commencing from 2016,05,Outside Central Region,16 to 20
VARSITY PARK CONDOMINIUM,"1,570,000","1,313.21","1,196",Jul-22,WEST COAST ROAD,Resale,Strata,122,"12,869",-,Condominium,1,99 yrs lease commencing from 2004,05,Outside Central Region,01 to 05
WHISTLER GRAND,"1,150,000",624.31,"1,842",Jul-22,WEST COAST VALE,Sub Sale,Strata,58,"19,828",-,Apartment,1,99 yrs lease commencing from 2018,05,Outside Central Region,16 to 20
THE CLEMENT CANOPY,"1,085,000",635.08,"1,708",Jul-22,CLEMENTI AVENUE 1,Resale,Strata,59,"18,390",-,Apartment,1,99 yrs lease commencing from 2016,05,Outside Central Region,06 to 10
DOVER PARKVIEW,"1,640,000","1,291.68","1,270",Jul-22,DOVER RISE,Resale,Strata,120,"13,667",-,Condominium,1,99 yrs lease commencing from 1993,05,Rest of Central Region,16 to 20
PARC RIVIERA,"753,000",462.85,"1,627",Jul-22,WEST COAST VALE,Resale,Strata,43,"17,512",-,Condominium,1,99 yrs lease commencing from 2015,05,Outside Central Region,26 to 30
THE STELLAR,"2,030,000","1,334.74","1,521",Jul-22,WEST COAST ROAD,Resale,Strata,124,"16,371",-,Condominium,1,Freehold,05,Outside Central Region,01 to 05
WHISTLER GRAND,"778,000",441.32,"1,763",Jul-22,WEST COAST VALE,Sub Sale,Strata,41,"18,976",-,Apartment,1,99 yrs lease commencing from 2018,05,Outside Central Region,06 to 10
HERITAGE VIEW,"1,700,000","1,194.8","1,423",Jul-22,DOVER RISE,Resale,Strata,111,"15,315",-,Condominium,1,99 yrs lease commencing from 1996,05,Rest of Central Region,06 to 10
THE MAYLEA,"1,400,000","1,011.82","1,384",Jul-22,PASIR PANJANG ROAD,Resale,Strata,94,"14,894",-,Condominium,1,Freehold,05,Rest of Central Region,01 to 05
TWIN VEW,"1,460,000",904.18,"1,615",Jul-22,WEST COAST VALE,Resale,Strata,84,"17,381",-,Apartment,1,99 yrs lease commencing from 2017,05,Outside Central Region,06 to 10
THE TRILINQ,"1,580,000","1,108.69","1,425",Jul-22,JALAN LEMPENG,Resale,Strata,103,"15,340",-,Condominium,1,99 yrs lease commencing from 2012,05,Outside Central Region,21 to 25
THE MAYLEA,"1,486,000",968.76,"1,534",Jul-22,PASIR PANJANG ROAD,Resale,Strata,90,"16,511",-,Condominium,1,Freehold,05,Rest of Central Region,01 to 05
THE CLEMENT CANOPY,"1,295,000",731.95,"1,769",Jun-22,CLEMENTI AVENUE 1,Resale,Strata,68,"19,044",-,Apartment,1,99 yrs lease commencing from 2016,05,Outside Central Region,21 to 25
BOTANNIA,"1,920,000","1,227.1","1,565",Jun-22,WEST COAST PARK,Resale,Strata,114,"16,842",-,Condominium,1,956 yrs lease commencing from 1928,05,Outside Central Region,11 to 15
VILLA DE WEST,"1,300,000","1,011.82","1,285",Jun-22,PASIR PANJANG ROAD,Resale,Strata,94,"13,830",-,Condominium,1,Freehold,05,Rest of Central Region,01 to 05
TWIN VEW,"2,380,000","1,442.38","1,650",Jun-22,WEST COAST VALE,Resale,Strata,134,"17,761",-,Apartment,1,99 yrs lease commencing from 2017,05,Outside Central Region,36 to 40
THE VISION,"1,360,000",904.18,"1,504",Jun-22,WEST COAST CRESCENT,Resale,Strata,84,"16,190",-,Condominium,1,99 yrs lease commencing from 2008,05,Outside Central Region,11 to 15
THE TRILINQ,"1,506,800",914.94,"1,647",Jun-22,JALAN LEMPENG,Resale,Strata,85,"17,727",-,Condominium,1,99 yrs lease commencing from 2012,05,Outside Central Region,06 to 10
PARC RIVIERA,"1,456,000",990.29,"1,470",Jun-22,WEST COAST VALE,Resale,Strata,92,"15,826",-,Condominium,1,99 yrs lease commencing from 2015,05,Outside Central Region,21 to 25
TWIN VEW,"1,140,000",731.95,"1,557",Jun-22,WEST COAST VALE,Resale,Strata,68,"16,765",-,Apartment,1,99 yrs lease commencing from 2017,05,Outside Central Region,01 to 05
RESIDENTIAL APARTMENTS,"1,528,000","1,571.54",972,Jun-22,PASIR PANJANG ROAD,Resale,Strata,146,"10,466",-,Apartment,1,Freehold,05,Rest of Central Region,01 to 05
THE VISION,"1,230,000",818.06,"1,504",Jun-22,WEST COAST CRESCENT,Resale,Strata,76,"16,184",-,Condominium,1,99 yrs lease commencing from 2008,05,Outside Central Region,26 to 30
THE PARC CONDOMINIUM,"1,475,000",979.52,"1,506",Jun-22,WEST COAST WALK,Resale,Strata,91,"16,209",-,Condominium,1,Freehold,05,Outside Central Region,06 to 10
BLUE HORIZON,"1,380,000","1,259.39","1,096",Jun-22,WEST COAST CRESCENT,Resale,Strata,117,"11,795",-,Condominium,1,99 yrs lease commencing from 2000,05,Outside Central Region,01 to 05
PARC RIVIERA,"920,000",602.78,"1,526",Jun-22,WEST COAST VALE,Resale,Strata,56,"16,429",-,Condominium,1,99 yrs lease commencing from 2015,05,Outside Central Region,31 to 35
WHISTLER GRAND,"992,000",624.31,"1,589",Jun-22,WEST COAST VALE,Sub Sale,Strata,58,"17,103",-,Apartment,1,99 yrs lease commencing from 2018,05,Outside Central Region,06 to 10
THE TRILINQ,"868,888",538.2,"1,614",Jun-22,JALAN LEMPENG,Resale,Strata,50,"17,378",-,Condominium,1,99 yrs lease commencing from 2012,05,Outside Central Region,16 to 20
PARC RIVIERA,"739,000",462.85,"1,597",Jun-22,WEST COAST VALE,Resale,Strata,43,"17,186",-,Condominium,1,99 yrs lease commencing from 2015,05,Outside Central Region,26 to 30
ONE-NORTH RESIDENCES,"2,130,000","1,367.03","1,558",Jun-22,ONE-NORTH GATEWAY,Resale,Strata,127,"16,772",-,Apartment,1,99 yrs lease commencing from 2005,05,Rest of Central Region,01 to 05
PARC RIVIERA,"1,700,000","1,184.04","1,436",Jun-22,WEST COAST VALE,Resale,Strata,110,"15,455",-,Condominium,1,99 yrs lease commencing from 2015,05,Outside Central Region,26 to 30
THE CLEMENT CANOPY,"1,295,000",731.95,"1,769",Jun-22,CLEMENTI AVENUE 1,Resale,Strata,68,"19,044",-,Apartment,1,99 yrs lease commencing from 2016,05,Outside Central Region,21 to 25
MONTEREY PARK CONDOMINIUM,"1,780,000","1,259.39","1,413",Jun-22,WEST COAST RISE,Resale,Strata,117,"15,214",-,Condominium,1,999 yrs lease commencing from 1885,05,Outside Central Region,01 to 05
SEAHILL,"745,000",505.91,"1,473",Jun-22,WEST COAST CRESCENT,Resale,Strata,47,"15,851",-,Condominium,1,99 yrs lease commencing from 2011,05,Outside Central Region,11 to 15
GOLD COAST CONDOMINIUM,"1,880,000","1,453.14","1,294",Jun-22,PASIR PANJANG ROAD,Resale,Strata,135,"13,926",-,Condominium,1,Freehold,05,Rest of Central Region,01 to 05
HERITAGE VIEW,"1,275,000",968.76,"1,316",Jun-22,DOVER RISE,Resale,Strata,90,"14,167",-,Condominium,1,99 yrs lease commencing from 1996,05,Rest of Central Region,06 to 10
WHISTLER GRAND,"1,650,000",958,"1,722",Jun-22,WEST COAST VALE,Sub Sale,Strata,89,"18,539",-,Apartment,1,99 yrs lease commencing from 2018,05,Outside Central Region,16 to 20
BIJOU,"1,512,540",721.19,"2,097",Jun-22,JALAN MAT JAMBOL,Resale,Strata,67,"22,575",-,Apartment,1,Freehold,05,Rest of Central Region,01 to 05
THE CLEMENT CANOPY,"1,100,000",635.08,"1,732",Jun-22,CLEMENTI AVENUE 1,Resale,Strata,59,"18,644",-,Apartment,1,99 yrs lease commencing from 2016,05,Outside Central Region,11 to 15
WHISTLER GRAND,"1,238,000",764.24,"1,620",Jun-22,WEST COAST VALE,Sub Sale,Strata,71,"17,437",-,Apartment,1,99 yrs lease commencing from 2018,05,Outside Central Region,01 to 05
THE INFINITI,"1,570,000","1,237.86","1,268",Jun-22,WEST COAST PARK,Resale,Strata,115,"13,652",-,Condominium,1,Freehold,05,Outside Central Region,06 to 10
THE INFINITI,"1,760,000","1,270.15","1,386",Jun-22,WEST COAST PARK,Resale,Strata,118,"14,915",-,Condominium,1,Freehold,05,Outside Central Region,11 to 15
THE ROCHESTER RESIDENCES,"2,720,000","1,862.17","1,461",Jun-22,ROCHESTER DRIVE,Resale,Strata,173,"15,723",-,Apartment,1,99 yrs lease commencing from 2005,05,Rest of Central Region,26 to 30
THE TRILINQ,"812,000",538.2,"1,509",Jun-22,JALAN LEMPENG,Resale,Strata,50,"16,240",-,Condominium,1,99 yrs lease commencing from 2012,05,Outside Central Region,01 to 05
PARC RIVIERA,"715,000",462.85,"1,545",Jun-22,WEST COAST VALE,Resale,Strata,43,"16,628",-,Condominium,1,99 yrs lease commencing from 2015,05,Outside Central Region,16 to 20
PARC RIVIERA,"1,100,000",710.42,"1,548",Jun-22,WEST COAST VALE,Resale,Strata,66,"16,667",-,Condominium,1,99 yrs lease commencing from 2015,05,Outside Central Region,31 to 35
THE SORRENTO,"1,270,000",807.3,"1,573",Jun-22,WEST COAST ROAD,Resale,Strata,75,"16,933",-,Condominium,1,Freehold,05,Outside Central Region,01 to 05
THE TRILINQ,"840,000",538.2,"1,561",Jun-22,JALAN LEMPENG,Resale,Strata,50,"16,800",-,Condominium,1,99 yrs lease commencing from 2012,05,Outside Central Region,06 to 10
WHISTLER GRAND,"968,000",602.78,"1,606",Jun-22,WEST COAST VALE,Sub Sale,Strata,56,"17,286",-,Apartment,1,99 yrs lease commencing from 2018,05,Outside Central Region,01 to 05
VIVA VISTA,"633,000",376.74,"1,680",Jun-22,SOUTH BUONA VISTA ROAD,Resale,Strata,35,"18,086",-,Apartment,1,Freehold,05,Rest of Central Region,01 to 05
MONTEREY PARK CONDOMINIUM,"2,020,000","1,367.03","1,478",Jun-22,WEST COAST RISE,Resale,Strata,127,"15,906",-,Condominium,1,999 yrs lease commencing from 1885,05,Outside Central Region,01 to 05
DOVER PARKVIEW,"1,150,000",936.47,"1,228",Jun-22,DOVER RISE,Resale,Strata,87,"13,218",-,Condominium,1,99 yrs lease commencing from 1993,05,Rest of Central Region,01 to 05
FABER CREST,"1,368,000","1,248.62","1,096",Jun-22,FABER HEIGHTS,Resale,Strata,116,"11,793",-,Condominium,1,99 yrs lease commencing from 1996,05,Outside Central Region,01 to 05
PARC RIVIERA,"1,360,000",904.18,"1,504",Jun-22,WEST COAST VALE,Resale,Strata,84,"16,190",-,Condominium,1,99 yrs lease commencing from 2015,05,Outside Central Region,26 to 30
ONE-NORTH RESIDENCES,"858,000",516.67,"1,661",Jun-22,ONE-NORTH GATEWAY,Resale,Strata,48,"17,875",-,Apartment,1,99 yrs lease commencing from 2005,05,Rest of Central Region,01 to 05
HUNDRED TREES,"2,380,000","1,474.67","1,614",Jun-22,WEST COAST DRIVE,Resale,Strata,137,"17,372",-,Condominium,1,956 yrs lease commencing from 1928,05,Outside Central Region,01 to 05
WHISTLER GRAND,"1,275,000",764.24,"1,668",Jun-22,WEST COAST VALE,Sub Sale,Strata,71,"17,958",-,Apartment,1,99 yrs lease commencing from 2018,05,Outside Central Region,06 to 10
ONE-NORTH RESIDENCES,"2,070,000","1,334.74","1,551",Jun-22,ONE-NORTH GATEWAY,Resale,Strata,124,"16,694",-,Apartment,1,99 yrs lease commencing from 2005,05,Rest of Central Region,01 to 05
THE VISION,"1,990,000","1,313.21","1,515",Jun-22,WEST COAST CRESCENT,Resale,Strata,122,"16,311",-,Condominium,1,99 yrs lease commencing from 2008,05,Outside Central Region,26 to 30
THE CLEMENT CANOPY,"2,300,000","1,345.5","1,709",May-22,CLEMENTI AVENUE 1,Resale,Strata,125,"18,400",-,Apartment,1,99 yrs lease commencing from 2016,05,Outside Central Region,36 to 40
TWIN VEW,"1,130,000",731.95,"1,544",May-22,WEST COAST VALE,Resale,Strata,68,"16,618",-,Apartment,1,99 yrs lease commencing from 2017,05,Outside Central Region,06 to 10
WHISTLER GRAND,"1,800,000","1,065.64","1,689",May-22,WEST COAST VALE,Sub Sale,Strata,99,"18,182",-,Apartment,1,99 yrs lease commencing from 2018,05,Outside Central Region,16 to 20
FRAGRANCE COURT,"1,770,000","1,420.85","1,246",May-22,YEW SIANG ROAD,Resale,Strata,132,"13,409",-,Apartment,1,Freehold,05,Rest of Central Region,01 to 05
THE SORRENTO,"1,168,000",742.72,"1,573",May-22,WEST COAST ROAD,Resale,Strata,69,"16,928",-,Condominium,1,Freehold,05,Outside Central Region,01 to 05
THE CLEMENT CANOPY,"1,050,000",635.08,"1,653",May-22,CLEMENTI AVENUE 1,Resale,Strata,59,"17,797",-,Apartment,1,99 yrs lease commencing from 2016,05,Outside Central Region,26 to 30
THE TRILINQ,"880,000",538.2,"1,635",May-22,JALAN LEMPENG,Resale,Strata,50,"17,600",-,Condominium,1,99 yrs lease commencing from 2012,05,Outside Central Region,21 to 25
DOVER PARKVIEW,"1,300,000",968.76,"1,342",May-22,DOVER RISE,Resale,Strata,90,"14,444",-,Condominium,1,99 yrs lease commencing from 1993,05,Rest of Central Region,06 to 10
SEAHILL,"1,300,000",861.12,"1,510",May-22,WEST COAST CRESCENT,Resale,Strata,80,"16,250",-,Condominium,1,99 yrs lease commencing from 2011,05,Outside Central Region,16 to 20
VIVA VISTA,"630,000",409.03,"1,540",May-22,SOUTH BUONA VISTA ROAD,Resale,Strata,38,"16,579",-,Apartment,1,Freehold,05,Rest of Central Region,01 to 05
WHISTLER GRAND,"1,280,000",764.24,"1,675",May-22,WEST COAST VALE,Sub Sale,Strata,71,"18,028",-,Apartment,1,99 yrs lease commencing from 2018,05,Outside Central Region,11 to 15
THE CLEMENT CANOPY,"1,248,000",710.42,"1,757",May-22,CLEMENTI AVENUE 1,Resale,Strata,66,"18,909",-,Apartment,1,99 yrs lease commencing from 2016,05,Outside Central Region,26 to 30
THE VISION,"2,150,000","1,313.21","1,637",May-22,WEST COAST CRESCENT,Resale,Strata,122,"17,623",-,Condominium,1,99 yrs lease commencing from 2008,05,Outside Central Region,31 to 35
WESTCOVE CONDOMINIUM,"1,060,000","1,140.98",929,May-22,WEST COAST CRESCENT,Resale,Strata,106,"10,000",-,Condominium,1,99 yrs lease commencing from 1995,05,Outside Central Region,01 to 05
THE CLEMENT CANOPY,"1,820,000","1,108.69","1,642",May-22,CLEMENTI AVENUE 1,Resale,Strata,103,"17,670",-,Apartment,1,99 yrs lease commencing from 2016,05,Outside Central Region,16 to 20
BIJOU,"1,667,936",753.48,"2,214",May-22,JALAN MAT JAMBOL,Resale,Strata,70,"23,828",-,Apartment,1,Freehold,05,Rest of Central Region,01 to 05
PALISADES,"3,400,000","3,293.78","1,032",May-22,PASIR PANJANG ROAD,Resale,Strata,306,"11,111",-,Condominium,1,Freehold,05,Rest of Central Region,06 to 10
THE VISION,"1,440,000",904.18,"1,593",May-22,WEST COAST CRESCENT,Resale,Strata,84,"17,143",-,Condominium,1,99 yrs lease commencing from 2008,05,Outside Central Region,31 to 35
PARC RIVIERA,"1,355,000",904.18,"1,499",May-22,WEST COAST VALE,Resale,Strata,84,"16,131",-,Condominium,1,99 yrs lease commencing from 2015,05,Outside Central Region,26 to 30
THE ESTIVA,"1,430,000",979.52,"1,460",May-22,PASIR PANJANG ROAD,Resale,Strata,91,"15,714",-,Apartment,1,Freehold,05,Rest of Central Region,01 to 05
THE TRILINQ,"2,280,000","1,356.26","1,681",May-22,JALAN LEMPENG,Resale,Strata,126,"18,095",-,Condominium,1,99 yrs lease commencing from 2012,05,Outside Central Region,26 to 30
PARC RIVIERA,"900,000",624.31,"1,442",May-22,WEST COAST VALE,Resale,Strata,58,"15,517",-,Condominium,1,99 yrs lease commencing from 2015,05,Outside Central Region,01 to 05
DOVER PARKVIEW,"1,238,000",968.76,"1,278",May-22,DOVER RISE,Resale,Strata,90,"13,756",-,Condominium,1,99 yrs lease commencing from 1993,05,Rest of Central Region,06 to 10
ONE-NORTH RESIDENCES,"1,580,000","1,011.82","1,562",May-22,ONE-NORTH GATEWAY,Resale,Strata,94,"16,809",-,Apartment,1,99 yrs lease commencing from 2005,05,Rest of Central Region,06 to 10
CARABELLE,"1,638,000","1,151.75","1,422",May-22,WEST COAST WAY,Resale,Strata,107,"15,308",-,Condominium,1,956 yrs lease commencing from 1928,05,Outside Central Region,01 to 05
DOVER PARKVIEW,"1,198,888",968.76,"1,238",May-22,DOVER RISE,Resale,Strata,90,"13,321",-,Condominium,1,99 yrs lease commencing from 1993,05,Rest of Central Region,01 to 05
PARC RIVIERA,"1,020,000",710.42,"1,436",May-22,WEST COAST VALE,Resale,Strata,66,"15,455",-,Condominium,1,99 yrs lease commencing from 2015,05,Outside Central Region,21 to 25
BANYAN CONDOMINIUM,"2,200,000","1,851.41","1,188",May-22,CHWEE CHIAN ROAD,Resale,Strata,172,"12,791",-,Condominium,1,Freehold,05,Rest of Central Region,01 to 05
HERITAGE VIEW,"1,680,000","1,194.8","1,406",May-22,DOVER RISE,Resale,Strata,111,"15,135",-,Condominium,1,99 yrs lease commencing from 1996,05,Rest of Central Region,06 to 10
KENT RIDGE HILL RESIDENCES,"888,888",473.62,"1,877",May-22,SOUTH BUONA VISTA ROAD,Sub Sale,Strata,44,"20,202",-,Apartment,1,99 yrs lease commencing from 2018,05,Rest of Central Region,01 to 05
WEST BAY CONDOMINIUM,"878,888",850.36,"1,034",May-22,WEST COAST CRESCENT,Resale,Strata,79,"11,125",-,Condominium,1,99 yrs lease commencing from 1991,05,Outside Central Region,01 to 05
CLEMENTIWOODS CONDOMINIUM,"2,630,000","1,915.99","1,373",May-22,WEST COAST ROAD,Resale,Strata,178,"14,775",-,Condominium,1,99 yrs lease commencing from 2006,05,Outside Central Region,01 to 05
PARC RIVIERA,"868,000",602.78,"1,440",May-22,WEST COAST VALE,Resale,Strata,56,"15,500",-,Condominium,1,99 yrs lease commencing from 2015,05,Outside Central Region,01 to 05
THE PARC CONDOMINIUM,"1,470,000",979.52,"1,501",May-22,WEST COAST WALK,Resale,Strata,91,"16,154",-,Condominium,1,Freehold,05,Outside Central Region,11 to 15
SEAHILL,"720,000",495.14,"1,454",May-22,WEST COAST CRESCENT,Resale,Strata,46,"15,652",-,Condominium,1,99 yrs lease commencing from 2011,05,Outside Central Region,01 to 05
TWIN VEW,"2,100,000","1,184.04","1,774",May-22,WEST COAST VALE,Resale,Strata,110,"19,091",-,Apartment,1,99 yrs lease commencing from 2017,05,Outside Central Region,31 to 35
WHISTLER GRAND,"1,050,000",613.55,"1,711",May-22,WEST COAST VALE,Sub Sale,Strata,57,"18,421",-,Apartment,1,99 yrs lease commencing from 2018,05,Outside Central Region,26 to 30
THE TRILINQ,"840,000",538.2,"1,561",May-22,JALAN LEMPENG,Resale,Strata,50,"16,800",-,Condominium,1,99 yrs lease commencing from 2012,05,Outside Central Region,16 to 20
PARC IMPERIAL,"750,000",409.03,"1,834",May-22,PASIR PANJANG ROAD,Resale,Strata,38,"19,737",-,Condominium,1,Freehold,05,Rest of Central Region,01 to 05
PARC IMPERIAL,"715,000",419.8,"1,703",May-22,PASIR PANJANG ROAD,Resale,Strata,39,"18,333",-,Condominium,1,Freehold,05,Rest of Central Region,01 to 05
BOTANNIA,"1,860,000","1,259.39","1,477",May-22,WEST COAST PARK,Resale,Strata,117,"15,897",-,Condominium,1,956 yrs lease commencing from 1928,05,Outside Central Region,06 to 10
THE PARC CONDOMINIUM,"2,515,000","1,517.72","1,657",May-22,WEST COAST WALK,Resale,Strata,141,"17,837",-,Condominium,1,Freehold,05,Outside Central Region,11 to 15
ONE-NORTH RESIDENCES,"2,150,000","1,334.74","1,611",May-22,ONE-NORTH GATEWAY,Resale,Strata,124,"17,339",-,Apartment,1,99 yrs lease commencing from 2005,05,Rest of Central Region,11 to 15
CARABELLE,"1,818,888","1,291.68","1,408",May-22,WEST COAST WAY,Resale,Strata,120,"15,157",-,Condominium,1,956 yrs lease commencing from 1928,05,Outside Central Region,01 to 05
THE ROCHESTER RESIDENCES,"2,875,000","1,948.28","1,476",May-22,ROCHESTER DRIVE,Resale,Strata,181,"15,884",-,Apartment,1,99 yrs lease commencing from 2005,05,Rest of Central Region,11 to 15
WHISTLER GRAND,"1,267,000",764.24,"1,658",May-22,WEST COAST VALE,Sub Sale,Strata,71,"17,845",-,Apartment,1,99 yrs lease commencing from 2018,05,Outside Central Region,01 to 05
DOVER PARKVIEW,"1,630,000","1,248.62","1,305",May-22,DOVER RISE,Resale,Strata,116,"14,052",-,Condominium,1,99 yrs lease commencing from 1993,05,Rest of Central Region,06 to 10
THE PARC CONDOMINIUM,"3,500,000","2,647.94","1,322",May-22,WEST COAST WALK,Resale,Strata,246,"14,228",-,Condominium,1,Freehold,05,Outside Central Region,21 to 25
THE ROCHESTER RESIDENCES,"1,810,000","1,216.33","1,488",May-22,ROCHESTER DRIVE,Resale,Strata,113,"16,018",-,Apartment,1,99 yrs lease commencing from 2005,05,Rest of Central Region,16 to 20
VIVA VISTA,"925,000",796.54,"1,161",May-22,SOUTH BUONA VISTA ROAD,Resale,Strata,74,"12,500",-,Apartment,1,Freehold,05,Rest of Central Region,01 to 05
NEWEST,"2,513,000","2,551.07",985,May-22,WEST COAST DRIVE,Resale,Strata,237,"10,603",-,Apartment,1,956 yrs lease commencing from 1928,05,Outside Central Region,01 to 05
THE VISION,"1,980,000","1,302.44","1,520",May-22,WEST COAST CRESCENT,Resale,Strata,121,"16,364",-,Condominium,1,99 yrs lease commencing from 2008,05,Outside Central Region,26 to 30
THE VERANDAH RESIDENCES,"1,950,000",990.29,"1,969",May-22,PASIR PANJANG ROAD,Sub Sale,Strata,92,"21,196",-,Apartment,1,Freehold,05,Rest of Central Region,01 to 05
DOVER PARKVIEW,"1,230,000",968.76,"1,270",May-22,DOVER RISE,Resale,Strata,90,"13,667",-,Condominium,1,99 yrs lease commencing from 1993,05,Rest of Central Region,01 to 05
THE CLEMENT CANOPY,"1,675,888",990.29,"1,692",May-22,CLEMENTI AVENUE 1,Resale,Strata,92,"18,216",-,Apartment,1,99 yrs lease commencing from 2016,05,Outside Central Region,16 to 20
BOTANNIA,"1,850,000","1,248.62","1,482",May-22,WEST COAST PARK,Resale,Strata,116,"15,948",-,Condominium,1,956 yrs lease commencing from 1928,05,Outside Central Region,06 to 10
THE VISION,"1,860,000","1,313.21","1,416",May-22,WEST COAST CRESCENT,Resale,Strata,122,"15,246",-,Condominium,1,99 yrs lease commencing from 2008,05,Outside Central Region,11 to 15
THE CLEMENT CANOPY,"1,340,000",731.95,"1,831",May-22,CLEMENTI AVENUE 1,Resale,Strata,68,"19,706",-,Apartment,1,99 yrs lease commencing from 2016,05,Outside Central Region,36 to 40
MONTEREY PARK CONDOMINIUM,"2,118,850","1,367.03","1,550",May-22,WEST COAST RISE,Resale,Strata,127,"16,684",-,Condominium,1,999 yrs lease commencing from 1885,05,Outside Central Region,06 to 10
THE VISION,"1,150,000",818.06,"1,406",May-22,WEST COAST CRESCENT,Resale,Strata,76,"15,132",-,Condominium,1,99 yrs lease commencing from 2008,05,Outside Central Region,01 to 05
THE TRILINQ,"1,220,000",753.48,"1,619",May-22,JALAN LEMPENG,Resale,Strata,70,"17,429",-,Condominium,1,99 yrs lease commencing from 2012,05,Outside Central Region,06 to 10
ONE-NORTH RESIDENCES,"2,300,000","1,420.85","1,619",May-22,ONE-NORTH GATEWAY,Resale,Strata,132,"17,424",-,Apartment,1,99 yrs lease commencing from 2005,05,Rest of Central Region,01 to 05
PARC RIVIERA,"1,720,000","1,184.04","1,453",May-22,WEST COAST VALE,Resale,Strata,110,"15,636",-,Condominium,1,99 yrs lease commencing from 2015,05,Outside Central Region,21 to 25
PARC RIVIERA,"1,350,000",904.18,"1,493",May-22,WEST COAST VALE,Resale,Strata,84,"16,071",-,Condominium,1,99 yrs lease commencing from 2015,05,Outside Central Region,26 to 30
PARC IMPERIAL,"730,000",419.8,"1,739",May-22,PASIR PANJANG ROAD,Resale,Strata,39,"18,718",-,Condominium,1,Freehold,05,Rest of Central Region,01 to 05
LE HILL CONDOMINIUM,"1,360,000",947.23,"1,436",May-22,PASIR PANJANG HILL,Resale,Strata,88,"15,455",-,Condominium,1,Freehold,05,Rest of Central Region,01 to 05
PARC RIVIERA,"898,000",602.78,"1,490",May-22,WEST COAST VALE,Resale,Strata,56,"16,036",-,Condominium,1,99 yrs lease commencing from 2015,05,Outside Central Region,06 to 10
THE TRILINQ,"1,720,000","1,044.11","1,647",May-22,JALAN LEMPENG,Resale,Strata,97,"17,732",-,Condominium,1,99 yrs lease commencing from 2012,05,Outside Central Region,16 to 20
LE HILL CONDOMINIUM,"1,520,000","1,194.8","1,272",May-22,PASIR PANJANG HILL,Resale,Strata,111,"13,694",-,Condominium,1,Freehold,05,Rest of Central Region,01 to 05
BLUE HORIZON,"1,430,000","1,162.51","1,230",May-22,WEST COAST CRESCENT,Resale,Strata,108,"13,241",-,Condominium,1,99 yrs lease commencing from 2000,05,Outside Central Region,06 to 10
PASIR VIEW PARK,"1,830,000","1,334.74","1,371",May-22,PASIR PANJANG ROAD,Resale,Strata,124,"14,758",-,Condominium,1,Freehold,05,Rest of Central Region,01 to 05
WHITEHAVEN,"920,000",538.2,"1,709",May-22,PASIR PANJANG ROAD,Resale,Strata,50,"18,400",-,Apartment,1,Freehold,05,Rest of Central Region,01 to 05
SEAHILL,"938,000",667.37,"1,406",May-22,WEST COAST CRESCENT,Resale,Strata,62,"15,129",-,Condominium,1,99 yrs lease commencing from 2011,05,Outside Central Region,11 to 15
BLUE HORIZON,"1,100,000",968.76,"1,135",May-22,WEST COAST CRESCENT,Resale,Strata,90,"12,222",-,Condominium,1,99 yrs lease commencing from 2000,05,Outside Central Region,01 to 05
VARSITY PARK CONDOMINIUM,"1,900,000","1,453.14","1,308",May-22,WEST COAST ROAD,Resale,Strata,135,"14,074",-,Condominium,1,99 yrs lease commencing from 2004,05,Outside Central Region,01 to 05
BLUE HORIZON,"1,470,000","1,216.33","1,209",Apr-22,WEST COAST CRESCENT,Resale,Strata,113,"13,009",-,Condominium,1,99 yrs lease commencing from 2000,05,Outside Central Region,16 to 20
CLEMENTIWOODS CONDOMINIUM,"2,275,000","1,636.13","1,390",Apr-22,WEST COAST ROAD,Resale,Strata,152,"14,967",-,Condominium,1,99 yrs lease commencing from 2006,05,Outside Central Region,01 to 05
DOVER PARKVIEW,"1,190,000",968.76,"1,228",Apr-22,DOVER RISE,Resale,Strata,90,"13,222",-,Condominium,1,99 yrs lease commencing from 1993,05,Rest of Central Region,11 to 15
THE ROCHESTER RESIDENCES,"2,750,000","1,948.28","1,411",Apr-22,ROCHESTER DRIVE,Resale,Strata,181,"15,193",-,Apartment,1,99 yrs lease commencing from 2005,05,Rest of Central Region,21 to 25
THE CLEMENT CANOPY,"1,160,000",656.6,"1,767",Apr-22,CLEMENTI AVENUE 1,Resale,Strata,61,"19,016",-,Apartment,1,99 yrs lease commencing from 2016,05,Outside Central Region,26 to 30
THE VISION,"1,180,000",904.18,"1,305",Apr-22,WEST COAST CRESCENT,Resale,Strata,84,"14,048",-,Condominium,1,99 yrs lease commencing from 2008,05,Outside Central Region,01 to 05
TWIN VEW,"1,686,000","1,054.87","1,598",Apr-22,WEST COAST VALE,Resale,Strata,98,"17,204",-,Apartment,1,99 yrs lease commencing from 2017,05,Outside Central Region,16 to 20
VENTANA,"2,280,000","1,603.84","1,422",Apr-22,PASIR PANJANG HILL,Resale,Strata,149,"15,302",-,Apartment,1,Freehold,05,Rest of Central Region,01 to 05
PARC RIVIERA,"950,000",645.84,"1,471",Apr-22,WEST COAST VALE,Resale,Strata,60,"15,833",-,Condominium,1,99 yrs lease commencing from 2015,05,Outside Central Region,21 to 25
THE CLEMENT CANOPY,"1,185,000",710.42,"1,668",Apr-22,CLEMENTI AVENUE 1,Resale,Strata,66,"17,955",-,Apartment,1,99 yrs lease commencing from 2016,05,Outside Central Region,16 to 20
WHISTLER GRAND,"745,000",441.32,"1,688",Apr-22,WEST COAST VALE,Sub Sale,Strata,41,"18,171",-,Apartment,1,99 yrs lease commencing from 2018,05,Outside Central Region,06 to 10
THE STELLAR,"2,125,000","1,593.07","1,334",Apr-22,WEST COAST ROAD,Resale,Strata,148,"14,358",-,Condominium,1,Freehold,05,Outside Central Region,01 to 05
WATERFRONT @ FABER,"1,080,000",764.24,"1,413",Apr-22,FABER WALK,Resale,Strata,71,"15,211",-,Apartment,1,99 yrs lease commencing from 2013,05,Outside Central Region,01 to 05
WEST BAY CONDOMINIUM,"1,270,000","1,227.1","1,035",Apr-22,WEST COAST CRESCENT,Resale,Strata,114,"11,140",-,Condominium,1,99 yrs lease commencing from 1991,05,Outside Central Region,06 to 10
THE CLEMENT CANOPY,"1,700,000",990.29,"1,717",Apr-22,CLEMENTI AVENUE 1,Resale,Strata,92,"18,478",-,Apartment,1,99 yrs lease commencing from 2016,05,Outside Central Region,21 to 25
GOLD COAST CONDOMINIUM,"2,950,000","1,872.94","1,575",Apr-22,PASIR PANJANG ROAD,Resale,Strata,174,"16,954",-,Condominium,1,Freehold,05,Rest of Central Region,01 to 05
HERITAGE VIEW,"1,710,000","1,194.8","1,431",Apr-22,DOVER RISE,Resale,Strata,111,"15,405",-,Condominium,1,99 yrs lease commencing from 1996,05,Rest of Central Region,06 to 10
THE CLEMENT CANOPY,"1,638,000",990.29,"1,654",Apr-22,CLEMENTI AVENUE 1,Resale,Strata,92,"17,804",-,Apartment,1,99 yrs lease commencing from 2016,05,Outside Central Region,06 to 10
THE INFINITI,"2,200,000","1,496.2","1,470",Apr-22,WEST COAST PARK,Resale,Strata,139,"15,827",-,Condominium,1,Freehold,05,Outside Central Region,06 to 10
ONE-NORTH RESIDENCES,"1,610,000","1,033.34","1,558",Apr-22,ONE-NORTH GATEWAY,Resale,Strata,96,"16,771",-,Apartment,1,99 yrs lease commencing from 2005,05,Rest of Central Region,11 to 15
PARC IMPERIAL,"715,000",430.56,"1,661",Apr-22,PASIR PANJANG ROAD,Resale,Strata,40,"17,875",-,Condominium,1,Freehold,05,Rest of Central Region,01 to 05
MONTEREY PARK CONDOMINIUM,"1,710,000","1,259.39","1,358",Apr-22,WEST COAST RISE,Resale,Strata,117,"14,615",-,Condominium,1,999 yrs lease commencing from 1885,05,Outside Central Region,06 to 10
THE PARC CONDOMINIUM,"2,238,888","1,410.08","1,588",Apr-22,WEST COAST WALK,Resale,Strata,131,"17,091",-,Condominium,1,Freehold,05,Outside Central Region,21 to 25
BLUE HORIZON,"1,510,000","1,162.51","1,299",Apr-22,WEST COAST CRESCENT,Resale,Strata,108,"13,981",-,Condominium,1,99 yrs lease commencing from 2000,05,Outside Central Region,21 to 25
ONE-NORTH RESIDENCES,"3,550,000","3,089.27","1,149",Apr-22,ONE-NORTH GATEWAY,Resale,Strata,287,"12,369",-,Apartment,1,99 yrs lease commencing from 2005,05,Rest of Central Region,11 to 15
THE INFINITI,"1,550,000","1,270.15","1,220",Apr-22,WEST COAST PARK,Resale,Strata,118,"13,136",-,Condominium,1,Freehold,05,Outside Central Region,06 to 10
THE PARC CONDOMINIUM,"1,450,000",979.52,"1,480",Apr-22,WEST COAST WALK,Resale,Strata,91,"15,934",-,Condominium,1,Freehold,05,Outside Central Region,11 to 15
PARC RIVIERA,"1,020,000",710.42,"1,436",Apr-22,WEST COAST VALE,Resale,Strata,66,"15,455",-,Condominium,1,99 yrs lease commencing from 2015,05,Outside Central Region,11 to 15
SEASUITES,"1,450,000",979.52,"1,480",Apr-22,PASIR PANJANG ROAD,Resale,Strata,91,"15,934",-,Apartment,1,Freehold,05,Rest of Central Region,01 to 05
PASIR PANJANG COURT,"1,900,000","1,334.74","1,424",Apr-22,PASIR PANJANG CLOSE,Resale,Strata,124,"15,323",-,Apartment,1,Freehold,05,Rest of Central Region,01 to 05
THE PARC CONDOMINIUM,"3,300,000","2,432.66","1,357",Apr-22,WEST COAST WALK,Resale,Strata,226,"14,602",-,Condominium,1,Freehold,05,Outside Central Region,21 to 25
THE PEAK@BALMEG,"2,600,000","1,506.96","1,725",Apr-22,BALMEG HILL,Resale,Strata,140,"18,571",-,Condominium,1,Freehold,05,Rest of Central Region,01 to 05
THE ROCHESTER RESIDENCES,"1,528,000","1,280.92","1,193",Apr-22,ROCHESTER DRIVE,Resale,Strata,119,"12,840",-,Apartment,1,99 yrs lease commencing from 2005,05,Rest of Central Region,06 to 10
SEAHILL,"1,380,000",936.47,"1,474",Apr-22,WEST COAST CRESCENT,Resale,Strata,87,"15,862",-,Condominium,1,99 yrs lease commencing from 2011,05,Outside Central Region,06 to 10
BOTANNIA,"3,060,000","2,691","1,137",Apr-22,WEST COAST PARK,Resale,Strata,250,"12,240",-,Condominium,1,956 yrs lease commencing from 1928,05,Outside Central Region,11 to 15
THE CLEMENT CANOPY,"1,265,000",731.95,"1,728",Apr-22,CLEMENTI AVENUE 1,Resale,Strata,68,"18,603",-,Apartment,1,99 yrs lease commencing from 2016,05,Outside Central Region,21 to 25
THE TRILINQ,"1,550,000",914.94,"1,694",Apr-22,JALAN LEMPENG,Resale,Strata,85,"18,235",-,Condominium,1,99 yrs lease commencing from 2012,05,Outside Central Region,11 to 15
REGENT PARK,"980,000",807.3,"1,214",Apr-22,JALAN LEMPENG,Resale,Strata,75,"13,067",-,Condominium,1,99 yrs lease commencing from 1993,05,Outside Central Region,06 to 10
SEAHILL,"2,050,000","1,302.44","1,574",Apr-22,WEST COAST CRESCENT,Resale,Strata,121,"16,942",-,Condominium,1,99 yrs lease commencing from 2011,05,Outside Central Region,26 to 30
PARC RIVIERA,"1,055,000",710.42,"1,485",Apr-22,WEST COAST VALE,Resale,Strata,66,"15,985",-,Condominium,1,99 yrs lease commencing from 2015,05,Outside Central Region,31 to 35
VARSITY PARK CONDOMINIUM,"2,210,000","2,012.87","1,098",Apr-22,WEST COAST ROAD,Resale,Strata,187,"11,818",-,Condominium,1,99 yrs lease commencing from 2004,05,Outside Central Region,01 to 05
THE SPECTRUM,"1,900,000","1,550.02","1,226",Apr-22,PASIR PANJANG ROAD,Resale,Strata,144,"13,194",-,Condominium,1,Freehold,05,Rest of Central Region,01 to 05
WHISTLER GRAND,"765,000",441.32,"1,733",Apr-22,WEST COAST VALE,Sub Sale,Strata,41,"18,659",-,Apartment,1,99 yrs lease commencing from 2018,05,Outside Central Region,11 to 15
WHISTLER GRAND,"1,680,000","1,065.64","1,577",Apr-22,WEST COAST VALE,Sub Sale,Strata,99,"16,970",-,Apartment,1,99 yrs lease commencing from 2018,05,Outside Central Region,01 to 05
VARSITY PARK CONDOMINIUM,"1,950,000","1,614.6","1,208",Apr-22,WEST COAST ROAD,Resale,Strata,150,"13,000",-,Condominium,1,99 yrs lease commencing from 2004,05,Outside Central Region,01 to 05
THE FOLIAGE,"1,340,000",936.47,"1,431",Apr-22,PASIR PANJANG ROAD,Resale,Strata,87,"15,402",-,Condominium,1,Freehold,05,Rest of Central Region,01 to 05
THE STELLAR,"2,050,000","1,313.21","1,561",Apr-22,WEST COAST ROAD,Resale,Strata,122,"16,803",-,Condominium,1,Freehold,05,Outside Central Region,01 to 05
CLEMENTIWOODS CONDOMINIUM,"1,650,000","1,388.56","1,188",Apr-22,WEST COAST ROAD,Resale,Strata,129,"12,791",-,Condominium,1,99 yrs lease commencing from 2006,05,Outside Central Region,01 to 05
SEAHILL,"1,760,000","1,054.87","1,668",Apr-22,WEST COAST CRESCENT,Resale,Strata,98,"17,959",-,Condominium,1,99 yrs lease commencing from 2011,05,Outside Central Region,26 to 30
WHISTLER GRAND,"1,043,000",624.31,"1,671",Apr-22,WEST COAST VALE,Sub Sale,Strata,58,"17,983",-,Apartment,1,99 yrs lease commencing from 2018,05,Outside Central Region,21 to 25
THE VISION,"1,770,000","1,302.44","1,359",Apr-22,WEST COAST CRESCENT,Resale,Strata,121,"14,628",-,Condominium,1,99 yrs lease commencing from 2008,05,Outside Central Region,01 to 05
THE TRILINQ,"1,720,000","1,108.69","1,551",Apr-22,JALAN LEMPENG,Resale,Strata,103,"16,699",-,Condominium,1,99 yrs lease commencing from 2012,05,Outside Central Region,06 to 10
THE CLEMENT CANOPY,"1,280,000",731.95,"1,749",Apr-22,CLEMENTI AVENUE 1,Resale,Strata,68,"18,824",-,Apartment,1,99 yrs lease commencing from 2016,05,Outside Central Region,11 to 15
WHISTLER GRAND,"770,000",441.32,"1,745",Apr-22,WEST COAST VALE,Sub Sale,Strata,41,"18,780",-,Apartment,1,99 yrs lease commencing from 2018,05,Outside Central Region,16 to 20
THE TRILINQ,"1,093,000",710.42,"1,539",Apr-22,JALAN LEMPENG,Resale,Strata,66,"16,561",-,Condominium,1,99 yrs lease commencing from 2012,05,Outside Central Region,01 to 05
DOVER PARKVIEW,"1,708,000","1,248.62","1,368",Apr-22,DOVER RISE,Resale,Strata,116,"14,724",-,Condominium,1,99 yrs lease commencing from 1993,05,Rest of Central Region,11 to 15
HUNDRED TREES,"1,920,000","1,313.21","1,462",Apr-22,WEST COAST DRIVE,Resale,Strata,122,"15,738",-,Condominium,1,956 yrs lease commencing from 1928,05,Outside Central Region,11 to 15
SEAHILL,"700,000",495.14,"1,414",Apr-22,WEST COAST CRESCENT,Resale,Strata,46,"15,217",-,Condominium,1,99 yrs lease commencing from 2011,05,Outside Central Region,01 to 05
THE TRILINQ,"1,536,000",914.94,"1,679",Apr-22,JALAN LEMPENG,Resale,Strata,85,"18,071",-,Condominium,1,99 yrs lease commencing from 2012,05,Outside Central Region,21 to 25
SEAHILL,"710,000",495.14,"1,434",Apr-22,WEST COAST CRESCENT,Resale,Strata,46,"15,435",-,Condominium,1,99 yrs lease commencing from 2011,05,Outside Central Region,06 to 10
THE CLEMENT CANOPY,"2,140,000","1,345.5","1,590",Apr-22,CLEMENTI AVENUE 1,Resale,Strata,125,"17,120",-,Apartment,1,99 yrs lease commencing from 2016,05,Outside Central Region,11 to 15
BLUE HORIZON,"1,508,888","1,162.51","1,298",Apr-22,WEST COAST CRESCENT,Resale,Strata,108,"13,971",-,Condominium,1,99 yrs lease commencing from 2000,05,Outside Central Region,21 to 25
BOTANNIA,"1,820,000","1,270.15","1,433",Apr-22,WEST COAST PARK,Resale,Strata,118,"15,424",-,Condominium,1,956 yrs lease commencing from 1928,05,Outside Central Region,01 to 05
THE TRILINQ,"2,200,000","1,517.72","1,450",Apr-22,JALAN LEMPENG,Resale,Strata,141,"15,603",-,Condominium,1,99 yrs lease commencing from 2012,05,Outside Central Region,26 to 30
SEAHILL,"1,300,000",861.12,"1,510",Apr-22,WEST COAST CRESCENT,Resale,Strata,80,"16,250",-,Condominium,1,99 yrs lease commencing from 2011,05,Outside Central Region,21 to 25
PARC RIVIERA,"1,050,000",731.95,"1,435",Apr-22,WEST COAST VALE,Resale,Strata,68,"15,441",-,Condominium,1,99 yrs lease commencing from 2015,05,Outside Central Region,01 to 05
SEAHILL,"905,888",667.37,"1,357",Apr-22,WEST COAST CRESCENT,Resale,Strata,62,"14,611",-,Condominium,1,99 yrs lease commencing from 2011,05,Outside Central Region,11 to 15
THE TRILINQ,"1,180,000",710.42,"1,661",Mar-22,JALAN LEMPENG,Resale,Strata,66,"17,879",-,Condominium,1,99 yrs lease commencing from 2012,05,Outside Central Region,31 to 35
WEST BAY CONDOMINIUM,"1,310,000","1,345.5",974,Mar-22,WEST COAST CRESCENT,Resale,Strata,125,"10,480",-,Condominium,1,99 yrs lease commencing from 1991,05,Outside Central Region,01 to 05
WHITEHAVEN,"860,000",538.2,"1,598",Mar-22,PASIR PANJANG ROAD,Resale,Strata,50,"17,200",-,Apartment,1,Freehold,05,Rest of Central Region,01 to 05
SEAHILL,"935,000",645.84,"1,448",Mar-22,WEST COAST CRESCENT,Resale,Strata,60,"15,583",-,Condominium,1,99 yrs lease commencing from 2011,05,Outside Central Region,11 to 15
HERITAGE VIEW,"1,630,000","1,194.8","1,364",Mar-22,DOVER RISE,Resale,Strata,111,"14,685",-,Condominium,1,99 yrs lease commencing from 1996,05,Rest of Central Region,06 to 10
BLUE HORIZON,"1,400,000","1,151.75","1,216",Mar-22,WEST COAST CRESCENT,Resale,Strata,107,"13,084",-,Condominium,1,99 yrs lease commencing from 2000,05,Outside Central Region,06 to 10
SEAHILL,"670,000",495.14,"1,353",Mar-22,WEST COAST CRESCENT,Resale,Strata,46,"14,565",-,Condominium,1,99 yrs lease commencing from 2011,05,Outside Central Region,11 to 15
THE MAYLEA,"840,000",527.44,"1,593",Mar-22,PASIR PANJANG ROAD,Resale,Strata,49,"17,143",-,Condominium,1,Freehold,05,Rest of Central Region,01 to 05
PARC RIVIERA,"1,020,000",710.42,"1,436",Mar-22,WEST COAST VALE,Resale,Strata,66,"15,455",-,Condominium,1,99 yrs lease commencing from 2015,05,Outside Central Region,16 to 20
THE GRANDHILL,"2,761,000","1,829.88","1,509",Mar-22,PASIR PANJANG HILL,Resale,Strata,170,"16,241",-,Condominium,1,Freehold,05,Rest of Central Region,01 to 05
NEWEST,"980,000",635.08,"1,543",Mar-22,WEST COAST DRIVE,Resale,Strata,59,"16,610",-,Apartment,1,956 yrs lease commencing from 1928,05,Outside Central Region,06 to 10
WHISTLER GRAND,"1,550,000",990.29,"1,565",Mar-22,WEST COAST VALE,Sub Sale,Strata,92,"16,848",-,Apartment,1,99 yrs lease commencing from 2018,05,Outside Central Region,06 to 10
WHITEHAVEN,"930,000",538.2,"1,728",Mar-22,PASIR PANJANG ROAD,Resale,Strata,50,"18,600",-,Apartment,1,Freehold,05,Rest of Central Region,01 to 05
WHISTLER GRAND,"1,220,000",764.24,"1,596",Mar-22,WEST COAST VALE,Sub Sale,Strata,71,"17,183",-,Apartment,1,99 yrs lease commencing from 2018,05,Outside Central Region,01 to 05
THE SORRENTO,"745,000",441.32,"1,688",Mar-22,WEST COAST ROAD,Resale,Strata,41,"18,171",-,Condominium,1,Freehold,05,Outside Central Region,01 to 05
PARC RIVIERA,"938,000",645.84,"1,452",Mar-22,WEST COAST VALE,Resale,Strata,60,"15,633",-,Condominium,1,99 yrs lease commencing from 2015,05,Outside Central Region,11 to 15
DOVER PARKVIEW,"1,190,000",936.47,"1,271",Mar-22,DOVER RISE,Resale,Strata,87,"13,678",-,Condominium,1,99 yrs lease commencing from 1993,05,Rest of Central Region,11 to 15
THE TRILINQ,"888,000",538.2,"1,650",Mar-22,JALAN LEMPENG,Resale,Strata,50,"17,760",-,Condominium,1,99 yrs lease commencing from 2012,05,Outside Central Region,26 to 30
ONE-NORTH RESIDENCES,"1,350,000","1,108.69","1,218",Mar-22,ONE-NORTH GATEWAY,Resale,Strata,103,"13,107",-,Apartment,1,99 yrs lease commencing from 2005,05,Rest of Central Region,01 to 05
THE PARC CONDOMINIUM,"2,085,000","1,302.44","1,601",Mar-22,WEST COAST WALK,Resale,Strata,121,"17,231",-,Condominium,1,Freehold,05,Outside Central Region,01 to 05
HERITAGE VIEW,"1,678,000","1,194.8","1,404",Mar-22,DOVER RISE,Resale,Strata,111,"15,117",-,Condominium,1,99 yrs lease commencing from 1996,05,Rest of Central Region,06 to 10
CLEMENTIWOODS CONDOMINIUM,"2,035,000","1,625.36","1,252",Mar-22,WEST COAST ROAD,Resale,Strata,151,"13,477",-,Condominium,1,99 yrs lease commencing from 2006,05,Outside Central Region,01 to 05
BLUE HORIZON,"1,470,000","1,216.33","1,209",Mar-22,WEST COAST CRESCENT,Resale,Strata,113,"13,009",-,Condominium,1,99 yrs lease commencing from 2000,05,Outside Central Region,16 to 20
THE ROCHESTER RESIDENCES,"1,160,000","1,022.58","1,134",Mar-22,ROCHESTER DRIVE,Resale,Strata,95,"12,211",-,Apartment,1,99 yrs lease commencing from 2005,05,Rest of Central Region,26 to 30
THE ROCHESTER RESIDENCES,"2,750,000","1,948.28","1,411",Mar-22,ROCHESTER DRIVE,Resale,Strata,181,"15,193",-,Apartment,1,99 yrs lease commencing from 2005,05,Rest of Central Region,31 to 35
DOVER PARKVIEW,"1,128,000",936.47,"1,205",Mar-22,DOVER RISE,Resale,Strata,87,"12,966",-,Condominium,1,99 yrs lease commencing from 1993,05,Rest of Central Region,01 to 05
THE VISION,"1,150,000",818.06,"1,406",Mar-22,WEST COAST CRESCENT,Resale,Strata,76,"15,132",-,Condominium,1,99 yrs lease commencing from 2008,05,Outside Central Region,01 to 05
HERITAGE VIEW,"1,234,000",968.76,"1,274",Mar-22,DOVER RISE,Resale,Strata,90,"13,711",-,Condominium,1,99 yrs lease commencing from 1996,05,Rest of Central Region,11 to 15
THE CLEMENT CANOPY,"1,175,000",710.42,"1,654",Mar-22,CLEMENTI AVENUE 1,Resale,Strata,66,"17,803",-,Apartment,1,99 yrs lease commencing from 2016,05,Outside Central Region,01 to 05
PARC RIVIERA,"1,428,000",990.29,"1,442",Mar-22,WEST COAST VALE,Resale,Strata,92,"15,522",-,Condominium,1,99 yrs lease commencing from 2015,05,Outside Central Region,26 to 30
THE CLEMENT CANOPY,"1,600,000",990.29,"1,616",Mar-22,CLEMENTI AVENUE 1,Resale,Strata,92,"17,391",-,Apartment,1,99 yrs lease commencing from 2016,05,Outside Central Region,16 to 20
CLEMENTIWOODS CONDOMINIUM,"765,000",559.73,"1,367",Mar-22,WEST COAST ROAD,Resale,Strata,52,"14,712",-,Condominium,1,99 yrs lease commencing from 2006,05,Outside Central Region,01 to 05
THE CLEMENT CANOPY,"2,250,000","1,345.5","1,672",Mar-22,CLEMENTI AVENUE 1,Resale,Strata,125,"18,000",-,Apartment,1,99 yrs lease commencing from 2016,05,Outside Central Region,36 to 40
HUNDRED TREES,"1,210,000",785.77,"1,540",Mar-22,WEST COAST DRIVE,Resale,Strata,73,"16,575",-,Condominium,1,956 yrs lease commencing from 1928,05,Outside Central Region,06 to 10
THE TRILINQ,"1,530,000",936.47,"1,634",Mar-22,JALAN LEMPENG,Resale,Strata,87,"17,586",-,Condominium,1,99 yrs lease commencing from 2012,05,Outside Central Region,16 to 20
WEST BAY CONDOMINIUM,"1,290,000","1,291.68",999,Mar-22,WEST COAST CRESCENT,Resale,Strata,120,"10,750",-,Condominium,1,99 yrs lease commencing from 1991,05,Outside Central Region,01 to 05
THE PARC CONDOMINIUM,"2,218,888","1,410.08","1,574",Mar-22,WEST COAST WALK,Resale,Strata,131,"16,938",-,Condominium,1,Freehold,05,Outside Central Region,21 to 25
THE CLEMENT CANOPY,"1,810,000","1,140.98","1,586",Mar-22,CLEMENTI AVENUE 1,Resale,Strata,106,"17,075",-,Apartment,1,99 yrs lease commencing from 2016,05,Outside Central Region,11 to 15
FABER CREST,"1,420,000","1,248.62","1,137",Mar-22,FABER HEIGHTS,Resale,Strata,116,"12,241",-,Condominium,1,99 yrs lease commencing from 1996,05,Outside Central Region,01 to 05
VARSITY PARK CONDOMINIUM,"1,900,000","1,496.2","1,270",Mar-22,WEST COAST ROAD,Resale,Strata,139,"13,669",-,Condominium,1,99 yrs lease commencing from 2004,05,Outside Central Region,01 to 05
TWIN VEW,"2,400,000","1,517.72","1,581",Mar-22,WEST COAST VALE,Resale,Strata,141,"17,021",-,Apartment,1,99 yrs lease commencing from 2017,05,Outside Central Region,11 to 15
SEAHILL,"1,380,000","1,087.16","1,269",Mar-22,WEST COAST CRESCENT,Resale,Strata,101,"13,663",-,Condominium,1,99 yrs lease commencing from 2011,05,Outside Central Region,06 to 10
FABER CREST,"1,320,000","1,280.92","1,031",Mar-22,FABER HEIGHTS,Resale,Strata,119,"11,092",-,Condominium,1,99 yrs lease commencing from 1996,05,Outside Central Region,01 to 05
THE TRILINQ,"1,900,000","1,356.26","1,401",Mar-22,JALAN LEMPENG,Resale,Strata,126,"15,079",-,Condominium,1,99 yrs lease commencing from 2012,05,Outside Central Region,06 to 10
DOVER PARKVIEW,"1,155,000",968.76,"1,192",Mar-22,DOVER RISE,Resale,Strata,90,"12,833",-,Condominium,1,99 yrs lease commencing from 1993,05,Rest of Central Region,06 to 10
THE TRILINQ,"1,530,000",914.94,"1,672",Mar-22,JALAN LEMPENG,Resale,Strata,85,"18,000",-,Condominium,1,99 yrs lease commencing from 2012,05,Outside Central Region,11 to 15
VARSITY PARK CONDOMINIUM,"2,120,000","1,797.59","1,179",Mar-22,WEST COAST ROAD,Resale,Strata,167,"12,695",-,Condominium,1,99 yrs lease commencing from 2004,05,Outside Central Region,01 to 05
THE TRILINQ,"1,960,000","1,345.5","1,457",Mar-22,JALAN LEMPENG,Resale,Strata,125,"15,680",-,Condominium,1,99 yrs lease commencing from 2012,05,Outside Central Region,16 to 20
MENDON SPRING,"1,260,000","1,065.64","1,182",Mar-22,PASIR PANJANG ROAD,Resale,Strata,99,"12,727",-,Apartment,1,Freehold,05,Rest of Central Region,01 to 05
SEAHILL,"720,000",495.14,"1,454",Mar-22,WEST COAST CRESCENT,Resale,Strata,46,"15,652",-,Condominium,1,99 yrs lease commencing from 2011,05,Outside Central Region,06 to 10
THE PARC CONDOMINIUM,"1,500,000",979.52,"1,531",Mar-22,WEST COAST WALK,Resale,Strata,91,"16,484",-,Condominium,1,Freehold,05,Outside Central Region,16 to 20
WHISTLER GRAND,"950,000",602.78,"1,576",Mar-22,WEST COAST VALE,Sub Sale,Strata,56,"16,964",-,Apartment,1,99 yrs lease commencing from 2018,05,Outside Central Region,06 to 10
THE INFINITI,"1,280,000",914.94,"1,399",Mar-22,WEST COAST PARK,Resale,Strata,85,"15,059",-,Condominium,1,Freehold,05,Outside Central Region,11 to 15
BOTANNIA,"1,850,000","1,270.15","1,457",Mar-22,WEST COAST PARK,Resale,Strata,118,"15,678",-,Condominium,1,956 yrs lease commencing from 1928,05,Outside Central Region,06 to 10
WEST BAY CONDOMINIUM,"1,190,000","1,216.33",978,Mar-22,WEST COAST CRESCENT,Resale,Strata,113,"10,531",-,Condominium,1,99 yrs lease commencing from 1991,05,Outside Central Region,01 to 05
PARC RIVIERA,"1,380,000",904.18,"1,526",Mar-22,WEST COAST VALE,Resale,Strata,84,"16,429",-,Condominium,1,99 yrs lease commencing from 2015,05,Outside Central Region,31 to 35
THE PARC CONDOMINIUM,"2,200,000","1,420.85","1,548",Mar-22,WEST COAST WALK,Resale,Strata,132,"16,667",-,Condominium,1,Freehold,05,Outside Central Region,06 to 10
TWIN VEW,"1,130,000",710.42,"1,591",Mar-22,WEST COAST VALE,Resale,Strata,66,"17,121",-,Apartment,1,99 yrs lease commencing from 2017,05,Outside Central Region,11 to 15
BUONA VISTA GARDENS,"1,668,000","1,280.92","1,302",Mar-22,ZEHNDER ROAD,Resale,Strata,119,"14,017",-,Condominium,1,Freehold,05,Rest of Central Region,01 to 05
THE TRILINQ,"1,920,000","1,345.5","1,427",Mar-22,JALAN LEMPENG,Resale,Strata,125,"15,360",-,Condominium,1,99 yrs lease commencing from 2012,05,Outside Central Region,31 to 35
TWIN VEW,"1,200,000",731.95,"1,639",Mar-22,WEST COAST VALE,Resale,Strata,68,"17,647",-,Apartment,1,99 yrs lease commencing from 2017,05,Outside Central Region,16 to 20
CLEMENTIWOODS CONDOMINIUM,"2,200,000","1,625.36","1,354",Mar-22,WEST COAST ROAD,Resale,Strata,151,"14,570",-,Condominium,1,99 yrs lease commencing from 2006,05,Outside Central Region,01 to 05
THE TRILINQ,"1,588,000",914.94,"1,736",Mar-22,JALAN LEMPENG,Resale,Strata,85,"18,682",-,Condominium,1,99 yrs lease commencing from 2012,05,Outside Central Region,31 to 35
HERITAGE VIEW,"1,268,000",968.76,"1,309",Mar-22,DOVER RISE,Resale,Strata,90,"14,089",-,Condominium,1,99 yrs lease commencing from 1996,05,Rest of Central Region,06 to 10
PARC RIVIERA,"730,000",462.85,"1,577",Mar-22,WEST COAST VALE,Resale,Strata,43,"16,977",-,Condominium,1,99 yrs lease commencing from 2015,05,Outside Central Region,16 to 20
WHISTLER GRAND,"1,265,000",764.24,"1,655",Mar-22,WEST COAST VALE,Sub Sale,Strata,71,"17,817",-,Apartment,1,99 yrs lease commencing from 2018,05,Outside Central Region,06 to 10
DOVER PARKVIEW,"2,730,000","1,980.58","1,378",Mar-22,DOVER RISE,Resale,Strata,184,"14,837",-,Condominium,1,99 yrs lease commencing from 1993,05,Rest of Central Region,11 to 15
VARSITY PARK CONDOMINIUM,"2,718,000","2,228.15","1,220",Mar-22,WEST COAST ROAD,Resale,Strata,207,"13,130",-,Condominium,1,99 yrs lease commencing from 2004,05,Outside Central Region,01 to 05
NEWEST,"2,410,000","2,970.86",811,Mar-22,WEST COAST DRIVE,Resale,Strata,276,"8,732",-,Apartment,1,956 yrs lease commencing from 1928,05,Outside Central Region,01 to 05
PARC RIVIERA,"1,080,000",710.42,"1,520",Mar-22,WEST COAST VALE,Resale,Strata,66,"16,364",-,Condominium,1,99 yrs lease commencing from 2015,05,Outside Central Region,21 to 25
THE CLEMENT CANOPY,"1,300,000",731.95,"1,776",Mar-22,CLEMENTI AVENUE 1,Resale,Strata,68,"19,118",-,Apartment,1,99 yrs lease commencing from 2016,05,Outside Central Region,31 to 35
THE TRILINQ,"1,900,000","1,356.26","1,401",Mar-22,JALAN LEMPENG,Resale,Strata,126,"15,079",-,Condominium,1,99 yrs lease commencing from 2012,05,Outside Central Region,16 to 20
PARC RIVIERA,"1,275,000",925.7,"1,377",Mar-22,WEST COAST VALE,Resale,Strata,86,"14,826",-,Condominium,1,99 yrs lease commencing from 2015,05,Outside Central Region,01 to 05
FRAGRANCE COURT,"1,700,000","1,420.85","1,196",Mar-22,YEW SIANG ROAD,Resale,Strata,132,"12,879",-,Apartment,1,Freehold,05,Rest of Central Region,01 to 05
REGENT PARK,"1,038,888",958,"1,084",Mar-22,JALAN LEMPENG,Resale,Strata,89,"11,673",-,Condominium,1,99 yrs lease commencing from 1993,05,Outside Central Region,01 to 05
PARC RIVIERA,"885,888",602.78,"1,470",Feb-22,WEST COAST VALE,Resale,Strata,56,"15,819",-,Condominium,1,99 yrs lease commencing from 2015,05,Outside Central Region,06 to 10
THE TRILINQ,"1,540,000","1,108.69","1,389",Feb-22,JALAN LEMPENG,Resale,Strata,103,"14,951",-,Condominium,1,99 yrs lease commencing from 2012,05,Outside Central Region,26 to 30
DOVER PARKVIEW,"1,130,000",968.76,"1,166",Feb-22,DOVER RISE,Resale,Strata,90,"12,556",-,Condominium,1,99 yrs lease commencing from 1993,05,Rest of Central Region,06 to 10
FABER CREST,"1,870,000","1,776.06","1,053",Feb-22,FABER HEIGHTS,Resale,Strata,165,"11,333",-,Condominium,1,99 yrs lease commencing from 1996,05,Outside Central Region,01 to 05
HERITAGE VIEW,"1,628,000","1,205.57","1,350",Feb-22,DOVER RISE,Resale,Strata,112,"14,536",-,Condominium,1,99 yrs lease commencing from 1996,05,Rest of Central Region,01 to 05
BLUE HORIZON,"1,435,000","1,162.51","1,234",Feb-22,WEST COAST CRESCENT,Resale,Strata,108,"13,287",-,Condominium,1,99 yrs lease commencing from 2000,05,Outside Central Region,06 to 10
HERITAGE VIEW,"3,130,000","2,615.65","1,197",Feb-22,DOVER RISE,Resale,Strata,243,"12,881",-,Condominium,1,99 yrs lease commencing from 1996,05,Rest of Central Region,16 to 20
PARC RIVIERA,"715,000",462.85,"1,545",Feb-22,WEST COAST VALE,Resale,Strata,43,"16,628",-,Condominium,1,99 yrs lease commencing from 2015,05,Outside Central Region,16 to 20
ONE-NORTH RESIDENCES,"918,000",592.02,"1,551",Feb-22,ONE-NORTH GATEWAY,Resale,Strata,55,"16,691",-,Apartment,1,99 yrs lease commencing from 2005,05,Rest of Central Region,01 to 05
WHISTLER GRAND,"1,020,000",624.31,"1,634",Feb-22,WEST COAST VALE,Sub Sale,Strata,58,"17,586",-,Apartment,1,99 yrs lease commencing from 2018,05,Outside Central Region,16 to 20
PARC RIVIERA,"1,618,000","1,151.75","1,405",Feb-22,WEST COAST VALE,Resale,Strata,107,"15,121",-,Condominium,1,99 yrs lease commencing from 2015,05,Outside Central Region,06 to 10
WATERFRONT @ FABER,"970,000",721.19,"1,345",Feb-22,FABER WALK,Resale,Strata,67,"14,478",-,Apartment,1,99 yrs lease commencing from 2013,05,Outside Central Region,01 to 05
WATERFRONT @ FABER,"1,003,000",764.24,"1,312",Feb-22,FABER WALK,Resale,Strata,71,"14,127",-,Apartment,1,99 yrs lease commencing from 2013,05,Outside Central Region,01 to 05
PARC RIVIERA,"938,888",645.84,"1,454",Feb-22,WEST COAST VALE,Resale,Strata,60,"15,648",-,Condominium,1,99 yrs lease commencing from 2015,05,Outside Central Region,11 to 15
THE ROCHESTER RESIDENCES,"2,600,000","1,862.17","1,396",Feb-22,ROCHESTER DRIVE,Resale,Strata,173,"15,029",-,Apartment,1,99 yrs lease commencing from 2005,05,Rest of Central Region,16 to 20
THE PARC CONDOMINIUM,"1,880,000","1,216.33","1,546",Feb-22,WEST COAST WALK,Resale,Strata,113,"16,637",-,Condominium,1,Freehold,05,Outside Central Region,06 to 10
BLUE HORIZON,"1,110,000",958,"1,159",Feb-22,WEST COAST CRESCENT,Resale,Strata,89,"12,472",-,Condominium,1,99 yrs lease commencing from 2000,05,Outside Central Region,06 to 10
PARC RIVIERA,"930,000",602.78,"1,543",Feb-22,WEST COAST VALE,Resale,Strata,56,"16,607",-,Condominium,1,99 yrs lease commencing from 2015,05,Outside Central Region,21 to 25
VIVA VISTA,"680,000",484.38,"1,404",Feb-22,SOUTH BUONA VISTA ROAD,Resale,Strata,45,"15,111",-,Apartment,1,Freehold,05,Rest of Central Region,01 to 05
ISLAND VIEW,"5,090,000","3,498.3","1,455",Feb-22,JALAN MAT JAMBOL,Resale,Strata,325,"15,662",-,Condominium,1,Freehold,05,Rest of Central Region,01 to 05
NEWEST,"2,450,000","2,551.07",960,Feb-22,WEST COAST DRIVE,Resale,Strata,237,"10,338",-,Apartment,1,956 yrs lease commencing from 1928,05,Outside Central Region,01 to 05
DOVER PARKVIEW,"1,200,000",936.47,"1,281",Feb-22,DOVER RISE,Resale,Strata,87,"13,793",-,Condominium,1,99 yrs lease commencing from 1993,05,Rest of Central Region,11 to 15
FABER CREST,"1,550,000","1,345.5","1,152",Feb-22,FABER HEIGHTS,Resale,Strata,125,"12,400",-,Condominium,1,99 yrs lease commencing from 1996,05,Outside Central Region,01 to 05
THE INFINITI,"1,638,000","1,270.15","1,290",Feb-22,WEST COAST PARK,Resale,Strata,118,"13,881",-,Condominium,1,Freehold,05,Outside Central Region,11 to 15
BANYAN CONDOMINIUM,"1,950,000","1,582.31","1,232",Feb-22,CHWEE CHIAN ROAD,Resale,Strata,147,"13,265",-,Condominium,1,Freehold,05,Rest of Central Region,01 to 05
THE VERANDAH RESIDENCES,"1,380,000",688.9,"2,003",Feb-22,PASIR PANJANG ROAD,Sub Sale,Strata,64,"21,563",-,Apartment,1,Freehold,05,Rest of Central Region,01 to 05
CLEMENTIWOODS CONDOMINIUM,"818,888",645.84,"1,268",Feb-22,WEST COAST ROAD,Resale,Strata,60,"13,648",-,Condominium,1,99 yrs lease commencing from 2006,05,Outside Central Region,01 to 05
PARC RIVIERA,"945,000",645.84,"1,463",Feb-22,WEST COAST VALE,Resale,Strata,60,"15,750",-,Condominium,1,99 yrs lease commencing from 2015,05,Outside Central Region,16 to 20
PARC RIVIERA,"898,888",602.78,"1,491",Feb-22,WEST COAST VALE,Resale,Strata,56,"16,052",-,Condominium,1,99 yrs lease commencing from 2015,05,Outside Central Region,06 to 10
DOVER PARKVIEW,"1,185,000",968.76,"1,223",Feb-22,DOVER RISE,Resale,Strata,90,"13,167",-,Condominium,1,99 yrs lease commencing from 1993,05,Rest of Central Region,06 to 10
PARC RIVIERA,"976,000",710.42,"1,374",Feb-22,WEST COAST VALE,Resale,Strata,66,"14,788",-,Condominium,1,99 yrs lease commencing from 2015,05,Outside Central Region,01 to 05
THE TRILINQ,"1,500,000","1,108.69","1,353",Feb-22,JALAN LEMPENG,Resale,Strata,103,"14,563",-,Condominium,1,99 yrs lease commencing from 2012,05,Outside Central Region,11 to 15
HERITAGE VIEW,"1,645,000","1,162.51","1,415",Feb-22,DOVER RISE,Resale,Strata,108,"15,231",-,Condominium,1,99 yrs lease commencing from 1996,05,Rest of Central Region,16 to 20
FABER CREST,"1,190,000","1,410.08",844,Feb-22,FABER HEIGHTS,Resale,Strata,131,"9,084",-,Condominium,1,99 yrs lease commencing from 1996,05,Outside Central Region,01 to 05
PARC RIVIERA,"712,888",462.85,"1,540",Feb-22,WEST COAST VALE,Resale,Strata,43,"16,579",-,Condominium,1,99 yrs lease commencing from 2015,05,Outside Central Region,11 to 15
PARC RIVIERA,"998,000",710.42,"1,405",Feb-22,WEST COAST VALE,Resale,Strata,66,"15,121",-,Condominium,1,99 yrs lease commencing from 2015,05,Outside Central Region,06 to 10
THE STELLAR,"2,050,000","1,388.56","1,476",Feb-22,WEST COAST ROAD,Resale,Strata,129,"15,891",-,Condominium,1,Freehold,05,Outside Central Region,01 to 05
THE TRILINQ,"1,580,000","1,108.69","1,425",Feb-22,JALAN LEMPENG,Resale,Strata,103,"15,340",-,Condominium,1,99 yrs lease commencing from 2012,05,Outside Central Region,31 to 35
VARSITY PARK CONDOMINIUM,"2,100,000","1,894.46","1,108",Feb-22,WEST COAST ROAD,Resale,Strata,176,"11,932",-,Condominium,1,99 yrs lease commencing from 2004,05,Outside Central Region,01 to 05
THE STELLAR,"2,420,000","2,002.1","1,209",Feb-22,WEST COAST ROAD,Resale,Strata,186,"13,011",-,Condominium,1,Freehold,05,Outside Central Region,01 to 05
THE TRILINQ,"2,120,000","1,517.72","1,397",Feb-22,JALAN LEMPENG,Resale,Strata,141,"15,035",-,Condominium,1,99 yrs lease commencing from 2012,05,Outside Central Region,01 to 05
THE TRILINQ,"1,190,000",710.42,"1,675",Feb-22,JALAN LEMPENG,Resale,Strata,66,"18,030",-,Condominium,1,99 yrs lease commencing from 2012,05,Outside Central Region,21 to 25
PARC RIVIERA,"1,500,000","1,334.74","1,124",Feb-22,WEST COAST VALE,Resale,Strata,124,"12,097",-,Condominium,1,99 yrs lease commencing from 2015,05,Outside Central Region,36 to 40
ONE-NORTH RESIDENCES,"1,450,000","1,108.69","1,308",Feb-22,ONE-NORTH GATEWAY,Resale,Strata,103,"14,078",-,Apartment,1,99 yrs lease commencing from 2005,05,Rest of Central Region,06 to 10
PASIR VIEW PARK,"1,435,000","1,011.82","1,418",Feb-22,PASIR PANJANG ROAD,Resale,Strata,94,"15,266",-,Condominium,1,Freehold,05,Rest of Central Region,01 to 05
TWIN VEW,"1,293,500",818.06,"1,581",Feb-22,WEST COAST VALE,Sub Sale,Strata,76,"17,020",-,Apartment,1,99 yrs lease commencing from 2017,05,Outside Central Region,11 to 15
TWIN VEW,"1,150,000",731.95,"1,571",Feb-22,WEST COAST VALE,Sub Sale,Strata,68,"16,912",-,Apartment,1,99 yrs lease commencing from 2017,05,Outside Central Region,11 to 15
WHISTLER GRAND,"950,000",613.55,"1,548",Jan-22,WEST COAST VALE,Sub Sale,Strata,57,"16,667",-,Apartment,1,99 yrs lease commencing from 2018,05,Outside Central Region,06 to 10
FABER CREST,"1,000,000","1,011.82",988,Jan-22,FABER HEIGHTS,Resale,Strata,94,"10,638",-,Condominium,1,99 yrs lease commencing from 1996,05,Outside Central Region,01 to 05
THE ROCHESTER RESIDENCES,"2,700,000","1,862.17","1,450",Jan-22,ROCHESTER DRIVE,Resale,Strata,173,"15,607",-,Apartment,1,99 yrs lease commencing from 2005,05,Rest of Central Region,26 to 30
PARC RIVIERA,"968,000",645.84,"1,499",Jan-22,WEST COAST VALE,Resale,Strata,60,"16,133",-,Condominium,1,99 yrs lease commencing from 2015,05,Outside Central Region,26 to 30
THE TRILINQ,"2,250,000","1,517.72","1,482",Jan-22,JALAN LEMPENG,Resale,Strata,141,"15,957",-,Condominium,1,99 yrs lease commencing from 2012,05,Outside Central Region,21 to 25
THE MAYLEA,"1,480,000","1,022.58","1,447",Jan-22,PASIR PANJANG ROAD,Resale,Strata,95,"15,579",-,Condominium,1,Freehold,05,Rest of Central Region,01 to 05
THE INFINITI,"1,680,000","1,248.62","1,345",Jan-22,WEST COAST PARK,Resale,Strata,116,"14,483",-,Condominium,1,Freehold,05,Outside Central Region,06 to 10
WEST BAY CONDOMINIUM,"1,275,000","1,280.92",995,Jan-22,WEST COAST CRESCENT,Resale,Strata,119,"10,714",-,Condominium,1,99 yrs lease commencing from 1991,05,Outside Central Region,01 to 05
LE HILL CONDOMINIUM,"1,550,000","1,173.28","1,321",Jan-22,PASIR PANJANG HILL,Resale,Strata,109,"14,220",-,Condominium,1,Freehold,05,Rest of Central Region,01 to 05
PARC RIVIERA,"960,000",645.84,"1,486",Jan-22,WEST COAST VALE,Resale,Strata,60,"16,000",-,Condominium,1,99 yrs lease commencing from 2015,05,Outside Central Region,31 to 35
THE TRILINQ,"855,000",538.2,"1,589",Jan-22,JALAN LEMPENG,Resale,Strata,50,"17,100",-,Condominium,1,99 yrs lease commencing from 2012,05,Outside Central Region,16 to 20
ONE-NORTH RESIDENCES,"1,490,000",979.52,"1,521",Jan-22,ONE-NORTH GATEWAY,Resale,Strata,91,"16,374",-,Apartment,1,99 yrs lease commencing from 2005,05,Rest of Central Region,06 to 10
THE CLEMENT CANOPY,"1,838,000","1,108.69","1,658",Jan-22,CLEMENTI AVENUE 1,Resale,Strata,103,"17,845",-,Apartment,1,99 yrs lease commencing from 2016,05,Outside Central Region,31 to 35
CLEMENTIWOODS CONDOMINIUM,"1,950,000","1,679.18","1,161",Jan-22,WEST COAST ROAD,Resale,Strata,156,"12,500",-,Condominium,1,99 yrs lease commencing from 2006,05,Outside Central Region,01 to 05
GOLD COAST CONDOMINIUM,"1,900,000","1,474.67","1,288",Jan-22,PASIR PANJANG ROAD,Resale,Strata,137,"13,869",-,Condominium,1,Freehold,05,Rest of Central Region,01 to 05
THE TRILINQ,"1,560,000",914.94,"1,705",Jan-22,JALAN LEMPENG,Resale,Strata,85,"18,353",-,Condominium,1,99 yrs lease commencing from 2012,05,Outside Central Region,31 to 35
DOVER PARKVIEW,"1,050,000",936.47,"1,121",Jan-22,DOVER RISE,Resale,Strata,87,"12,069",-,Condominium,1,99 yrs lease commencing from 1993,05,Rest of Central Region,06 to 10
VILLAGE @ PASIR PANJANG,"2,430,000","1,743.77","1,394",Jan-22,PASIR PANJANG ROAD,Resale,Strata,162,"15,000",-,Condominium,1,Freehold,05,Rest of Central Region,01 to 05
THE TRILINQ,"1,500,000",936.47,"1,602",Jan-22,JALAN LEMPENG,Resale,Strata,87,"17,241",-,Condominium,1,99 yrs lease commencing from 2012,05,Outside Central Region,11 to 15
THE VISION,"1,250,000",904.18,"1,382",Jan-22,WEST COAST CRESCENT,Resale,Strata,84,"14,881",-,Condominium,1,99 yrs lease commencing from 2008,05,Outside Central Region,06 to 10
HERITAGE VIEW,"1,750,000","1,506.96","1,161",Jan-22,DOVER RISE,Resale,Strata,140,"12,500",-,Condominium,1,99 yrs lease commencing from 1996,05,Rest of Central Region,11 to 15
CLEMENTIWOODS CONDOMINIUM,"758,800",559.73,"1,356",Jan-22,WEST COAST ROAD,Resale,Strata,52,"14,592",-,Condominium,1,99 yrs lease commencing from 2006,05,Outside Central Region,01 to 05
TWIN VEW,"1,945,000","1,248.62","1,558",Jan-22,WEST COAST VALE,Sub Sale,Strata,116,"16,767",-,Apartment,1,99 yrs lease commencing from 2017,05,Outside Central Region,01 to 05
TWIN VEW,"1,155,000",742.72,"1,555",Jan-22,WEST COAST VALE,Sub Sale,Strata,69,"16,739",-,Apartment,1,99 yrs lease commencing from 2017,05,Outside Central Region,16 to 20
GLORIA MANSION,"70,300,000","36,317.74","1,936",Jan-22,PASIR PANJANG ROAD,Resale,Strata,"3,374","20,836",-,Apartment,31,Freehold,05,Rest of Central Region,01 to 05
NEWEST,"785,000",570.49,"1,376",Jan-22,WEST COAST DRIVE,Resale,Strata,53,"14,811",-,Apartment,1,956 yrs lease commencing from 1928,05,Outside Central Region,01 to 05
NEWEST,"810,000",527.44,"1,536",Jan-22,WEST COAST DRIVE,Resale,Strata,49,"16,531",-,Apartment,1,956 yrs lease commencing from 1928,05,Outside Central Region,01 to 05
THE MAYLEA,"2,308,888","1,657.66","1,393",Jan-22,PASIR PANJANG ROAD,Resale,Strata,154,"14,993",-,Condominium,1,Freehold,05,Rest of Central Region,01 to 05
SEAHILL,"700,000",505.91,"1,384",Jan-22,WEST COAST CRESCENT,Resale,Strata,47,"14,894",-,Condominium,1,99 yrs lease commencing from 2011,05,Outside Central Region,11 to 15
HERITAGE VIEW,"3,200,000","2,626.42","1,218",Jan-22,DOVER RISE,Resale,Strata,244,"13,115",-,Condominium,1,99 yrs lease commencing from 1996,05,Rest of Central Region,16 to 20
DOVER PARKVIEW,"1,590,000","1,248.62","1,273",Jan-22,DOVER RISE,Resale,Strata,116,"13,707",-,Condominium,1,99 yrs lease commencing from 1993,05,Rest of Central Region,01 to 05
TWIN VEW,"1,650,000","1,054.87","1,564",Jan-22,WEST COAST VALE,Sub Sale,Strata,98,"16,837",-,Apartment,1,99 yrs lease commencing from 2017,05,Outside Central Region,26 to 30
THE GRANDHILL,"1,750,000","1,259.39","1,390",Jan-22,PASIR PANJANG HILL,Resale,Strata,117,"14,957",-,Condominium,1,Freehold,05,Rest of Central Region,01 to 05
BLUE HORIZON,"1,470,000","1,216.33","1,209",Jan-22,WEST COAST CRESCENT,Resale,Strata,113,"13,009",-,Condominium,1,99 yrs lease commencing from 2000,05,Outside Central Region,21 to 25
WESTCOVE CONDOMINIUM,"1,400,000","1,248.62","1,121",Jan-22,WEST COAST CRESCENT,Resale,Strata,116,"12,069",-,Condominium,1,99 yrs lease commencing from 1995,05,Outside Central Region,01 to 05
THE CLEMENT CANOPY,"1,170,000",656.6,"1,782",Jan-22,CLEMENTI AVENUE 1,Resale,Strata,61,"19,180",-,Apartment,1,99 yrs lease commencing from 2016,05,Outside Central Region,11 to 15
THE TRILINQ,"1,750,000","1,108.69","1,578",Jan-22,JALAN LEMPENG,Resale,Strata,103,"16,990",-,Condominium,1,99 yrs lease commencing from 2012,05,Outside Central Region,26 to 30
THE VISION,"1,170,000",818.06,"1,430",Jan-22,WEST COAST CRESCENT,Resale,Strata,76,"15,395",-,Condominium,1,99 yrs lease commencing from 2008,05,Outside Central Region,21 to 25
DOVER PARKVIEW,"1,089,000",968.76,"1,124",Jan-22,DOVER RISE,Resale,Strata,90,"12,100",-,Condominium,1,99 yrs lease commencing from 1993,05,Rest of Central Region,01 to 05
VIVA VISTA,"600,000",333.68,"1,798",Jan-22,SOUTH BUONA VISTA ROAD,Resale,Strata,31,"19,355",-,Apartment,1,Freehold,05,Rest of Central Region,01 to 05
HERITAGE VIEW,"1,450,000","1,162.51","1,247",Jan-22,DOVER RISE,Resale,Strata,108,"13,426",-,Condominium,1,99 yrs lease commencing from 1996,05,Rest of Central Region,11 to 15
BLUE HORIZON,"1,120,000",936.47,"1,196",Jan-22,WEST COAST CRESCENT,Resale,Strata,87,"12,874",-,Condominium,1,99 yrs lease commencing from 2000,05,Outside Central Region,16 to 20
WATERFRONT @ FABER,"1,005,000",721.19,"1,394",Dec-21,FABER WALK,Resale,Strata,67,"15,000",-,Apartment,1,99 yrs lease commencing from 2013,05,Outside Central Region,01 to 05
THE VISION,"1,850,000","1,776.06","1,042",Dec-21,WEST COAST CRESCENT,Resale,Strata,165,"11,212",-,Condominium,1,99 yrs lease commencing from 2008,05,Outside Central Region,01 to 05
THE VISION,"1,250,000",904.18,"1,382",Dec-21,WEST COAST CRESCENT,Resale,Strata,84,"14,881",-,Condominium,1,99 yrs lease commencing from 2008,05,Outside Central Region,06 to 10
ONE-NORTH RESIDENCES,"1,520,000","1,011.82","1,502",Dec-21,ONE-NORTH GATEWAY,Resale,Strata,94,"16,170",-,Apartment,1,99 yrs lease commencing from 2005,05,Rest of Central Region,06 to 10
KENT RIDGE HILL RESIDENCES,"1,158,800",645.84,"1,794",Dec-21,SOUTH BUONA VISTA ROAD,Sub Sale,Strata,60,"19,313",-,Apartment,1,99 yrs lease commencing from 2018,05,Rest of Central Region,01 to 05
DOVER PARKVIEW,"1,620,000","1,248.62","1,297",Dec-21,DOVER RISE,Resale,Strata,116,"13,966",-,Condominium,1,99 yrs lease commencing from 1993,05,Rest of Central Region,01 to 05
THE CLEMENT CANOPY,"1,050,000",656.6,"1,599",Dec-21,CLEMENTI AVENUE 1,Resale,Strata,61,"17,213",-,Apartment,1,99 yrs lease commencing from 2016,05,Outside Central Region,26 to 30
HUNDRED TREES,"2,285,000","1,474.67","1,550",Dec-21,WEST COAST DRIVE,Resale,Strata,137,"16,679",-,Condominium,1,956 yrs lease commencing from 1928,05,Outside Central Region,06 to 10
THE CLEMENT CANOPY,"1,268,800",710.42,"1,786",Dec-21,CLEMENTI AVENUE 1,Resale,Strata,66,"19,224",-,Apartment,1,99 yrs lease commencing from 2016,05,Outside Central Region,31 to 35
PARC RIVIERA,"900,000",602.78,"1,493",Dec-21,WEST COAST VALE,Resale,Strata,56,"16,071",-,Condominium,1,99 yrs lease commencing from 2015,05,Outside Central Region,21 to 25
TWIN VEW,"1,800,000","1,140.98","1,578",Dec-21,WEST COAST VALE,Sub Sale,Strata,106,"16,981",-,Apartment,1,99 yrs lease commencing from 2017,05,Outside Central Region,16 to 20
THE PEAK@BALMEG,"3,900,000","2,508.01","1,555",Dec-21,BALMEG HILL,Resale,Strata,233,"16,738",-,Condominium,1,Freehold,05,Rest of Central Region,01 to 05
CLEMENTIWOODS CONDOMINIUM,"1,360,000","1,054.87","1,289",Dec-21,WEST COAST ROAD,Resale,Strata,98,"13,878",-,Condominium,1,99 yrs lease commencing from 2006,05,Outside Central Region,01 to 05
THE PEAK@BALMEG,"2,500,000","1,506.96","1,659",Dec-21,BALMEG HILL,Resale,Strata,140,"17,857",-,Condominium,1,Freehold,05,Rest of Central Region,01 to 05
HERITAGE VIEW,"1,648,000","1,194.8","1,379",Dec-21,DOVER RISE,Resale,Strata,111,"14,847",-,Condominium,1,99 yrs lease commencing from 1996,05,Rest of Central Region,01 to 05
PARC RIVIERA,"905,000",602.78,"1,501",Dec-21,WEST COAST VALE,Resale,Strata,56,"16,161",-,Condominium,1,99 yrs lease commencing from 2015,05,Outside Central Region,06 to 10
VARSITY PARK CONDOMINIUM,"1,680,000","1,345.5","1,249",Dec-21,WEST COAST ROAD,Resale,Strata,125,"13,440",-,Condominium,1,99 yrs lease commencing from 2004,05,Outside Central Region,01 to 05
THE TRILINQ,"1,270,000",753.48,"1,686",Dec-21,JALAN LEMPENG,Resale,Strata,70,"18,143",-,Condominium,1,99 yrs lease commencing from 2012,05,Outside Central Region,16 to 20
THE TRILINQ,"880,000",538.2,"1,635",Dec-21,JALAN LEMPENG,Resale,Strata,50,"17,600",-,Condominium,1,99 yrs lease commencing from 2012,05,Outside Central Region,26 to 30
THE CLEMENT CANOPY,"1,260,000",731.95,"1,721",Dec-21,CLEMENTI AVENUE 1,Resale,Strata,68,"18,529",-,Apartment,1,99 yrs lease commencing from 2016,05,Outside Central Region,31 to 35
RESIDENTIAL APARTMENTS,"1,400,000","1,474.67",949,Dec-21,PASIR PANJANG ROAD,Resale,Strata,137,"10,219",-,Apartment,1,Freehold,05,Rest of Central Region,01 to 05
VARSITY PARK CONDOMINIUM,"1,320,000",990.29,"1,333",Dec-21,WEST COAST ROAD,Resale,Strata,92,"14,348",-,Condominium,1,99 yrs lease commencing from 2004,05,Outside Central Region,01 to 05
THE TRILINQ,"2,100,000","1,517.72","1,384",Dec-21,JALAN LEMPENG,Resale,Strata,141,"14,894",-,Condominium,1,99 yrs lease commencing from 2012,05,Outside Central Region,11 to 15
PARC RIVIERA,"1,590,000","1,151.75","1,381",Dec-21,WEST COAST VALE,Resale,Strata,107,"14,860",-,Condominium,1,99 yrs lease commencing from 2015,05,Outside Central Region,06 to 10
PARC RIVIERA,"998,888",710.42,"1,406",Dec-21,WEST COAST VALE,Resale,Strata,66,"15,135",-,Condominium,1,99 yrs lease commencing from 2015,05,Outside Central Region,16 to 20
GOLD COAST CONDOMINIUM,"1,750,000","1,474.67","1,187",Dec-21,PASIR PANJANG ROAD,Resale,Strata,137,"12,774",-,Condominium,1,Freehold,05,Rest of Central Region,01 to 05
VARSITY PARK CONDOMINIUM,"1,750,000","1,453.14","1,204",Dec-21,WEST COAST ROAD,Resale,Strata,135,"12,963",-,Condominium,1,99 yrs lease commencing from 2004,05,Outside Central Region,01 to 05
THE TRILINQ,"1,855,000","1,345.5","1,379",Dec-21,JALAN LEMPENG,Resale,Strata,125,"14,840",-,Condominium,1,99 yrs lease commencing from 2012,05,Outside Central Region,06 to 10
CLEMENTIWOODS CONDOMINIUM,"830,000",645.84,"1,285",Dec-21,WEST COAST ROAD,Resale,Strata,60,"13,833",-,Condominium,1,99 yrs lease commencing from 2006,05,Outside Central Region,01 to 05
PARC RIVIERA,"900,000",602.78,"1,493",Dec-21,WEST COAST VALE,Resale,Strata,56,"16,071",-,Condominium,1,99 yrs lease commencing from 2015,05,Outside Central Region,11 to 15
DOVER PARKVIEW,"1,030,000",936.47,"1,100",Dec-21,DOVER RISE,Resale,Strata,87,"11,839",-,Condominium,1,99 yrs lease commencing from 1993,05,Rest of Central Region,01 to 05
DOVER PARKVIEW,"1,115,000",968.76,"1,151",Dec-21,DOVER RISE,Resale,Strata,90,"12,389",-,Condominium,1,99 yrs lease commencing from 1993,05,Rest of Central Region,11 to 15
WEST BAY CONDOMINIUM,"930,000",893.41,"1,041",Dec-21,WEST COAST CRESCENT,Resale,Strata,83,"11,205",-,Condominium,1,99 yrs lease commencing from 1991,05,Outside Central Region,01 to 05
TWIN VEW,"1,940,000","1,248.62","1,554",Dec-21,WEST COAST VALE,Sub Sale,Strata,116,"16,724",-,Apartment,1,99 yrs lease commencing from 2017,05,Outside Central Region,01 to 05
THE CLEMENT CANOPY,"1,750,000","1,108.69","1,578",Dec-21,CLEMENTI AVENUE 1,Resale,Strata,103,"16,990",-,Apartment,1,99 yrs lease commencing from 2016,05,Outside Central Region,11 to 15
TWIN VEW,"1,720,000","1,065.64","1,614",Dec-21,WEST COAST VALE,Sub Sale,Strata,99,"17,374",-,Apartment,1,99 yrs lease commencing from 2017,05,Outside Central Region,11 to 15
PARC RIVIERA,"1,430,000",990.29,"1,444",Dec-21,WEST COAST VALE,Resale,Strata,92,"15,543",-,Condominium,1,99 yrs lease commencing from 2015,05,Outside Central Region,26 to 30
PARC RIVIERA,"900,000",602.78,"1,493",Dec-21,WEST COAST VALE,Resale,Strata,56,"16,071",-,Condominium,1,99 yrs lease commencing from 2015,05,Outside Central Region,11 to 15
HERITAGE VIEW,"1,228,000",968.76,"1,268",Dec-21,DOVER RISE,Resale,Strata,90,"13,644",-,Condominium,1,99 yrs lease commencing from 1996,05,Rest of Central Region,01 to 05
THE CLEMENT CANOPY,"1,680,000",990.29,"1,696",Dec-21,CLEMENTI AVENUE 1,Resale,Strata,92,"18,261",-,Apartment,1,99 yrs lease commencing from 2016,05,Outside Central Region,26 to 30
THE MAYLEA,"2,320,000","1,679.18","1,382",Dec-21,PASIR PANJANG ROAD,Resale,Strata,156,"14,872",-,Condominium,1,Freehold,05,Rest of Central Region,01 to 05
TWIN VEW,"1,638,000","1,054.87","1,553",Dec-21,WEST COAST VALE,Sub Sale,Strata,98,"16,714",-,Apartment,1,99 yrs lease commencing from 2017,05,Outside Central Region,16 to 20
PARC IMPERIAL,"1,950,000","1,948.28","1,001",Dec-21,PASIR PANJANG ROAD,Resale,Strata,181,"10,773",-,Condominium,1,Freehold,05,Rest of Central Region,01 to 05
ONE-NORTH RESIDENCES,"2,040,000","1,334.74","1,528",Dec-21,ONE-NORTH GATEWAY,Resale,Strata,124,"16,452",-,Apartment,1,99 yrs lease commencing from 2005,05,Rest of Central Region,01 to 05
WHISTLER GRAND,"1,270,000",764.24,"1,662",Dec-21,WEST COAST VALE,Sub Sale,Strata,71,"17,887",-,Apartment,1,99 yrs lease commencing from 2018,05,Outside Central Region,11 to 15
THE CLEMENT CANOPY,"1,090,000",635.08,"1,716",Dec-21,CLEMENTI AVENUE 1,Resale,Strata,59,"18,475",-,Apartment,1,99 yrs lease commencing from 2016,05,Outside Central Region,21 to 25
BLUE HORIZON,"1,510,000","1,216.33","1,241",Dec-21,WEST COAST CRESCENT,Resale,Strata,113,"13,363",-,Condominium,1,99 yrs lease commencing from 2000,05,Outside Central Region,21 to 25
THE TRILINQ,"1,528,000",914.94,"1,670",Dec-21,JALAN LEMPENG,Resale,Strata,85,"17,976",-,Condominium,1,99 yrs lease commencing from 2012,05,Outside Central Region,26 to 30
THE INFINITI,"1,730,000","1,291.68","1,339",Dec-21,WEST COAST PARK,Resale,Strata,120,"14,417",-,Condominium,1,Freehold,05,Outside Central Region,06 to 10
THE TRILINQ,"1,500,000",914.94,"1,639",Dec-21,JALAN LEMPENG,Resale,Strata,85,"17,647",-,Condominium,1,99 yrs lease commencing from 2012,05,Outside Central Region,01 to 05
THE INFINITI,"1,600,000","1,248.62","1,281",Dec-21,WEST COAST PARK,Resale,Strata,116,"13,793",-,Condominium,1,Freehold,05,Outside Central Region,01 to 05
THE TRILINQ,"1,300,000",753.48,"1,725",Dec-21,JALAN LEMPENG,Resale,Strata,70,"18,571",-,Condominium,1,99 yrs lease commencing from 2012,05,Outside Central Region,26 to 30
THE ROCHESTER RESIDENCES,"1,260,000","1,022.58","1,232",Dec-21,ROCHESTER DRIVE,Resale,Strata,95,"13,263",-,Apartment,1,99 yrs lease commencing from 2005,05,Rest of Central Region,31 to 35
ONE-NORTH RESIDENCES,"3,200,000","2,701.76","1,184",Dec-21,ONE-NORTH GATEWAY,Resale,Strata,251,"12,749",-,Apartment,1,99 yrs lease commencing from 2005,05,Rest of Central Region,11 to 15
THE VERANDAH RESIDENCES,"2,039,888","1,097.93","1,858",Dec-21,PASIR PANJANG ROAD,Sub Sale,Strata,102,"19,999",-,Apartment,1,Freehold,05,Rest of Central Region,01 to 05
WESTCOVE CONDOMINIUM,"1,190,000","1,227.1",970,Dec-21,WEST COAST CRESCENT,Resale,Strata,114,"10,439",-,Condominium,1,99 yrs lease commencing from 1995,05,Outside Central Region,01 to 05
BLUE HORIZON,"1,069,000",925.7,"1,155",Dec-21,WEST COAST CRESCENT,Resale,Strata,86,"12,430",-,Condominium,1,99 yrs lease commencing from 2000,05,Outside Central Region,06 to 10
CARABELLE,"2,080,000","1,474.67","1,410",Dec-21,WEST COAST WAY,Resale,Strata,137,"15,182",-,Condominium,1,956 yrs lease commencing from 1928,05,Outside Central Region,01 to 05
DOVER PARKVIEW,"1,280,000","1,323.97",967,Dec-21,DOVER RISE,Resale,Strata,123,"10,407",-,Condominium,1,99 yrs lease commencing from 1993,05,Rest of Central Region,01 to 05
THE ROCHESTER RESIDENCES,"1,288,000",861.12,"1,496",Dec-21,ROCHESTER DRIVE,Resale,Strata,80,"16,100",-,Apartment,1,99 yrs lease commencing from 2005,05,Rest of Central Region,16 to 20
THE ROCHESTER RESIDENCES,"1,488,888","1,280.92","1,162",Dec-21,ROCHESTER DRIVE,Resale,Strata,119,"12,512",-,Apartment,1,99 yrs lease commencing from 2005,05,Rest of Central Region,06 to 10
TWIN VEW,"1,080,000",710.42,"1,520",Dec-21,WEST COAST VALE,Sub Sale,Strata,66,"16,364",-,Apartment,1,99 yrs lease commencing from 2017,05,Outside Central Region,11 to 15
THE TRILINQ,"1,900,000","1,345.5","1,412",Dec-21,JALAN LEMPENG,Resale,Strata,125,"15,200",-,Condominium,1,99 yrs lease commencing from 2012,05,Outside Central Region,31 to 35
ONE-NORTH RESIDENCES,"1,342,800","1,119.46","1,200",Dec-21,ONE-NORTH GATEWAY,Resale,Strata,104,"12,912",-,Apartment,1,99 yrs lease commencing from 2005,05,Rest of Central Region,01 to 05
THE ROCHESTER RESIDENCES,"2,800,000","1,862.17","1,504",Dec-21,ROCHESTER DRIVE,Resale,Strata,173,"16,185",-,Apartment,1,99 yrs lease commencing from 2005,05,Rest of Central Region,31 to 35
CARABELLE,"1,290,000",882.65,"1,462",Dec-21,WEST COAST WAY,Resale,Strata,82,"15,732",-,Condominium,1,956 yrs lease commencing from 1928,05,Outside Central Region,11 to 15
TWIN VEW,"1,308,000",818.06,"1,599",Dec-21,WEST COAST VALE,Sub Sale,Strata,76,"17,211",-,Apartment,1,99 yrs lease commencing from 2017,05,Outside Central Region,11 to 15
PARC RIVIERA,"1,025,000",710.42,"1,443",Dec-21,WEST COAST VALE,Resale,Strata,66,"15,530",-,Condominium,1,99 yrs lease commencing from 2015,05,Outside Central Region,21 to 25
VIVA VISTA,"625,000",376.74,"1,659",Dec-21,SOUTH BUONA VISTA ROAD,Resale,Strata,35,"17,857",-,Apartment,1,Freehold,05,Rest of Central Region,01 to 05
HUNDRED TREES,"1,095,000",785.77,"1,394",Dec-21,WEST COAST DRIVE,Resale,Strata,73,"15,000",-,Condominium,1,956 yrs lease commencing from 1928,05,Outside Central Region,01 to 05
WHISTLER GRAND,"750,000",441.32,"1,699",Dec-21,WEST COAST VALE,Sub Sale,Strata,41,"18,293",-,Apartment,1,99 yrs lease commencing from 2018,05,Outside Central Region,11 to 15
THE TRILINQ,"1,530,000","1,108.69","1,380",Dec-21,JALAN LEMPENG,Resale,Strata,103,"14,854",-,Condominium,1,99 yrs lease commencing from 2012,05,Outside Central Region,16 to 20
CARABELLE,"2,900,000","2,066.69","1,403",Dec-21,WEST COAST WAY,Resale,Strata,192,"15,104",-,Condominium,1,956 yrs lease commencing from 1928,05,Outside Central Region,11 to 15
PARC RIVIERA,"980,000",710.42,"1,379",Dec-21,WEST COAST VALE,Resale,Strata,66,"14,848",-,Condominium,1,99 yrs lease commencing from 2015,05,Outside Central Region,01 to 05
TWIN VEW,"1,560,000",904.18,"1,725",Dec-21,WEST COAST VALE,Sub Sale,Strata,84,"18,571",-,Apartment,1,99 yrs lease commencing from 2017,05,Outside Central Region,31 to 35
TWIN VEW,"1,720,000","1,140.98","1,507",Nov-21,WEST COAST VALE,Sub Sale,Strata,106,"16,226",-,Apartment,1,99 yrs lease commencing from 2017,05,Outside Central Region,11 to 15
THE TRILINQ,"2,190,000","1,517.72","1,443",Nov-21,JALAN LEMPENG,Resale,Strata,141,"15,532",-,Condominium,1,99 yrs lease commencing from 2012,05,Outside Central Region,16 to 20
THE STELLAR,"1,860,000","1,345.5","1,382",Nov-21,WEST COAST ROAD,Resale,Strata,125,"14,880",-,Condominium,1,Freehold,05,Outside Central Region,01 to 05
MONTEREY PARK CONDOMINIUM,"2,600,000","2,055.92","1,265",Nov-21,WEST COAST RISE,Resale,Strata,191,"13,613",-,Condominium,1,999 yrs lease commencing from 1885,05,Outside Central Region,01 to 05
PARC RIVIERA,"1,580,000","1,151.75","1,372",Nov-21,WEST COAST VALE,Resale,Strata,107,"14,766",-,Condominium,1,99 yrs lease commencing from 2015,05,Outside Central Region,06 to 10
ONE-NORTH RESIDENCES,"1,480,000",979.52,"1,511",Nov-21,ONE-NORTH GATEWAY,Resale,Strata,91,"16,264",-,Apartment,1,99 yrs lease commencing from 2005,05,Rest of Central Region,01 to 05
WEST BAY CONDOMINIUM,"1,000,000","1,216.33",822,Nov-21,WEST COAST CRESCENT,Resale,Strata,113,"8,850",-,Condominium,1,99 yrs lease commencing from 1991,05,Outside Central Region,01 to 05
THE TRILINQ,"1,660,000","1,044.11","1,590",Nov-21,JALAN LEMPENG,Resale,Strata,97,"17,113",-,Condominium,1,99 yrs lease commencing from 2012,05,Outside Central Region,11 to 15
BLUE HORIZON,"1,070,000",925.7,"1,156",Nov-21,WEST COAST CRESCENT,Resale,Strata,86,"12,442",-,Condominium,1,99 yrs lease commencing from 2000,05,Outside Central Region,11 to 15
THE STELLAR,"1,480,000","1,044.11","1,417",Nov-21,WEST COAST ROAD,Resale,Strata,97,"15,258",-,Condominium,1,Freehold,05,Outside Central Region,01 to 05
THE INFINITI,"1,560,000","1,259.39","1,239",Nov-21,WEST COAST PARK,Resale,Strata,117,"13,333",-,Condominium,1,Freehold,05,Outside Central Region,06 to 10
CARABELLE,"1,758,888","1,302.44","1,350",Nov-21,WEST COAST WAY,Resale,Strata,121,"14,536",-,Condominium,1,956 yrs lease commencing from 1928,05,Outside Central Region,01 to 05
BAYVILLE CONDOMINIUM,"1,452,000","1,248.62","1,163",Nov-21,SOUTH BUONA VISTA ROAD,Resale,Strata,116,"12,517",-,Condominium,1,Freehold,05,Rest of Central Region,01 to 05
THE TRILINQ,"858,800",538.2,"1,596",Nov-21,JALAN LEMPENG,Resale,Strata,50,"17,176",-,Condominium,1,99 yrs lease commencing from 2012,05,Outside Central Region,21 to 25
SEAHILL,"930,000",688.9,"1,350",Nov-21,WEST COAST CRESCENT,Resale,Strata,64,"14,531",-,Condominium,1,99 yrs lease commencing from 2011,05,Outside Central Region,16 to 20
PARC RIVIERA,"1,600,000","1,184.04","1,351",Nov-21,WEST COAST VALE,Resale,Strata,110,"14,545",-,Condominium,1,99 yrs lease commencing from 2015,05,Outside Central Region,16 to 20
PARC RIVIERA,"1,538,000","1,151.75","1,335",Nov-21,WEST COAST VALE,Resale,Strata,107,"14,374",-,Condominium,1,99 yrs lease commencing from 2015,05,Outside Central Region,06 to 10
BOTANNIA,"1,638,000","1,248.62","1,312",Nov-21,WEST COAST PARK,Resale,Strata,116,"14,121",-,Condominium,1,956 yrs lease commencing from 1928,05,Outside Central Region,01 to 05
THE ROCHESTER RESIDENCES,"1,800,000","1,302.44","1,382",Nov-21,ROCHESTER DRIVE,Resale,Strata,121,"14,876",-,Apartment,1,99 yrs lease commencing from 2005,05,Rest of Central Region,16 to 20
PARC RIVIERA,"1,728,000","1,184.04","1,459",Nov-21,WEST COAST VALE,Resale,Strata,110,"15,709",-,Condominium,1,99 yrs lease commencing from 2015,05,Outside Central Region,26 to 30
HUNDRED TREES,"2,050,000","1,302.44","1,574",Nov-21,WEST COAST DRIVE,Resale,Strata,121,"16,942",-,Condominium,1,956 yrs lease commencing from 1928,05,Outside Central Region,06 to 10
TWIN VEW,"2,450,000","1,517.72","1,614",Nov-21,WEST COAST VALE,Sub Sale,Strata,141,"17,376",-,Apartment,1,99 yrs lease commencing from 2017,05,Outside Central Region,16 to 20
BLUE HORIZON,"1,465,000","1,216.33","1,204",Nov-21,WEST COAST CRESCENT,Resale,Strata,113,"12,965",-,Condominium,1,99 yrs lease commencing from 2000,05,Outside Central Region,11 to 15
HUNDRED TREES,"2,238,000","1,474.67","1,518",Nov-21,WEST COAST DRIVE,Resale,Strata,137,"16,336",-,Condominium,1,956 yrs lease commencing from 1928,05,Outside Central Region,06 to 10
THE PARC CONDOMINIUM,"2,280,000","1,420.85","1,605",Nov-21,WEST COAST WALK,Resale,Strata,132,"17,273",-,Condominium,1,Freehold,05,Outside Central Region,16 to 20
BOTANNIA,"1,700,000","1,291.68","1,316",Nov-21,WEST COAST PARK,Resale,Strata,120,"14,167",-,Condominium,1,956 yrs lease commencing from 1928,05,Outside Central Region,06 to 10
SEAHILL,"1,688,000","1,054.87","1,600",Nov-21,WEST COAST CRESCENT,Resale,Strata,98,"17,224",-,Condominium,1,99 yrs lease commencing from 2011,05,Outside Central Region,21 to 25
PARC RIVIERA,"692,888",462.85,"1,497",Nov-21,WEST COAST VALE,Resale,Strata,43,"16,114",-,Condominium,1,99 yrs lease commencing from 2015,05,Outside Central Region,06 to 10
THE VISION,"3,618,000","2,701.76","1,339",Nov-21,WEST COAST CRESCENT,Resale,Strata,251,"14,414",-,Condominium,1,99 yrs lease commencing from 2008,05,Outside Central Region,31 to 35
HERITAGE VIEW,"1,235,000",968.76,"1,275",Nov-21,DOVER RISE,Resale,Strata,90,"13,722",-,Condominium,1,99 yrs lease commencing from 1996,05,Rest of Central Region,06 to 10
THE TRILINQ,"1,560,000",914.94,"1,705",Nov-21,JALAN LEMPENG,Resale,Strata,85,"18,353",-,Condominium,1,99 yrs lease commencing from 2012,05,Outside Central Region,26 to 30
BLUE HORIZON,"1,020,000",936.47,"1,089",Nov-21,WEST COAST CRESCENT,Resale,Strata,87,"11,724",-,Condominium,1,99 yrs lease commencing from 2000,05,Outside Central Region,01 to 05
DOVER PARKVIEW,"1,035,000",936.47,"1,105",Nov-21,DOVER RISE,Resale,Strata,87,"11,897",-,Condominium,1,99 yrs lease commencing from 1993,05,Rest of Central Region,06 to 10
TWIN VEW,"1,810,000","1,065.64","1,699",Nov-21,WEST COAST VALE,Sub Sale,Strata,99,"18,283",-,Apartment,1,99 yrs lease commencing from 2017,05,Outside Central Region,26 to 30
THE CLEMENT CANOPY,"1,300,000",731.95,"1,776",Nov-21,CLEMENTI AVENUE 1,Resale,Strata,68,"19,118",-,Apartment,1,99 yrs lease commencing from 2016,05,Outside Central Region,26 to 30
WESTCOVE CONDOMINIUM,"1,130,000","1,108.69","1,019",Nov-21,WEST COAST CRESCENT,Resale,Strata,103,"10,971",-,Condominium,1,99 yrs lease commencing from 1995,05,Outside Central Region,06 to 10
THE FOLIAGE,"1,370,000",958,"1,430",Nov-21,PASIR PANJANG ROAD,Resale,Strata,89,"15,393",-,Condominium,1,Freehold,05,Rest of Central Region,01 to 05
THE TRILINQ,"1,890,000","1,356.26","1,394",Nov-21,JALAN LEMPENG,Resale,Strata,126,"15,000",-,Condominium,1,99 yrs lease commencing from 2012,05,Outside Central Region,21 to 25
HUNDRED TREES,"745,000",484.38,"1,538",Nov-21,WEST COAST DRIVE,Resale,Strata,45,"16,556",-,Condominium,1,956 yrs lease commencing from 1928,05,Outside Central Region,01 to 05
HERITAGE VIEW,"1,242,000",968.76,"1,282",Nov-21,DOVER RISE,Resale,Strata,90,"13,800",-,Condominium,1,99 yrs lease commencing from 1996,05,Rest of Central Region,11 to 15
DOVER PARKVIEW,"1,080,000",968.76,"1,115",Nov-21,DOVER RISE,Resale,Strata,90,"12,000",-,Condominium,1,99 yrs lease commencing from 1993,05,Rest of Central Region,01 to 05
THE MAYLEA,"1,408,000",968.76,"1,453",Nov-21,PASIR PANJANG ROAD,Resale,Strata,90,"15,644",-,Condominium,1,Freehold,05,Rest of Central Region,01 to 05
THE ROCHESTER RESIDENCES,"2,650,000","1,948.28","1,360",Nov-21,ROCHESTER DRIVE,Resale,Strata,181,"14,641",-,Apartment,1,99 yrs lease commencing from 2005,05,Rest of Central Region,16 to 20
PARC RIVIERA,"1,615,000","1,151.75","1,402",Nov-21,WEST COAST VALE,Resale,Strata,107,"15,093",-,Condominium,1,99 yrs lease commencing from 2015,05,Outside Central Region,21 to 25
GOLD COAST CONDOMINIUM,"1,680,000","1,453.14","1,156",Nov-21,PASIR PANJANG ROAD,Resale,Strata,135,"12,444",-,Condominium,1,Freehold,05,Rest of Central Region,01 to 05
TWIN VEW,"1,686,000","1,184.04","1,424",Nov-21,WEST COAST VALE,Sub Sale,Strata,110,"15,327",-,Apartment,1,99 yrs lease commencing from 2017,05,Outside Central Region,16 to 20
PARC IMPERIAL,"705,000",387.5,"1,819",Nov-21,PASIR PANJANG ROAD,Resale,Strata,36,"19,583",-,Condominium,1,Freehold,05,Rest of Central Region,01 to 05
PASIR PANJANG COURT,"1,818,000","1,345.5","1,351",Nov-21,PASIR PANJANG CLOSE,Resale,Strata,125,"14,544",-,Apartment,1,Freehold,05,Rest of Central Region,01 to 05
THE PARC CONDOMINIUM,"1,880,000","1,216.33","1,546",Nov-21,WEST COAST WALK,Resale,Strata,113,"16,637",-,Condominium,1,Freehold,05,Outside Central Region,11 to 15
PARC RIVIERA,"1,360,000",990.29,"1,373",Nov-21,WEST COAST VALE,Resale,Strata,92,"14,783",-,Condominium,1,99 yrs lease commencing from 2015,05,Outside Central Region,01 to 05
BAYVILLE CONDOMINIUM,"2,300,000","1,915.99","1,200",Nov-21,SOUTH BUONA VISTA ROAD,Resale,Strata,178,"12,921",-,Condominium,1,Freehold,05,Rest of Central Region,01 to 05
CARABELLE,"1,880,000","1,259.39","1,493",Nov-21,WEST COAST WAY,Resale,Strata,117,"16,068",-,Condominium,1,956 yrs lease commencing from 1928,05,Outside Central Region,06 to 10
THE PARC CONDOMINIUM,"2,060,000","1,291.68","1,595",Nov-21,WEST COAST WALK,Resale,Strata,120,"17,167",-,Condominium,1,Freehold,05,Outside Central Region,21 to 25
PARC RIVIERA,"680,000",484.38,"1,404",Nov-21,WEST COAST VALE,Resale,Strata,45,"15,111",-,Condominium,1,99 yrs lease commencing from 2015,05,Outside Central Region,01 to 05
TWIN VEW,"1,200,000",731.95,"1,639",Nov-21,WEST COAST VALE,Sub Sale,Strata,68,"17,647",-,Apartment,1,99 yrs lease commencing from 2017,05,Outside Central Region,16 to 20
PARC RIVIERA,"718,000",462.85,"1,551",Nov-21,WEST COAST VALE,Resale,Strata,43,"16,698",-,Condominium,1,99 yrs lease commencing from 2015,05,Outside Central Region,06 to 10
PARC RIVIERA,"713,000",462.85,"1,540",Nov-21,WEST COAST VALE,Resale,Strata,43,"16,581",-,Condominium,1,99 yrs lease commencing from 2015,05,Outside Central Region,21 to 25
THE FOLIAGE,"1,355,000",958,"1,414",Nov-21,PASIR PANJANG ROAD,Resale,Strata,89,"15,225",-,Condominium,1,Freehold,05,Rest of Central Region,01 to 05
THE PARC CONDOMINIUM,"2,510,000","2,238.91","1,121",Nov-21,WEST COAST WALK,Resale,Strata,208,"12,067",-,Condominium,1,Freehold,05,Outside Central Region,21 to 25
PARC RIVIERA,"1,250,000",904.18,"1,382",Nov-21,WEST COAST VALE,Resale,Strata,84,"14,881",-,Condominium,1,99 yrs lease commencing from 2015,05,Outside Central Region,06 to 10
THE TRILINQ,"1,390,000",914.94,"1,519",Nov-21,JALAN LEMPENG,Resale,Strata,85,"16,353",-,Condominium,1,99 yrs lease commencing from 2012,05,Outside Central Region,01 to 05
HERITAGE VIEW,"1,480,000","1,205.57","1,228",Nov-21,DOVER RISE,Resale,Strata,112,"13,214",-,Condominium,1,99 yrs lease commencing from 1996,05,Rest of Central Region,01 to 05
CLEMENTIWOODS CONDOMINIUM,"1,950,000","1,625.36","1,200",Nov-21,WEST COAST ROAD,Resale,Strata,151,"12,914",-,Condominium,1,99 yrs lease commencing from 2006,05,Outside Central Region,01 to 05
HERITAGE VIEW,"2,950,000","2,626.42","1,123",Nov-21,DOVER RISE,Resale,Strata,244,"12,090",-,Condominium,1,99 yrs lease commencing from 1996,05,Rest of Central Region,16 to 20
TWIN VEW,"1,280,000",818.06,"1,565",Nov-21,WEST COAST VALE,Sub Sale,Strata,76,"16,842",-,Apartment,1,99 yrs lease commencing from 2017,05,Outside Central Region,06 to 10
DOVER PARKVIEW,"1,060,000",968.76,"1,094",Nov-21,DOVER RISE,Resale,Strata,90,"11,778",-,Condominium,1,99 yrs lease commencing from 1993,05,Rest of Central Region,06 to 10
SEAHILL,"1,188,000",861.12,"1,380",Oct-21,WEST COAST CRESCENT,Resale,Strata,80,"14,850",-,Condominium,1,99 yrs lease commencing from 2011,05,Outside Central Region,16 to 20
SEAHILL,"1,120,000",710.42,"1,577",Oct-21,WEST COAST CRESCENT,Resale,Strata,66,"16,970",-,Condominium,1,99 yrs lease commencing from 2011,05,Outside Central Region,26 to 30
BLUE HORIZON,"1,420,000","1,162.51","1,221",Oct-21,WEST COAST CRESCENT,Resale,Strata,108,"13,148",-,Condominium,1,99 yrs lease commencing from 2000,05,Outside Central Region,16 to 20
VARSITY PARK CONDOMINIUM,"1,650,000","1,453.14","1,135",Oct-21,WEST COAST ROAD,Resale,Strata,135,"12,222",-,Condominium,1,99 yrs lease commencing from 2004,05,Outside Central Region,01 to 05
TWIN VEW,"1,470,000",904.18,"1,626",Oct-21,WEST COAST VALE,Sub Sale,Strata,84,"17,500",-,Apartment,1,99 yrs lease commencing from 2017,05,Outside Central Region,21 to 25
NEWEST,"1,214,400",893.41,"1,359",Oct-21,WEST COAST DRIVE,Resale,Strata,83,"14,631",-,Apartment,1,956 yrs lease commencing from 1928,05,Outside Central Region,06 to 10
PARC RIVIERA,"870,000",602.78,"1,443",Oct-21,WEST COAST VALE,Resale,Strata,56,"15,536",-,Condominium,1,99 yrs lease commencing from 2015,05,Outside Central Region,01 to 05
HERITAGE VIEW,"1,550,000","1,162.51","1,333",Oct-21,DOVER RISE,Resale,Strata,108,"14,352",-,Condominium,1,99 yrs lease commencing from 1996,05,Rest of Central Region,16 to 20
WEST BAY CONDOMINIUM,"1,180,000","1,248.62",945,Oct-21,WEST COAST CRESCENT,Resale,Strata,116,"10,172",-,Condominium,1,99 yrs lease commencing from 1991,05,Outside Central Region,01 to 05
DOVER PARKVIEW,"1,088,888",936.47,"1,163",Oct-21,DOVER RISE,Resale,Strata,87,"12,516",-,Condominium,1,99 yrs lease commencing from 1993,05,Rest of Central Region,01 to 05
THE TRILINQ,"2,180,000","1,517.72","1,436",Oct-21,JALAN LEMPENG,Resale,Strata,141,"15,461",-,Condominium,1,99 yrs lease commencing from 2012,05,Outside Central Region,16 to 20
VIVA VISTA,"657,000",387.5,"1,695",Oct-21,SOUTH BUONA VISTA ROAD,Resale,Strata,36,"18,250",-,Apartment,1,Freehold,05,Rest of Central Region,01 to 05
PARC RIVIERA,"720,000",462.85,"1,556",Oct-21,WEST COAST VALE,Resale,Strata,43,"16,744",-,Condominium,1,99 yrs lease commencing from 2015,05,Outside Central Region,31 to 35
NEWEST,"2,388,888","2,432.66",982,Oct-21,WEST COAST DRIVE,Resale,Strata,226,"10,570",-,Apartment,1,956 yrs lease commencing from 1928,05,Outside Central Region,01 to 05
ONE-NORTH RESIDENCES,"2,300,000","1,614.6","1,425",Oct-21,ONE-NORTH GATEWAY,Resale,Strata,150,"15,333",-,Apartment,1,99 yrs lease commencing from 2005,05,Rest of Central Region,11 to 15
THE TRILINQ,"1,438,000",936.47,"1,536",Oct-21,JALAN LEMPENG,Resale,Strata,87,"16,529",-,Condominium,1,99 yrs lease commencing from 2012,05,Outside Central Region,06 to 10
THE ROCHESTER RESIDENCES,"1,810,000","1,205.57","1,501",Oct-21,ROCHESTER DRIVE,Resale,Strata,112,"16,161",-,Apartment,1,99 yrs lease commencing from 2005,05,Rest of Central Region,21 to 25
SEAHILL,"782,000",516.67,"1,514",Oct-21,WEST COAST CRESCENT,Resale,Strata,48,"16,292",-,Condominium,1,99 yrs lease commencing from 2011,05,Outside Central Region,16 to 20
PASIR VIEW PARK,"2,060,000","1,506.96","1,367",Oct-21,PASIR PANJANG ROAD,Resale,Strata,140,"14,714",-,Condominium,1,Freehold,05,Rest of Central Region,01 to 05
SEAHILL,"1,390,000",936.47,"1,484",Oct-21,WEST COAST CRESCENT,Resale,Strata,87,"15,977",-,Condominium,1,99 yrs lease commencing from 2011,05,Outside Central Region,06 to 10
PASIR PANJANG COURT,"1,868,000","1,345.5","1,388",Oct-21,PASIR PANJANG CLOSE,Resale,Strata,125,"14,944",-,Apartment,1,Freehold,05,Rest of Central Region,01 to 05
HERITAGE VIEW,"1,510,000","1,194.8","1,264",Oct-21,DOVER RISE,Resale,Strata,111,"13,604",-,Condominium,1,99 yrs lease commencing from 1996,05,Rest of Central Region,01 to 05
PARC RIVIERA,"680,000",462.85,"1,469",Oct-21,WEST COAST VALE,Resale,Strata,43,"15,814",-,Condominium,1,99 yrs lease commencing from 2015,05,Outside Central Region,06 to 10
PARC RIVIERA,"1,000,000",710.42,"1,408",Oct-21,WEST COAST VALE,Resale,Strata,66,"15,152",-,Condominium,1,99 yrs lease commencing from 2015,05,Outside Central Region,26 to 30
THE TRILINQ,"1,612,000","1,044.11","1,544",Oct-21,JALAN LEMPENG,Resale,Strata,97,"16,619",-,Condominium,1,99 yrs lease commencing from 2012,05,Outside Central Region,01 to 05
TWIN VEW,"2,080,000","1,248.62","1,666",Oct-21,WEST COAST VALE,Sub Sale,Strata,116,"17,931",-,Apartment,1,99 yrs lease commencing from 2017,05,Outside Central Region,21 to 25
THE PARC CONDOMINIUM,"1,440,000",979.52,"1,470",Oct-21,WEST COAST WALK,Resale,Strata,91,"15,824",-,Condominium,1,Freehold,05,Outside Central Region,06 to 10
PARC RIVIERA,"710,000",462.85,"1,534",Oct-21,WEST COAST VALE,Resale,Strata,43,"16,512",-,Condominium,1,99 yrs lease commencing from 2015,05,Outside Central Region,26 to 30
WATERFRONT @ FABER,"1,438,000","1,033.34","1,392",Oct-21,FABER WALK,Resale,Strata,96,"14,979",-,Apartment,1,99 yrs lease commencing from 2013,05,Outside Central Region,01 to 05
THE PEAK@BALMEG,"2,500,000","1,506.96","1,659",Oct-21,BALMEG HILL,Resale,Strata,140,"17,857",-,Condominium,1,Freehold,05,Rest of Central Region,01 to 05
BIJOU,"1,257,340",613.55,"2,049",Oct-21,JALAN MAT JAMBOL,Resale,Strata,57,"22,059",-,Apartment,1,Freehold,05,Rest of Central Region,01 to 05
THE TRILINQ,"1,520,750",914.94,"1,662",Oct-21,JALAN LEMPENG,Resale,Strata,85,"17,891",-,Condominium,1,99 yrs lease commencing from 2012,05,Outside Central Region,16 to 20
THE ROCHESTER RESIDENCES,"2,610,000","1,862.17","1,402",Oct-21,ROCHESTER DRIVE,Resale,Strata,173,"15,087",-,Apartment,1,99 yrs lease commencing from 2005,05,Rest of Central Region,21 to 25
TWIN VEW,"1,680,000","1,054.87","1,593",Oct-21,WEST COAST VALE,Sub Sale,Strata,98,"17,143",-,Apartment,1,99 yrs lease commencing from 2017,05,Outside Central Region,31 to 35
CLEMENTIWOODS CONDOMINIUM,"1,788,000","1,560.78","1,146",Oct-21,WEST COAST ROAD,Resale,Strata,145,"12,331",-,Condominium,1,99 yrs lease commencing from 2006,05,Outside Central Region,01 to 05
THE PARC CONDOMINIUM,"1,428,000",979.52,"1,458",Oct-21,WEST COAST WALK,Resale,Strata,91,"15,692",-,Condominium,1,Freehold,05,Outside Central Region,06 to 10
THE CLEMENT CANOPY,"1,640,000",990.29,"1,656",Oct-21,CLEMENTI AVENUE 1,Resale,Strata,92,"17,826",-,Apartment,1,99 yrs lease commencing from 2016,05,Outside Central Region,21 to 25
BLUE HORIZON,"1,300,000","1,151.75","1,129",Oct-21,WEST COAST CRESCENT,Resale,Strata,107,"12,150",-,Condominium,1,99 yrs lease commencing from 2000,05,Outside Central Region,11 to 15
VARSITY PARK CONDOMINIUM,"2,260,000","2,152.8","1,050",Oct-21,WEST COAST ROAD,Resale,Strata,200,"11,300",-,Condominium,1,99 yrs lease commencing from 2004,05,Outside Central Region,01 to 05
BOTANNIA,"1,800,000","1,237.86","1,454",Oct-21,WEST COAST PARK,Resale,Strata,115,"15,652",-,Condominium,1,956 yrs lease commencing from 1928,05,Outside Central Region,06 to 10
THE TRILINQ,"4,500,000","4,445.53","1,012",Oct-21,JALAN LEMPENG,Resale,Strata,413,"10,896",-,Condominium,1,99 yrs lease commencing from 2012,05,Outside Central Region,31 to 35
THE CLEMENT CANOPY,"1,768,000","1,162.51","1,521",Oct-21,CLEMENTI AVENUE 1,Resale,Strata,108,"16,370",-,Apartment,1,99 yrs lease commencing from 2016,05,Outside Central Region,36 to 40
TWIN VEW,"1,110,000",731.95,"1,516",Oct-21,WEST COAST VALE,Sub Sale,Strata,68,"16,324",-,Apartment,1,99 yrs lease commencing from 2017,05,Outside Central Region,01 to 05
TWIN VEW,"868,699",484.38,"1,793",Oct-21,WEST COAST VALE,Sub Sale,Strata,45,"19,304",-,Apartment,1,99 yrs lease commencing from 2017,05,Outside Central Region,31 to 35
TWIN VEW,"1,970,000","1,248.62","1,578",Oct-21,WEST COAST VALE,Sub Sale,Strata,116,"16,983",-,Apartment,1,99 yrs lease commencing from 2017,05,Outside Central Region,11 to 15
PARC RIVIERA,"1,600,000","1,151.75","1,389",Oct-21,WEST COAST VALE,Resale,Strata,107,"14,953",-,Condominium,1,99 yrs lease commencing from 2015,05,Outside Central Region,16 to 20
PARC RIVIERA,"705,000",462.85,"1,523",Oct-21,WEST COAST VALE,Resale,Strata,43,"16,395",-,Condominium,1,99 yrs lease commencing from 2015,05,Outside Central Region,16 to 20
THE TRILINQ,"1,880,000","1,356.26","1,386",Oct-21,JALAN LEMPENG,Resale,Strata,126,"14,921",-,Condominium,1,99 yrs lease commencing from 2012,05,Outside Central Region,16 to 20
MONTEREY PARK CONDOMINIUM,"2,000,000","1,388.56","1,440",Oct-21,WEST COAST RISE,Resale,Strata,129,"15,504",-,Condominium,1,999 yrs lease commencing from 1885,05,Outside Central Region,11 to 15
FABER CREST,"1,508,888","1,560.78",967,Oct-21,FABER HEIGHTS,Resale,Strata,145,"10,406",-,Condominium,1,99 yrs lease commencing from 1996,05,Outside Central Region,01 to 05
THE STELLAR,"1,918,000","1,679.18","1,142",Oct-21,WEST COAST ROAD,Resale,Strata,156,"12,295",-,Condominium,1,Freehold,05,Outside Central Region,01 to 05
DOVER PARKVIEW,"1,088,000",936.47,"1,162",Oct-21,DOVER RISE,Resale,Strata,87,"12,506",-,Condominium,1,99 yrs lease commencing from 1993,05,Rest of Central Region,06 to 10
THE TRILINQ,"1,190,000",710.42,"1,675",Oct-21,JALAN LEMPENG,Resale,Strata,66,"18,030",-,Condominium,1,99 yrs lease commencing from 2012,05,Outside Central Region,31 to 35
PARC IMPERIAL,"710,000",398.27,"1,783",Oct-21,PASIR PANJANG ROAD,Resale,Strata,37,"19,189",-,Condominium,1,Freehold,05,Rest of Central Region,01 to 05
VARSITY PARK CONDOMINIUM,"2,175,000","1,991.34","1,092",Oct-21,WEST COAST ROAD,Resale,Strata,185,"11,757",-,Condominium,1,99 yrs lease commencing from 2004,05,Outside Central Region,01 to 05
THE CLEMENT CANOPY,"1,758,000","1,108.69","1,586",Oct-21,CLEMENTI AVENUE 1,Resale,Strata,103,"17,068",-,Apartment,1,99 yrs lease commencing from 2016,05,Outside Central Region,26 to 30
THE PARC CONDOMINIUM,"2,198,000","1,420.85","1,547",Oct-21,WEST COAST WALK,Resale,Strata,132,"16,652",-,Condominium,1,Freehold,05,Outside Central Region,06 to 10
SEASUITES,"1,186,000",688.9,"1,722",Oct-21,PASIR PANJANG ROAD,Resale,Strata,64,"18,531",-,Apartment,1,Freehold,05,Rest of Central Region,01 to 05
PARC RIVIERA,"1,580,000","1,151.75","1,372",Oct-21,WEST COAST VALE,Resale,Strata,107,"14,766",-,Condominium,1,99 yrs lease commencing from 2015,05,Outside Central Region,16 to 20
THE ROCHESTER RESIDENCES,"1,980,000","1,302.44","1,520",Oct-21,ROCHESTER DRIVE,Resale,Strata,121,"16,364",-,Apartment,1,99 yrs lease commencing from 2005,05,Rest of Central Region,31 to 35
THE PARC CONDOMINIUM,"992,000",667.37,"1,486",Oct-21,WEST COAST WALK,Resale,Strata,62,"16,000",-,Condominium,1,Freehold,05,Outside Central Region,16 to 20
DOVER PARKVIEW,"2,685,000","2,228.15","1,205",Oct-21,DOVER RISE,Resale,Strata,207,"12,971",-,Condominium,1,99 yrs lease commencing from 1993,05,Rest of Central Region,16 to 20
TWIN VEW,"1,620,000","1,054.87","1,536",Oct-21,WEST COAST VALE,Sub Sale,Strata,98,"16,531",-,Apartment,1,99 yrs lease commencing from 2017,05,Outside Central Region,16 to 20
THE MAYLEA,"1,550,000","1,151.75","1,346",Oct-21,PASIR PANJANG ROAD,Resale,Strata,107,"14,486",-,Condominium,1,Freehold,05,Rest of Central Region,01 to 05
THE CLEMENT CANOPY,"1,288,000",710.42,"1,813",Oct-21,CLEMENTI AVENUE 1,Resale,Strata,66,"19,515",-,Apartment,1,99 yrs lease commencing from 2016,05,Outside Central Region,36 to 40
DOVER PARKVIEW,"1,050,000",936.47,"1,121",Oct-21,DOVER RISE,Resale,Strata,87,"12,069",-,Condominium,1,99 yrs lease commencing from 1993,05,Rest of Central Region,01 to 05
THE TRILINQ,"1,438,000",936.47,"1,536",Oct-21,JALAN LEMPENG,Resale,Strata,87,"16,529",-,Condominium,1,99 yrs lease commencing from 2012,05,Outside Central Region,01 to 05
VARSITY PARK CONDOMINIUM,"1,310,000","1,033.34","1,268",Oct-21,WEST COAST ROAD,Resale,Strata,96,"13,646",-,Condominium,1,99 yrs lease commencing from 2004,05,Outside Central Region,01 to 05
THE INFINITI,"1,655,000","1,302.44","1,271",Oct-21,WEST COAST PARK,Resale,Strata,121,"13,678",-,Condominium,1,Freehold,05,Outside Central Region,11 to 15
THE VISION,"2,223,000","1,603.84","1,386",Sep-21,WEST COAST CRESCENT,Resale,Strata,149,"14,919",-,Condominium,1,99 yrs lease commencing from 2008,05,Outside Central Region,16 to 20
DOVER PARKVIEW,"1,210,000",968.76,"1,249",Sep-21,DOVER RISE,Resale,Strata,90,"13,444",-,Condominium,1,99 yrs lease commencing from 1993,05,Rest of Central Region,11 to 15
VARSITY PARK CONDOMINIUM,"1,720,000","1,603.84","1,072",Sep-21,WEST COAST ROAD,Resale,Strata,149,"11,544",-,Condominium,1,99 yrs lease commencing from 2004,05,Outside Central Region,01 to 05
THE TRILINQ,"1,411,800","1,108.69","1,273",Sep-21,JALAN LEMPENG,Resale,Strata,103,"13,707",-,Condominium,1,99 yrs lease commencing from 2012,05,Outside Central Region,06 to 10
HERITAGE VIEW,"1,172,000",968.76,"1,210",Sep-21,DOVER RISE,Resale,Strata,90,"13,022",-,Condominium,1,99 yrs lease commencing from 1996,05,Rest of Central Region,06 to 10
DOVER PARKVIEW,"1,580,000","1,248.62","1,265",Sep-21,DOVER RISE,Resale,Strata,116,"13,621",-,Condominium,1,99 yrs lease commencing from 1993,05,Rest of Central Region,11 to 15
TWIN VEW,"1,580,000","1,054.87","1,498",Sep-21,WEST COAST VALE,Sub Sale,Strata,98,"16,122",-,Apartment,1,99 yrs lease commencing from 2017,05,Outside Central Region,11 to 15
PARC RIVIERA,"1,540,000","1,151.75","1,337",Sep-21,WEST COAST VALE,Resale,Strata,107,"14,393",-,Condominium,1,99 yrs lease commencing from 2015,05,Outside Central Region,16 to 20
THE FOLIAGE,"1,290,000",936.47,"1,378",Sep-21,PASIR PANJANG ROAD,Resale,Strata,87,"14,828",-,Condominium,1,Freehold,05,Rest of Central Region,01 to 05
ONE-NORTH RESIDENCES,"2,100,000","1,323.97","1,586",Sep-21,ONE-NORTH GATEWAY,Resale,Strata,123,"17,073",-,Apartment,1,99 yrs lease commencing from 2005,05,Rest of Central Region,06 to 10
CARABELLE,"1,388,000",947.23,"1,465",Sep-21,WEST COAST WAY,Resale,Strata,88,"15,773",-,Condominium,1,956 yrs lease commencing from 1928,05,Outside Central Region,06 to 10
PARC RIVIERA,"715,000",462.85,"1,545",Sep-21,WEST COAST VALE,Resale,Strata,43,"16,628",-,Condominium,1,99 yrs lease commencing from 2015,05,Outside Central Region,31 to 35
THE STELLAR,"1,800,000","1,313.21","1,371",Sep-21,WEST COAST ROAD,Resale,Strata,122,"14,754",-,Condominium,1,Freehold,05,Outside Central Region,01 to 05
THE TRILINQ,"2,250,000","1,517.72","1,482",Sep-21,JALAN LEMPENG,Resale,Strata,141,"15,957",-,Condominium,1,99 yrs lease commencing from 2012,05,Outside Central Region,26 to 30
THE ROCHESTER RESIDENCES,"1,260,000","1,022.58","1,232",Sep-21,ROCHESTER DRIVE,Resale,Strata,95,"13,263",-,Apartment,1,99 yrs lease commencing from 2005,05,Rest of Central Region,26 to 30
MENDON SPRING,"1,290,000","1,054.87","1,223",Sep-21,PASIR PANJANG ROAD,Resale,Strata,98,"13,163",-,Apartment,1,Freehold,05,Rest of Central Region,01 to 05
PARC RIVIERA,"703,000",462.85,"1,519",Sep-21,WEST COAST VALE,Resale,Strata,43,"16,349",-,Condominium,1,99 yrs lease commencing from 2015,05,Outside Central Region,16 to 20
THE CLEMENT CANOPY,"1,570,000",990.29,"1,585",Sep-21,CLEMENTI AVENUE 1,Resale,Strata,92,"17,065",-,Apartment,1,99 yrs lease commencing from 2016,05,Outside Central Region,06 to 10
THE TRILINQ,"1,696,000","1,044.11","1,624",Sep-21,JALAN LEMPENG,Resale,Strata,97,"17,485",-,Condominium,1,99 yrs lease commencing from 2012,05,Outside Central Region,31 to 35
THE ROCHESTER RESIDENCES,"6,800,000","5,123.66","1,327",Sep-21,ROCHESTER DRIVE,Resale,Strata,476,"14,286",-,Apartment,1,99 yrs lease commencing from 2005,05,Rest of Central Region,36 to 40
PARC RIVIERA,"1,680,000","1,184.04","1,419",Sep-21,WEST COAST VALE,Resale,Strata,110,"15,273",-,Condominium,1,99 yrs lease commencing from 2015,05,Outside Central Region,26 to 30
THE CLEMENT CANOPY,"1,050,000",635.08,"1,653",Sep-21,CLEMENTI AVENUE 1,Resale,Strata,59,"17,797",-,Apartment,1,99 yrs lease commencing from 2016,05,Outside Central Region,26 to 30
THE TRILINQ,"1,680,000","1,054.87","1,593",Sep-21,JALAN LEMPENG,Resale,Strata,98,"17,143",-,Condominium,1,99 yrs lease commencing from 2012,05,Outside Central Region,31 to 35
DOVER PARKVIEW,"1,550,000","1,248.62","1,241",Sep-21,DOVER RISE,Resale,Strata,116,"13,362",-,Condominium,1,99 yrs lease commencing from 1993,05,Rest of Central Region,01 to 05
THE GRANDHILL,"1,300,000",925.7,"1,404",Sep-21,PASIR PANJANG HILL,Resale,Strata,86,"15,116",-,Condominium,1,Freehold,05,Rest of Central Region,01 to 05
CLEMENTIWOODS CONDOMINIUM,"790,000",645.84,"1,223",Sep-21,WEST COAST ROAD,Resale,Strata,60,"13,167",-,Condominium,1,99 yrs lease commencing from 2006,05,Outside Central Region,01 to 05
THE TRILINQ,"1,276,197",753.48,"1,694",Sep-21,JALAN LEMPENG,Resale,Strata,70,"18,231",-,Condominium,1,99 yrs lease commencing from 2012,05,Outside Central Region,26 to 30
THE INFINITI,"1,300,888","1,087.16","1,197",Sep-21,WEST COAST PARK,Resale,Strata,101,"12,880",-,Condominium,1,Freehold,05,Outside Central Region,01 to 05
TREASURE PLACE,"1,750,000","1,496.2","1,170",Sep-21,LORONG SARHAD,Resale,Strata,139,"12,590",-,Condominium,1,Freehold,05,Rest of Central Region,01 to 05
PALM MANSIONS,"1,275,000",979.52,"1,302",Sep-21,PASIR PANJANG ROAD,Resale,Strata,91,"14,011",-,Apartment,1,Freehold,05,Rest of Central Region,01 to 05
REGENT PARK,"970,000",914.94,"1,060",Sep-21,JALAN LEMPENG,Resale,Strata,85,"11,412",-,Condominium,1,99 yrs lease commencing from 1993,05,Outside Central Region,01 to 05
MENDON SPRING,"1,083,000","1,065.64","1,016",Sep-21,PASIR PANJANG ROAD,Resale,Strata,99,"10,939",-,Apartment,1,Freehold,05,Rest of Central Region,01 to 05
THE ROCHESTER RESIDENCES,"2,280,000","1,862.17","1,224",Sep-21,ROCHESTER DRIVE,Resale,Strata,173,"13,179",-,Apartment,1,99 yrs lease commencing from 2005,05,Rest of Central Region,16 to 20
DOVER PARKVIEW,"1,098,000",968.76,"1,133",Sep-21,DOVER RISE,Resale,Strata,90,"12,200",-,Condominium,1,99 yrs lease commencing from 1993,05,Rest of Central Region,11 to 15
PARC RIVIERA,"1,295,000",904.18,"1,432",Sep-21,WEST COAST VALE,Resale,Strata,84,"15,417",-,Condominium,1,99 yrs lease commencing from 2015,05,Outside Central Region,31 to 35
TWIN VEW,"1,830,000","1,065.64","1,717",Sep-21,WEST COAST VALE,Sub Sale,Strata,99,"18,485",-,Apartment,1,99 yrs lease commencing from 2017,05,Outside Central Region,21 to 25
WESTCOVE CONDOMINIUM,"1,065,000","1,140.98",933,Sep-21,WEST COAST CRESCENT,Resale,Strata,106,"10,047",-,Condominium,1,99 yrs lease commencing from 1995,05,Outside Central Region,01 to 05
TWIN VEW,"2,311,000","1,517.72","1,523",Sep-21,WEST COAST VALE,Sub Sale,Strata,141,"16,390",-,Apartment,1,99 yrs lease commencing from 2017,05,Outside Central Region,06 to 10
THE INFINITI,"1,168,000",914.94,"1,277",Sep-21,WEST COAST PARK,Resale,Strata,85,"13,741",-,Condominium,1,Freehold,05,Outside Central Region,01 to 05
PARC RIVIERA,"1,580,000","1,184.04","1,334",Sep-21,WEST COAST VALE,Resale,Strata,110,"14,364",-,Condominium,1,99 yrs lease commencing from 2015,05,Outside Central Region,16 to 20
CRYSTAL HEIGHTS,"1,330,000","1,054.87","1,261",Sep-21,PASIR PANJANG HILL,Resale,Strata,98,"13,571",-,Apartment,1,Freehold,05,Rest of Central Region,01 to 05
BOTANNIA,"1,249,000",828.83,"1,507",Sep-21,WEST COAST PARK,Resale,Strata,77,"16,221",-,Condominium,1,956 yrs lease commencing from 1928,05,Outside Central Region,11 to 15
BOTANNIA,"1,775,000","1,227.1","1,447",Sep-21,WEST COAST PARK,Resale,Strata,114,"15,570",-,Condominium,1,956 yrs lease commencing from 1928,05,Outside Central Region,06 to 10
HUNDRED TREES,"1,690,000","1,162.51","1,454",Sep-21,WEST COAST DRIVE,Resale,Strata,108,"15,648",-,Condominium,1,956 yrs lease commencing from 1928,05,Outside Central Region,01 to 05
THE PARC CONDOMINIUM,"3,950,000","3,681.29","1,073",Sep-21,WEST COAST WALK,Resale,Strata,342,"11,550",-,Condominium,1,Freehold,05,Outside Central Region,21 to 25
WATERFRONT @ FABER,"996,000",721.19,"1,381",Sep-21,FABER WALK,Resale,Strata,67,"14,866",-,Apartment,1,99 yrs lease commencing from 2013,05,Outside Central Region,01 to 05
HUNDRED TREES,"1,290,000",914.94,"1,410",Sep-21,WEST COAST DRIVE,Resale,Strata,85,"15,176",-,Condominium,1,956 yrs lease commencing from 1928,05,Outside Central Region,06 to 10
THE INFINITI,"1,550,000","1,248.62","1,241",Sep-21,WEST COAST PARK,Resale,Strata,116,"13,362",-,Condominium,1,Freehold,05,Outside Central Region,06 to 10
DOVER PARKVIEW,"1,100,000",936.47,"1,175",Sep-21,DOVER RISE,Resale,Strata,87,"12,644",-,Condominium,1,99 yrs lease commencing from 1993,05,Rest of Central Region,11 to 15
FABER CREST,"1,300,000","1,248.62","1,041",Sep-21,FABER HEIGHTS,Resale,Strata,116,"11,207",-,Condominium,1,99 yrs lease commencing from 1996,05,Outside Central Region,01 to 05
HERITAGE VIEW,"1,530,000","1,162.51","1,316",Sep-21,DOVER RISE,Resale,Strata,108,"14,167",-,Condominium,1,99 yrs lease commencing from 1996,05,Rest of Central Region,16 to 20
BOTANNIA,"2,250,000","1,571.54","1,432",Sep-21,WEST COAST PARK,Resale,Strata,146,"15,411",-,Condominium,1,956 yrs lease commencing from 1928,05,Outside Central Region,11 to 15
THE VISION,"1,918,000","1,313.21","1,461",Sep-21,WEST COAST CRESCENT,Resale,Strata,122,"15,721",-,Condominium,1,99 yrs lease commencing from 2008,05,Outside Central Region,21 to 25
TWIN VEW,"1,588,000","1,054.87","1,505",Sep-21,WEST COAST VALE,Sub Sale,Strata,98,"16,204",-,Apartment,1,99 yrs lease commencing from 2017,05,Outside Central Region,11 to 15
HERITAGE VIEW,"1,780,000","1,313.21","1,355",Sep-21,DOVER RISE,Resale,Strata,122,"14,590",-,Condominium,1,99 yrs lease commencing from 1996,05,Rest of Central Region,16 to 20
THE ROCHESTER RESIDENCES,"1,880,000","1,205.57","1,559",Sep-21,ROCHESTER DRIVE,Resale,Strata,112,"16,786",-,Apartment,1,99 yrs lease commencing from 2005,05,Rest of Central Region,26 to 30
FLYNN PARK,"371,000,000","152,019.97","2,440",Sep-21,YEW SIANG ROAD,Resale,Strata,"14,123","26,269",-,Condominium,72,Freehold,05,Rest of Central Region,01 to 05
BOTANNIA,"2,200,000","1,582.31","1,390",Sep-21,WEST COAST PARK,Resale,Strata,147,"14,966",-,Condominium,1,956 yrs lease commencing from 1928,05,Outside Central Region,01 to 05
BLUE HORIZON,"1,275,000","1,151.75","1,107",Sep-21,WEST COAST CRESCENT,Resale,Strata,107,"11,916",-,Condominium,1,99 yrs lease commencing from 2000,05,Outside Central Region,01 to 05
LE HILL CONDOMINIUM,"1,386,000",990.29,"1,400",Sep-21,PASIR PANJANG HILL,Resale,Strata,92,"15,065",-,Condominium,1,Freehold,05,Rest of Central Region,01 to 05
TWIN VEW,"1,100,000",710.42,"1,548",Sep-21,WEST COAST VALE,Sub Sale,Strata,66,"16,667",-,Apartment,1,99 yrs lease commencing from 2017,05,Outside Central Region,06 to 10
THE CLEMENT CANOPY,"1,280,000",731.95,"1,749",Sep-21,CLEMENTI AVENUE 1,Resale,Strata,68,"18,824",-,Apartment,1,99 yrs lease commencing from 2016,05,Outside Central Region,31 to 35
THE TRILINQ,"1,520,000",914.94,"1,661",Sep-21,JALAN LEMPENG,Resale,Strata,85,"17,882",-,Condominium,1,99 yrs lease commencing from 2012,05,Outside Central Region,31 to 35
THE GRANDHILL,"1,750,000","1,259.39","1,390",Sep-21,PASIR PANJANG HILL,Resale,Strata,117,"14,957",-,Condominium,1,Freehold,05,Rest of Central Region,01 to 05
THE TRILINQ,"1,490,000","1,108.69","1,344",Sep-21,JALAN LEMPENG,Resale,Strata,103,"14,466",-,Condominium,1,99 yrs lease commencing from 2012,05,Outside Central Region,21 to 25
HERITAGE VIEW,"1,500,000","1,194.8","1,255",Sep-21,DOVER RISE,Resale,Strata,111,"13,514",-,Condominium,1,99 yrs lease commencing from 1996,05,Rest of Central Region,06 to 10
DOVER PARKVIEW,"1,080,000",936.47,"1,153",Sep-21,DOVER RISE,Resale,Strata,87,"12,414",-,Condominium,1,99 yrs lease commencing from 1993,05,Rest of Central Region,06 to 10
CLEMENTIWOODS CONDOMINIUM,"3,200,000","3,078.5","1,039",Sep-21,WEST COAST ROAD,Resale,Strata,286,"11,189",-,Condominium,1,99 yrs lease commencing from 2006,05,Outside Central Region,01 to 05
VARSITY PARK CONDOMINIUM,"1,650,000","1,291.68","1,277",Sep-21,WEST COAST ROAD,Resale,Strata,120,"13,750",-,Condominium,1,99 yrs lease commencing from 2004,05,Outside Central Region,01 to 05
WEST BAY CONDOMINIUM,"805,000",871.88,923,Sep-21,WEST COAST CRESCENT,Resale,Strata,81,"9,938",-,Condominium,1,99 yrs lease commencing from 1991,05,Outside Central Region,01 to 05
BOTANNIA,"1,888,888","1,270.15","1,487",Sep-21,WEST COAST PARK,Resale,Strata,118,"16,008",-,Condominium,1,956 yrs lease commencing from 1928,05,Outside Central Region,06 to 10
ONE-NORTH RESIDENCES,"852,000",592.02,"1,439",Sep-21,ONE-NORTH GATEWAY,Resale,Strata,55,"15,491",-,Apartment,1,99 yrs lease commencing from 2005,05,Rest of Central Region,06 to 10
HERITAGE VIEW,"1,223,000",968.76,"1,262",Sep-21,DOVER RISE,Resale,Strata,90,"13,589",-,Condominium,1,99 yrs lease commencing from 1996,05,Rest of Central Region,11 to 15
VILLAGE @ PASIR PANJANG,"2,220,000","1,560.78","1,422",Sep-21,PASIR PANJANG ROAD,Resale,Strata,145,"15,310",-,Condominium,1,Freehold,05,Rest of Central Region,01 to 05
PARC RIVIERA,"680,000",462.85,"1,469",Sep-21,WEST COAST VALE,Resale,Strata,43,"15,814",-,Condominium,1,99 yrs lease commencing from 2015,05,Outside Central Region,11 to 15
VIVA VISTA,"634,000",376.74,"1,683",Sep-21,SOUTH BUONA VISTA ROAD,Resale,Strata,35,"18,114",-,Apartment,1,Freehold,05,Rest of Central Region,01 to 05
THE TRILINQ,"1,516,000","1,044.11","1,452",Sep-21,JALAN LEMPENG,Resale,Strata,97,"15,629",-,Condominium,1,99 yrs lease commencing from 2012,05,Outside Central Region,01 to 05
BLUE HORIZON,"1,400,000","1,162.51","1,204",Sep-21,WEST COAST CRESCENT,Resale,Strata,108,"12,963",-,Condominium,1,99 yrs lease commencing from 2000,05,Outside Central Region,11 to 15
TWIN VEW,"1,776,000","1,184.04","1,500",Sep-21,WEST COAST VALE,Sub Sale,Strata,110,"16,145",-,Apartment,1,99 yrs lease commencing from 2017,05,Outside Central Region,06 to 10
TWIN VEW,"1,258,888",818.06,"1,539",Sep-21,WEST COAST VALE,Sub Sale,Strata,76,"16,564",-,Apartment,1,99 yrs lease commencing from 2017,05,Outside Central Region,06 to 10
WEST BAY CONDOMINIUM,"1,145,000","1,280.92",894,Aug-21,WEST COAST CRESCENT,Resale,Strata,119,"9,622",-,Condominium,1,99 yrs lease commencing from 1991,05,Outside Central Region,01 to 05
THE VISION,"1,170,000",904.18,"1,294",Aug-21,WEST COAST CRESCENT,Resale,Strata,84,"13,929",-,Condominium,1,99 yrs lease commencing from 2008,05,Outside Central Region,01 to 05
THE VISION,"1,750,000","1,302.44","1,344",Aug-21,WEST COAST CRESCENT,Resale,Strata,121,"14,463",-,Condominium,1,99 yrs lease commencing from 2008,05,Outside Central Region,11 to 15
TWIN VEW,"1,730,000","1,140.98","1,516",Aug-21,WEST COAST VALE,Sub Sale,Strata,106,"16,321",-,Apartment,1,99 yrs lease commencing from 2017,05,Outside Central Region,06 to 10
THE VISION,"1,710,000","1,313.21","1,302",Aug-21,WEST COAST CRESCENT,Resale,Strata,122,"14,016",-,Condominium,1,99 yrs lease commencing from 2008,05,Outside Central Region,06 to 10
TWIN VEW,"1,750,000","1,140.98","1,534",Aug-21,WEST COAST VALE,Sub Sale,Strata,106,"16,509",-,Apartment,1,99 yrs lease commencing from 2017,05,Outside Central Region,11 to 15
ONE-NORTH RESIDENCES,"1,538,000",979.52,"1,570",Aug-21,ONE-NORTH GATEWAY,Resale,Strata,91,"16,901",-,Apartment,1,99 yrs lease commencing from 2005,05,Rest of Central Region,06 to 10
LIIV RESIDENCES,"1,506,400","1,248.62","1,206",Aug-21,PASIR PANJANG ROAD,Resale,Strata,116,"12,986",-,Apartment,1,Freehold,05,Rest of Central Region,01 to 05
THE TRILINQ,"1,000,000",710.42,"1,408",Aug-21,JALAN LEMPENG,Resale,Strata,66,"15,152",-,Condominium,1,99 yrs lease commencing from 2012,05,Outside Central Region,16 to 20
WHITEHAVEN,"930,000",538.2,"1,728",Aug-21,PASIR PANJANG ROAD,Resale,Strata,50,"18,600",-,Apartment,1,Freehold,05,Rest of Central Region,01 to 05
TWIN VEW,"1,630,000","1,065.64","1,530",Aug-21,WEST COAST VALE,Sub Sale,Strata,99,"16,465",-,Apartment,1,99 yrs lease commencing from 2017,05,Outside Central Region,06 to 10
WEST BAY CONDOMINIUM,"1,100,000","1,248.62",881,Aug-21,WEST COAST CRESCENT,Resale,Strata,116,"9,483",-,Condominium,1,99 yrs lease commencing from 1991,05,Outside Central Region,01 to 05
THE CLEMENT CANOPY,"1,688,000",990.29,"1,705",Aug-21,CLEMENTI AVENUE 1,Resale,Strata,92,"18,348",-,Apartment,1,99 yrs lease commencing from 2016,05,Outside Central Region,36 to 40
PARC RIVIERA,"900,000",602.78,"1,493",Aug-21,WEST COAST VALE,Resale,Strata,56,"16,071",-,Condominium,1,99 yrs lease commencing from 2015,05,Outside Central Region,06 to 10
PARC RIVIERA,"970,000",710.42,"1,365",Aug-21,WEST COAST VALE,Resale,Strata,66,"14,697",-,Condominium,1,99 yrs lease commencing from 2015,05,Outside Central Region,26 to 30
HERITAGE VIEW,"1,510,000","1,194.8","1,264",Aug-21,DOVER RISE,Resale,Strata,111,"13,604",-,Condominium,1,99 yrs lease commencing from 1996,05,Rest of Central Region,11 to 15
DOVER PARKVIEW,"1,068,888",936.47,"1,141",Aug-21,DOVER RISE,Resale,Strata,87,"12,286",-,Condominium,1,99 yrs lease commencing from 1993,05,Rest of Central Region,11 to 15
MURANO,"1,080,000",861.12,"1,254",Aug-21,PASIR PANJANG ROAD,Resale,Strata,80,"13,500",-,Apartment,1,Freehold,05,Rest of Central Region,01 to 05
ISLAND VIEW,"4,280,000","3,498.3","1,223",Aug-21,JALAN MAT JAMBOL,Resale,Strata,325,"13,169",-,Condominium,1,Freehold,05,Rest of Central Region,01 to 05
FABER CREST,"970,000","1,011.82",959,Aug-21,FABER HEIGHTS,Resale,Strata,94,"10,319",-,Condominium,1,99 yrs lease commencing from 1996,05,Outside Central Region,01 to 05
THE INFINITI,"1,580,000","1,259.39","1,255",Aug-21,WEST COAST PARK,Resale,Strata,117,"13,504",-,Condominium,1,Freehold,05,Outside Central Region,06 to 10
VIVA VISTA,"642,000",398.27,"1,612",Aug-21,SOUTH BUONA VISTA ROAD,Resale,Strata,37,"17,351",-,Apartment,1,Freehold,05,Rest of Central Region,01 to 05
PARC RIVIERA,"982,000",710.42,"1,382",Aug-21,WEST COAST VALE,Resale,Strata,66,"14,879",-,Condominium,1,99 yrs lease commencing from 2015,05,Outside Central Region,31 to 35
THE CLEMENT CANOPY,"1,150,000",710.42,"1,619",Aug-21,CLEMENTI AVENUE 1,Resale,Strata,66,"17,424",-,Apartment,1,99 yrs lease commencing from 2016,05,Outside Central Region,06 to 10
THE TRILINQ,"855,000",538.2,"1,589",Aug-21,JALAN LEMPENG,Resale,Strata,50,"17,100",-,Condominium,1,99 yrs lease commencing from 2012,05,Outside Central Region,06 to 10
VARSITY PARK CONDOMINIUM,"1,920,000","1,797.59","1,068",Aug-21,WEST COAST ROAD,Resale,Strata,167,"11,497",-,Condominium,1,99 yrs lease commencing from 2004,05,Outside Central Region,01 to 05
MONTEREY PARK CONDOMINIUM,"1,910,000","1,528.49","1,250",Aug-21,WEST COAST RISE,Resale,Strata,142,"13,451",-,Condominium,1,999 yrs lease commencing from 1885,05,Outside Central Region,01 to 05
VARSITY PARK CONDOMINIUM,"2,375,000","2,228.15","1,066",Aug-21,WEST COAST ROAD,Resale,Strata,207,"11,473",-,Condominium,1,99 yrs lease commencing from 2004,05,Outside Central Region,01 to 05
BUONA VISTA GARDENS,"1,880,000","1,463.9","1,284",Aug-21,ZEHNDER ROAD,Resale,Strata,136,"13,824",-,Condominium,1,Freehold,05,Rest of Central Region,01 to 05
FABER CREST,"1,300,000","1,259.39","1,032",Aug-21,FABER HEIGHTS,Resale,Strata,117,"11,111",-,Condominium,1,99 yrs lease commencing from 1996,05,Outside Central Region,01 to 05
WEST BAY CONDOMINIUM,"1,068,888","1,216.33",879,Aug-21,WEST COAST CRESCENT,Resale,Strata,113,"9,459",-,Condominium,1,99 yrs lease commencing from 1991,05,Outside Central Region,01 to 05
DOVER PARKVIEW,"1,090,000",968.76,"1,125",Aug-21,DOVER RISE,Resale,Strata,90,"12,111",-,Condominium,1,99 yrs lease commencing from 1993,05,Rest of Central Region,06 to 10
VILLAGE @ PASIR PANJANG,"1,760,000","1,097.93","1,603",Aug-21,PASIR PANJANG ROAD,Resale,Strata,102,"17,255",-,Condominium,1,Freehold,05,Rest of Central Region,01 to 05
HUNDRED TREES,"2,163,000","1,474.67","1,467",Aug-21,WEST COAST DRIVE,Resale,Strata,137,"15,788",-,Condominium,1,956 yrs lease commencing from 1928,05,Outside Central Region,01 to 05
THE PARC CONDOMINIUM,"2,208,000","1,420.85","1,554",Aug-21,WEST COAST WALK,Resale,Strata,132,"16,727",-,Condominium,1,Freehold,05,Outside Central Region,16 to 20
DOVER PARKVIEW,"1,150,000",936.47,"1,228",Aug-21,DOVER RISE,Resale,Strata,87,"13,218",-,Condominium,1,99 yrs lease commencing from 1993,05,Rest of Central Region,11 to 15
THE TRILINQ,"1,133,000",710.42,"1,595",Aug-21,JALAN LEMPENG,Resale,Strata,66,"17,167",-,Condominium,1,99 yrs lease commencing from 2012,05,Outside Central Region,26 to 30
DOVER PARKVIEW,"1,570,000","1,248.62","1,257",Aug-21,DOVER RISE,Resale,Strata,116,"13,534",-,Condominium,1,99 yrs lease commencing from 1993,05,Rest of Central Region,01 to 05
PALM GREEN,"1,240,000","1,108.69","1,118",Aug-21,PASIR PANJANG ROAD,Resale,Strata,103,"12,039",-,Apartment,1,Freehold,05,Rest of Central Region,01 to 05
THE PEAK@BALMEG,"2,700,000","1,754.53","1,539",Aug-21,BALMEG HILL,Resale,Strata,163,"16,564",-,Condominium,1,Freehold,05,Rest of Central Region,01 to 05
SEAHILL,"650,000",505.91,"1,285",Aug-21,WEST COAST CRESCENT,Resale,Strata,47,"13,830",-,Condominium,1,99 yrs lease commencing from 2011,05,Outside Central Region,11 to 15
ONE-NORTH RESIDENCES,"2,225,000","1,593.07","1,397",Aug-21,ONE-NORTH GATEWAY,Resale,Strata,148,"15,034",-,Apartment,1,99 yrs lease commencing from 2005,05,Rest of Central Region,06 to 10
TWIN VEW,"1,100,000",731.95,"1,503",Aug-21,WEST COAST VALE,Sub Sale,Strata,68,"16,176",-,Apartment,1,99 yrs lease commencing from 2017,05,Outside Central Region,01 to 05
TWIN VEW,"800,000",484.38,"1,652",Aug-21,WEST COAST VALE,Sub Sale,Strata,45,"17,778",-,Apartment,1,99 yrs lease commencing from 2017,05,Outside Central Region,16 to 20
PARC RIVIERA,"885,000",602.78,"1,468",Aug-21,WEST COAST VALE,Resale,Strata,56,"15,804",-,Condominium,1,99 yrs lease commencing from 2015,05,Outside Central Region,16 to 20
WATERFRONT @ FABER,"1,850,000","1,291.68","1,432",Aug-21,FABER WALK,Resale,Strata,120,"15,417",-,Apartment,1,99 yrs lease commencing from 2013,05,Outside Central Region,01 to 05
THE VISION,"1,900,000","1,313.21","1,447",Aug-21,WEST COAST CRESCENT,Resale,Strata,122,"15,574",-,Condominium,1,99 yrs lease commencing from 2008,05,Outside Central Region,26 to 30
THE TRILINQ,"1,290,000",753.48,"1,712",Aug-21,JALAN LEMPENG,Resale,Strata,70,"18,429",-,Condominium,1,99 yrs lease commencing from 2012,05,Outside Central Region,21 to 25
HERITAGE VIEW,"1,565,000","1,162.51","1,346",Aug-21,DOVER RISE,Resale,Strata,108,"14,491",-,Condominium,1,99 yrs lease commencing from 1996,05,Rest of Central Region,16 to 20
PARC RIVIERA,"880,000",602.78,"1,460",Aug-21,WEST COAST VALE,Resale,Strata,56,"15,714",-,Condominium,1,99 yrs lease commencing from 2015,05,Outside Central Region,11 to 15
HERITAGE VIEW,"1,210,000",968.76,"1,249",Aug-21,DOVER RISE,Resale,Strata,90,"13,444",-,Condominium,1,99 yrs lease commencing from 1996,05,Rest of Central Region,11 to 15
THE PARC CONDOMINIUM,"2,160,000","1,420.85","1,520",Aug-21,WEST COAST WALK,Resale,Strata,132,"16,364",-,Condominium,1,Freehold,05,Outside Central Region,11 to 15
FABER CREST,"1,370,000","1,420.85",964,Aug-21,FABER HEIGHTS,Resale,Strata,132,"10,379",-,Condominium,1,99 yrs lease commencing from 1996,05,Outside Central Region,01 to 05
PARC RIVIERA,"1,630,000","1,151.75","1,415",Aug-21,WEST COAST VALE,Resale,Strata,107,"15,234",-,Condominium,1,99 yrs lease commencing from 2015,05,Outside Central Region,31 to 35
FABER CREST,"1,225,000","1,280.92",956,Aug-21,FABER HEIGHTS,Resale,Strata,119,"10,294",-,Condominium,1,99 yrs lease commencing from 1996,05,Outside Central Region,01 to 05
ONE-NORTH RESIDENCES,"1,480,000",979.52,"1,511",Aug-21,ONE-NORTH GATEWAY,Resale,Strata,91,"16,264",-,Apartment,1,99 yrs lease commencing from 2005,05,Rest of Central Region,11 to 15
THE ROCHESTER RESIDENCES,"1,168,888",839.59,"1,392",Aug-21,ROCHESTER DRIVE,Resale,Strata,78,"14,986",-,Apartment,1,99 yrs lease commencing from 2005,05,Rest of Central Region,06 to 10
THE VISION,"1,600,000","1,302.44","1,228",Aug-21,WEST COAST CRESCENT,Resale,Strata,121,"13,223",-,Condominium,1,99 yrs lease commencing from 2008,05,Outside Central Region,01 to 05
SEASUITES,"1,090,000",667.37,"1,633",Aug-21,PASIR PANJANG ROAD,Resale,Strata,62,"17,581",-,Apartment,1,Freehold,05,Rest of Central Region,01 to 05
FABER CREST,"1,215,000","1,248.62",973,Aug-21,FABER HEIGHTS,Resale,Strata,116,"10,474",-,Condominium,1,99 yrs lease commencing from 1996,05,Outside Central Region,01 to 05
TWIN VEW,"2,570,000","1,517.72","1,693",Aug-21,WEST COAST VALE,Sub Sale,Strata,141,"18,227",-,Apartment,1,99 yrs lease commencing from 2017,05,Outside Central Region,31 to 35
THE TRILINQ,"1,488,000",914.94,"1,626",Aug-21,JALAN LEMPENG,Resale,Strata,85,"17,506",-,Condominium,1,99 yrs lease commencing from 2012,05,Outside Central Region,11 to 15
THE SORRENTO,"738,000",441.32,"1,672",Aug-21,WEST COAST ROAD,Resale,Strata,41,"18,000",-,Condominium,1,Freehold,05,Outside Central Region,01 to 05
TREASURE PLACE,"1,700,000","1,323.97","1,284",Aug-21,LORONG SARHAD,Resale,Strata,123,"13,821",-,Condominium,1,Freehold,05,Rest of Central Region,01 to 05
THE CLEMENT CANOPY,"1,250,000",731.95,"1,708",Aug-21,CLEMENTI AVENUE 1,Resale,Strata,68,"18,382",-,Apartment,1,99 yrs lease commencing from 2016,05,Outside Central Region,31 to 35
REGENT PARK,"900,000",914.94,984,Aug-21,JALAN LEMPENG,Resale,Strata,85,"10,588",-,Condominium,1,99 yrs lease commencing from 1993,05,Outside Central Region,01 to 05
THE ROCHESTER RESIDENCES,"2,690,000","1,948.28","1,381",Aug-21,ROCHESTER DRIVE,Resale,Strata,181,"14,862",-,Apartment,1,99 yrs lease commencing from 2005,05,Rest of Central Region,31 to 35
TWIN VEW,"1,393,000","1,054.87","1,321",Aug-21,WEST COAST VALE,Sub Sale,Strata,98,"14,214",-,Apartment,1,99 yrs lease commencing from 2017,05,Outside Central Region,01 to 05
FABER CREST,"1,218,000","1,259.39",967,Aug-21,FABER HEIGHTS,Resale,Strata,117,"10,410",-,Condominium,1,99 yrs lease commencing from 1996,05,Outside Central Region,01 to 05
PARC RIVIERA,"1,380,000",990.29,"1,394",Aug-21,WEST COAST VALE,Resale,Strata,92,"15,000",-,Condominium,1,99 yrs lease commencing from 2015,05,Outside Central Region,26 to 30
THE PARC CONDOMINIUM,"2,030,000","1,302.44","1,559",Aug-21,WEST COAST WALK,Resale,Strata,121,"16,777",-,Condominium,1,Freehold,05,Outside Central Region,16 to 20
BLUE HORIZON,"1,435,000","1,216.33","1,180",Aug-21,WEST COAST CRESCENT,Resale,Strata,113,"12,699",-,Condominium,1,99 yrs lease commencing from 2000,05,Outside Central Region,21 to 25
THE VISION,"1,320,000",904.18,"1,460",Aug-21,WEST COAST CRESCENT,Resale,Strata,84,"15,714",-,Condominium,1,99 yrs lease commencing from 2008,05,Outside Central Region,26 to 30
TWIN VEW,"2,480,000","1,517.72","1,634",Aug-21,WEST COAST VALE,Sub Sale,Strata,141,"17,589",-,Apartment,1,99 yrs lease commencing from 2017,05,Outside Central Region,21 to 25
THE TRILINQ,"1,450,000",914.94,"1,585",Aug-21,JALAN LEMPENG,Resale,Strata,85,"17,059",-,Condominium,1,99 yrs lease commencing from 2012,05,Outside Central Region,21 to 25
DOVER PARKVIEW,"1,521,000","1,248.62","1,218",Aug-21,DOVER RISE,Resale,Strata,116,"13,112",-,Condominium,1,99 yrs lease commencing from 1993,05,Rest of Central Region,01 to 05
THE CLEMENT CANOPY,"1,780,000","1,108.69","1,605",Aug-21,CLEMENTI AVENUE 1,Resale,Strata,103,"17,282",-,Apartment,1,99 yrs lease commencing from 2016,05,Outside Central Region,11 to 15
NEWEST,"2,300,000","2,475.72",929,Aug-21,WEST COAST DRIVE,Resale,Strata,230,"10,000",-,Apartment,1,956 yrs lease commencing from 1928,05,Outside Central Region,01 to 05
THE VISION,"2,238,899","1,603.84","1,396",Aug-21,WEST COAST CRESCENT,Resale,Strata,149,"15,026",-,Condominium,1,99 yrs lease commencing from 2008,05,Outside Central Region,26 to 30
THE MAYLEA,"1,430,000","1,022.58","1,398",Aug-21,PASIR PANJANG ROAD,Resale,Strata,95,"15,053",-,Condominium,1,Freehold,05,Rest of Central Region,01 to 05
THE CLEMENT CANOPY,"2,038,888","1,345.5","1,515",Aug-21,CLEMENTI AVENUE 1,Resale,Strata,125,"16,311",-,Apartment,1,99 yrs lease commencing from 2016,05,Outside Central Region,11 to 15
SEAHILL,"700,000",505.91,"1,384",Aug-21,WEST COAST CRESCENT,Resale,Strata,47,"14,894",-,Condominium,1,99 yrs lease commencing from 2011,05,Outside Central Region,11 to 15
DOVER PARKVIEW,"1,060,000",936.47,"1,132",Aug-21,DOVER RISE,Resale,Strata,87,"12,184",-,Condominium,1,99 yrs lease commencing from 1993,05,Rest of Central Region,06 to 10
THE SPECTRUM,"1,560,000","1,270.15","1,228",Aug-21,PASIR PANJANG ROAD,Resale,Strata,118,"13,220",-,Condominium,1,Freehold,05,Rest of Central Region,01 to 05
ONE-NORTH RESIDENCES,"1,760,000","1,108.69","1,587",Aug-21,ONE-NORTH GATEWAY,Resale,Strata,103,"17,087",-,Apartment,1,99 yrs lease commencing from 2005,05,Rest of Central Region,11 to 15
THE VISION,"1,225,000",904.18,"1,355",Aug-21,WEST COAST CRESCENT,Resale,Strata,84,"14,583",-,Condominium,1,99 yrs lease commencing from 2008,05,Outside Central Region,31 to 35
ONE-NORTH RESIDENCES,"1,460,000",979.52,"1,491",Aug-21,ONE-NORTH GATEWAY,Resale,Strata,91,"16,044",-,Apartment,1,99 yrs lease commencing from 2005,05,Rest of Central Region,01 to 05
24 ONE RESIDENCES,"818,000",484.38,"1,689",Aug-21,PASIR PANJANG ROAD,Resale,Strata,45,"18,178",-,Apartment,1,Freehold,05,Rest of Central Region,01 to 05
THE ROCHESTER RESIDENCES,"1,125,000",861.12,"1,306",Aug-21,ROCHESTER DRIVE,Resale,Strata,80,"14,063",-,Apartment,1,99 yrs lease commencing from 2005,05,Rest of Central Region,16 to 20
THE ESTIVA,"1,538,000","1,151.75","1,335",Aug-21,PASIR PANJANG ROAD,Resale,Strata,107,"14,374",-,Apartment,1,Freehold,05,Rest of Central Region,01 to 05
TWIN VEW,"930,000",570.49,"1,630",Aug-21,WEST COAST VALE,Sub Sale,Strata,53,"17,547",-,Apartment,1,99 yrs lease commencing from 2017,05,Outside Central Region,06 to 10
FABER CREST,"1,200,000","1,237.86",969,Jul-21,FABER HEIGHTS,Resale,Strata,115,"10,435",-,Condominium,1,99 yrs lease commencing from 1996,05,Outside Central Region,01 to 05
THE GRANDHILL,"1,935,000","1,420.85","1,362",Jul-21,PASIR PANJANG HILL,Resale,Strata,132,"14,659",-,Condominium,1,Freehold,05,Rest of Central Region,01 to 05
ONE-NORTH RESIDENCES,"888,000",592.02,"1,500",Jul-21,ONE-NORTH GATEWAY,Resale,Strata,55,"16,145",-,Apartment,1,99 yrs lease commencing from 2005,05,Rest of Central Region,06 to 10
PARC RIVIERA,"1,330,000",904.18,"1,471",Jul-21,WEST COAST VALE,Resale,Strata,84,"15,833",-,Condominium,1,99 yrs lease commencing from 2015,05,Outside Central Region,31 to 35
TWIN VEW,"2,350,000","1,517.72","1,548",Jul-21,WEST COAST VALE,Sub Sale,Strata,141,"16,667",-,Apartment,1,99 yrs lease commencing from 2017,05,Outside Central Region,11 to 15
PARC IMPERIAL,"778,000",484.38,"1,606",Jul-21,PASIR PANJANG ROAD,Resale,Strata,45,"17,289",-,Condominium,1,Freehold,05,Rest of Central Region,01 to 05
VILLAGE @ PASIR PANJANG,"1,270,000",818.06,"1,552",Jul-21,PASIR PANJANG ROAD,Resale,Strata,76,"16,711",-,Condominium,1,Freehold,05,Rest of Central Region,01 to 05
PARC RIVIERA,"1,600,000","1,184.04","1,351",Jul-21,WEST COAST VALE,Resale,Strata,110,"14,545",-,Condominium,1,99 yrs lease commencing from 2015,05,Outside Central Region,01 to 05
PARC RIVIERA,"686,000",462.85,"1,482",Jul-21,WEST COAST VALE,Resale,Strata,43,"15,953",-,Condominium,1,99 yrs lease commencing from 2015,05,Outside Central Region,06 to 10
THE TRILINQ,"1,460,000","1,108.69","1,317",Jul-21,JALAN LEMPENG,Resale,Strata,103,"14,175",-,Condominium,1,99 yrs lease commencing from 2012,05,Outside Central Region,31 to 35
BOTANNIA,"2,218,000","1,560.78","1,421",Jul-21,WEST COAST PARK,Resale,Strata,145,"15,297",-,Condominium,1,956 yrs lease commencing from 1928,05,Outside Central Region,06 to 10
PARC RIVIERA,"1,000,000",710.42,"1,408",Jul-21,WEST COAST VALE,Resale,Strata,66,"15,152",-,Condominium,1,99 yrs lease commencing from 2015,05,Outside Central Region,31 to 35
ONE-NORTH RESIDENCES,"2,148,800","1,431.61","1,501",Jul-21,ONE-NORTH GATEWAY,Resale,Strata,133,"16,156",-,Apartment,1,99 yrs lease commencing from 2005,05,Rest of Central Region,06 to 10
PASIR PANJANG COURT,"1,500,000","1,259.39","1,191",Jul-21,PASIR PANJANG CLOSE,Resale,Strata,117,"12,821",-,Apartment,1,Freehold,05,Rest of Central Region,01 to 05
CARABELLE,"2,850,000","2,077.45","1,372",Jul-21,WEST COAST WAY,Resale,Strata,193,"14,767",-,Condominium,1,956 yrs lease commencing from 1928,05,Outside Central Region,11 to 15
SEAHILL,"755,000",516.67,"1,461",Jul-21,WEST COAST CRESCENT,Resale,Strata,48,"15,729",-,Condominium,1,99 yrs lease commencing from 2011,05,Outside Central Region,16 to 20
THE VISION,"1,180,000",904.18,"1,305",Jul-21,WEST COAST CRESCENT,Resale,Strata,84,"14,048",-,Condominium,1,99 yrs lease commencing from 2008,05,Outside Central Region,06 to 10
THE TRILINQ,"1,780,000","1,345.5","1,323",Jul-21,JALAN LEMPENG,Resale,Strata,125,"14,240",-,Condominium,1,99 yrs lease commencing from 2012,05,Outside Central Region,26 to 30
WEST BAY CONDOMINIUM,"1,050,000","1,291.68",813,Jul-21,WEST COAST CRESCENT,Resale,Strata,120,"8,750",-,Condominium,1,99 yrs lease commencing from 1991,05,Outside Central Region,01 to 05
VENTANA,"1,680,000","1,313.21","1,279",Jul-21,PASIR PANJANG HILL,Resale,Strata,122,"13,770",-,Apartment,1,Freehold,05,Rest of Central Region,01 to 05
THE INFINITI,"1,550,000","1,302.44","1,190",Jul-21,WEST COAST PARK,Resale,Strata,121,"12,810",-,Condominium,1,Freehold,05,Outside Central Region,06 to 10
TWIN VEW,"1,580,000","1,054.87","1,498",Jul-21,WEST COAST VALE,Sub Sale,Strata,98,"16,122",-,Apartment,1,99 yrs lease commencing from 2017,05,Outside Central Region,21 to 25
THE SORRENTO,"787,000",462.85,"1,700",Jul-21,WEST COAST ROAD,Resale,Strata,43,"18,302",-,Condominium,1,Freehold,05,Outside Central Region,01 to 05
PALM GREEN,"1,300,000","1,130.22","1,150",Jul-21,PASIR PANJANG ROAD,Resale,Strata,105,"12,381",-,Apartment,1,Freehold,05,Rest of Central Region,01 to 05
VILLA DE WEST,"1,280,000","1,011.82","1,265",Jul-21,PASIR PANJANG ROAD,Resale,Strata,94,"13,617",-,Condominium,1,Freehold,05,Rest of Central Region,01 to 05
SEAHILL,"1,270,000",861.12,"1,475",Jul-21,WEST COAST CRESCENT,Resale,Strata,80,"15,875",-,Condominium,1,99 yrs lease commencing from 2011,05,Outside Central Region,11 to 15
WESTCOVE CONDOMINIUM,"995,000","1,097.93",906,Jul-21,WEST COAST CRESCENT,Resale,Strata,102,"9,755",-,Condominium,1,99 yrs lease commencing from 1995,05,Outside Central Region,01 to 05
ONE-NORTH RESIDENCES,"1,450,000",979.52,"1,480",Jul-21,ONE-NORTH GATEWAY,Resale,Strata,91,"15,934",-,Apartment,1,99 yrs lease commencing from 2005,05,Rest of Central Region,06 to 10
WESTCOVE CONDOMINIUM,"1,210,000","1,216.33",995,Jul-21,WEST COAST CRESCENT,Resale,Strata,113,"10,708",-,Condominium,1,99 yrs lease commencing from 1995,05,Outside Central Region,01 to 05
VIVA VISTA,"640,000",376.74,"1,699",Jul-21,SOUTH BUONA VISTA ROAD,Resale,Strata,35,"18,286",-,Apartment,1,Freehold,05,Rest of Central Region,01 to 05
BOTANNIA,"2,090,000","1,582.31","1,321",Jul-21,WEST COAST PARK,Resale,Strata,147,"14,218",-,Condominium,1,956 yrs lease commencing from 1928,05,Outside Central Region,01 to 05
THE PARC CONDOMINIUM,"1,400,000",979.52,"1,429",Jul-21,WEST COAST WALK,Resale,Strata,91,"15,385",-,Condominium,1,Freehold,05,Outside Central Region,06 to 10
PARC RIVIERA,"1,600,000","1,184.04","1,351",Jul-21,WEST COAST VALE,Resale,Strata,110,"14,545",-,Condominium,1,99 yrs lease commencing from 2015,05,Outside Central Region,11 to 15
CLEMENTIWOODS CONDOMINIUM,"1,650,000","1,420.85","1,161",Jul-21,WEST COAST ROAD,Resale,Strata,132,"12,500",-,Condominium,1,99 yrs lease commencing from 2006,05,Outside Central Region,01 to 05
BLUE HORIZON,"1,125,000","1,001.05","1,124",Jul-21,WEST COAST CRESCENT,Resale,Strata,93,"12,097",-,Condominium,1,99 yrs lease commencing from 2000,05,Outside Central Region,01 to 05
THE TRILINQ,"1,820,000","1,345.5","1,353",Jul-21,JALAN LEMPENG,Resale,Strata,125,"14,560",-,Condominium,1,99 yrs lease commencing from 2012,05,Outside Central Region,16 to 20
PASIR PANJANG COURT,"1,600,000","1,377.79","1,161",Jul-21,PASIR PANJANG CLOSE,Resale,Strata,128,"12,500",-,Apartment,1,Freehold,05,Rest of Central Region,01 to 05
THE TRILINQ,"890,000",538.2,"1,654",Jul-21,JALAN LEMPENG,Resale,Strata,50,"17,800",-,Condominium,1,99 yrs lease commencing from 2012,05,Outside Central Region,26 to 30
PARC RIVIERA,"1,580,000","1,151.75","1,372",Jul-21,WEST COAST VALE,Resale,Strata,107,"14,766",-,Condominium,1,99 yrs lease commencing from 2015,05,Outside Central Region,31 to 35
THE INFINITI,"1,450,000","1,313.21","1,104",Jul-21,WEST COAST PARK,Resale,Strata,122,"11,885",-,Condominium,1,Freehold,05,Outside Central Region,01 to 05
BOTANNIA,"1,240,000",828.83,"1,496",Jul-21,WEST COAST PARK,Resale,Strata,77,"16,104",-,Condominium,1,956 yrs lease commencing from 1928,05,Outside Central Region,11 to 15
THE FOLIAGE,"705,000",505.91,"1,394",Jul-21,PASIR PANJANG ROAD,Resale,Strata,47,"15,000",-,Condominium,1,Freehold,05,Rest of Central Region,01 to 05
HUNDRED TREES,"1,050,000",785.77,"1,336",Jul-21,WEST COAST DRIVE,Resale,Strata,73,"14,384",-,Condominium,1,956 yrs lease commencing from 1928,05,Outside Central Region,11 to 15
THE ROCHESTER RESIDENCES,"1,820,000","1,302.44","1,397",Jul-21,ROCHESTER DRIVE,Resale,Strata,121,"15,041",-,Apartment,1,99 yrs lease commencing from 2005,05,Rest of Central Region,21 to 25
THE TRILINQ,"1,388,000","1,108.69","1,252",Jul-21,JALAN LEMPENG,Resale,Strata,103,"13,476",-,Condominium,1,99 yrs lease commencing from 2012,05,Outside Central Region,16 to 20
VIVA VISTA,"580,000",376.74,"1,540",Jul-21,SOUTH BUONA VISTA ROAD,Resale,Strata,35,"16,571",-,Apartment,1,Freehold,05,Rest of Central Region,01 to 05
HUNDRED TREES,"1,210,000",914.94,"1,322",Jul-21,WEST COAST DRIVE,Resale,Strata,85,"14,235",-,Condominium,1,956 yrs lease commencing from 1928,05,Outside Central Region,11 to 15
THE ESTIVA,"1,530,000","1,151.75","1,328",Jul-21,PASIR PANJANG ROAD,Resale,Strata,107,"14,299",-,Apartment,1,Freehold,05,Rest of Central Region,01 to 05
CLEMENTIWOODS CONDOMINIUM,"805,000",645.84,"1,246",Jul-21,WEST COAST ROAD,Resale,Strata,60,"13,417",-,Condominium,1,99 yrs lease commencing from 2006,05,Outside Central Region,01 to 05
PARC RIVIERA,"1,400,000",990.29,"1,414",Jul-21,WEST COAST VALE,Resale,Strata,92,"15,217",-,Condominium,1,99 yrs lease commencing from 2015,05,Outside Central Region,31 to 35
BAYVILLE CONDOMINIUM,"1,400,000","1,248.62","1,121",Jul-21,SOUTH BUONA VISTA ROAD,Resale,Strata,116,"12,069",-,Condominium,1,Freehold,05,Rest of Central Region,01 to 05
WEST BAY CONDOMINIUM,"830,000",904.18,918,Jul-21,WEST COAST CRESCENT,Resale,Strata,84,"9,881",-,Condominium,1,99 yrs lease commencing from 1991,05,Outside Central Region,01 to 05
THE VISION,"1,670,000","1,313.21","1,272",Jul-21,WEST COAST CRESCENT,Resale,Strata,122,"13,689",-,Condominium,1,99 yrs lease commencing from 2008,05,Outside Central Region,16 to 20
FABER CREST,"1,670,000","1,689.95",988,Jul-21,FABER HEIGHTS,Resale,Strata,157,"10,637",-,Condominium,1,99 yrs lease commencing from 1996,05,Outside Central Region,01 to 05
THE TRILINQ,"1,490,000",914.94,"1,629",Jul-21,JALAN LEMPENG,Resale,Strata,85,"17,529",-,Condominium,1,99 yrs lease commencing from 2012,05,Outside Central Region,11 to 15
THE SORRENTO,"1,070,000",710.42,"1,506",Jul-21,WEST COAST ROAD,Resale,Strata,66,"16,212",-,Condominium,1,Freehold,05,Outside Central Region,01 to 05
FABER CREST,"950,000","1,011.82",939,Jul-21,FABER HEIGHTS,Resale,Strata,94,"10,106",-,Condominium,1,99 yrs lease commencing from 1996,05,Outside Central Region,01 to 05
SEAHILL,"1,100,000",861.12,"1,277",Jul-21,WEST COAST CRESCENT,Resale,Strata,80,"13,750",-,Condominium,1,99 yrs lease commencing from 2011,05,Outside Central Region,16 to 20
THE ROCHESTER RESIDENCES,"2,350,000","1,700.71","1,382",Jul-21,ROCHESTER DRIVE,Resale,Strata,158,"14,873",-,Apartment,1,99 yrs lease commencing from 2005,05,Rest of Central Region,11 to 15
LANDRIDGE CONDOMINIUM,"2,250,000","1,808.35","1,244",Jun-21,PASIR PANJANG ROAD,Resale,Strata,168,"13,393",-,Condominium,1,Freehold,05,Rest of Central Region,01 to 05
HERITAGE VIEW,"1,468,000","1,194.8","1,229",Jun-21,DOVER RISE,Resale,Strata,111,"13,225",-,Condominium,1,99 yrs lease commencing from 1996,05,Rest of Central Region,06 to 10
WHITEHAVEN,"1,150,000",785.77,"1,464",Jun-21,PASIR PANJANG ROAD,Resale,Strata,73,"15,753",-,Apartment,1,Freehold,05,Rest of Central Region,01 to 05
CARABELLE,"1,850,000","1,259.39","1,469",Jun-21,WEST COAST WAY,Resale,Strata,117,"15,812",-,Condominium,1,956 yrs lease commencing from 1928,05,Outside Central Region,06 to 10
MONTEREY PARK CONDOMINIUM,"2,200,000","1,625.36","1,354",Jun-21,WEST COAST RISE,Resale,Strata,151,"14,570",-,Condominium,1,999 yrs lease commencing from 1885,05,Outside Central Region,06 to 10
BOTANNIA,"1,790,000","1,237.86","1,446",Jun-21,WEST COAST PARK,Resale,Strata,115,"15,565",-,Condominium,1,956 yrs lease commencing from 1928,05,Outside Central Region,06 to 10
PARC RIVIERA,"1,255,000",904.18,"1,388",Jun-21,WEST COAST VALE,Resale,Strata,84,"14,940",-,Condominium,1,99 yrs lease commencing from 2015,05,Outside Central Region,31 to 35
PARC RIVIERA,"1,515,000","1,151.75","1,315",Jun-21,WEST COAST VALE,Resale,Strata,107,"14,159",-,Condominium,1,99 yrs lease commencing from 2015,05,Outside Central Region,11 to 15
THE PEAK@BALMEG,"3,580,000","2,604.89","1,374",Jun-21,BALMEG HILL,Resale,Strata,242,"14,793",-,Condominium,1,Freehold,05,Rest of Central Region,01 to 05
THE ROCHESTER RESIDENCES,"4,650,000","2,540.3","1,830",Jun-21,ROCHESTER DRIVE,Resale,Strata,236,"19,703",-,Apartment,1,99 yrs lease commencing from 2005,05,Rest of Central Region,36 to 40
VARSITY PARK CONDOMINIUM,"2,300,000","2,152.8","1,068",Jun-21,WEST COAST ROAD,Resale,Strata,200,"11,500",-,Condominium,1,99 yrs lease commencing from 2004,05,Outside Central Region,01 to 05
HERITAGE VIEW,"1,440,000","1,162.51","1,239",Jun-21,DOVER RISE,Resale,Strata,108,"13,333",-,Condominium,1,99 yrs lease commencing from 1996,05,Rest of Central Region,16 to 20
TWIN VEW,"1,445,000",904.18,"1,598",Jun-21,WEST COAST VALE,Sub Sale,Strata,84,"17,202",-,Apartment,1,99 yrs lease commencing from 2017,05,Outside Central Region,16 to 20
THE INFINITI,"1,200,000",914.94,"1,312",Jun-21,WEST COAST PARK,Resale,Strata,85,"14,118",-,Condominium,1,Freehold,05,Outside Central Region,01 to 05
THE CLEMENT CANOPY,"1,750,000","1,108.69","1,578",Jun-21,CLEMENTI AVENUE 1,Resale,Strata,103,"16,990",-,Apartment,1,99 yrs lease commencing from 2016,05,Outside Central Region,21 to 25
THE CLEMENT CANOPY,"1,750,000","1,140.98","1,534",Jun-21,CLEMENTI AVENUE 1,Resale,Strata,106,"16,509",-,Apartment,1,99 yrs lease commencing from 2016,05,Outside Central Region,01 to 05
THE CLEMENT CANOPY,"1,658,888",990.29,"1,675",Jun-21,CLEMENTI AVENUE 1,Resale,Strata,92,"18,031",-,Apartment,1,99 yrs lease commencing from 2016,05,Outside Central Region,36 to 40
SEAHILL,"2,150,000","1,302.44","1,651",Jun-21,WEST COAST CRESCENT,Resale,Strata,121,"17,769",-,Condominium,1,99 yrs lease commencing from 2011,05,Outside Central Region,26 to 30
VILLAGE @ PASIR PANJANG,"2,070,200","1,539.25","1,345",Jun-21,PASIR PANJANG ROAD,Resale,Strata,143,"14,477",-,Condominium,1,Freehold,05,Rest of Central Region,01 to 05
ONE-NORTH RESIDENCES,"2,420,000","1,614.6","1,499",Jun-21,ONE-NORTH GATEWAY,Resale,Strata,150,"16,133",-,Apartment,1,99 yrs lease commencing from 2005,05,Rest of Central Region,11 to 15
THE FOLIAGE,"1,400,000","1,140.98","1,227",Jun-21,PASIR PANJANG ROAD,Resale,Strata,106,"13,208",-,Condominium,1,Freehold,05,Rest of Central Region,01 to 05
NEWEST,"2,418,800","2,970.86",814,Jun-21,WEST COAST DRIVE,Resale,Strata,276,"8,764",-,Apartment,1,956 yrs lease commencing from 1928,05,Outside Central Region,01 to 05
DOVER PARKVIEW,"1,038,888",936.47,"1,109",Jun-21,DOVER RISE,Resale,Strata,87,"11,941",-,Condominium,1,99 yrs lease commencing from 1993,05,Rest of Central Region,06 to 10
PARC RIVIERA,"1,630,000","1,184.04","1,377",Jun-21,WEST COAST VALE,Resale,Strata,110,"14,818",-,Condominium,1,99 yrs lease commencing from 2015,05,Outside Central Region,06 to 10
THE PARC CONDOMINIUM,"1,790,000","1,216.33","1,472",Jun-21,WEST COAST WALK,Resale,Strata,113,"15,841",-,Condominium,1,Freehold,05,Outside Central Region,11 to 15
PASIR VIEW PARK,"1,960,000","1,463.9","1,339",Jun-21,PASIR PANJANG ROAD,Resale,Strata,136,"14,412",-,Condominium,1,Freehold,05,Rest of Central Region,01 to 05
PARC IMPERIAL,"630,000",365.98,"1,721",Jun-21,PASIR PANJANG ROAD,Resale,Strata,34,"18,529",-,Condominium,1,Freehold,05,Rest of Central Region,01 to 05
WEST BAY CONDOMINIUM,"1,180,000","1,356.26",870,Jun-21,WEST COAST CRESCENT,Resale,Strata,126,"9,365",-,Condominium,1,99 yrs lease commencing from 1991,05,Outside Central Region,01 to 05
CLEMENTIWOODS CONDOMINIUM,"2,770,000","2,873.99",964,Jun-21,WEST COAST ROAD,Resale,Strata,267,"10,375",-,Condominium,1,99 yrs lease commencing from 2006,05,Outside Central Region,01 to 05
WATERFRONT @ FABER,"1,475,000","1,065.64","1,384",Jun-21,FABER WALK,Resale,Strata,99,"14,899",-,Apartment,1,99 yrs lease commencing from 2013,05,Outside Central Region,01 to 05
THE CLEMENT CANOPY,"1,950,000","1,345.5","1,449",Jun-21,CLEMENTI AVENUE 1,Resale,Strata,125,"15,600",-,Apartment,1,99 yrs lease commencing from 2016,05,Outside Central Region,16 to 20
THE CLEMENT CANOPY,"1,538,000",990.29,"1,553",Jun-21,CLEMENTI AVENUE 1,Resale,Strata,92,"16,717",-,Apartment,1,99 yrs lease commencing from 2016,05,Outside Central Region,01 to 05
ONE-NORTH RESIDENCES,"1,510,000","1,001.05","1,508",Jun-21,ONE-NORTH GATEWAY,Resale,Strata,93,"16,237",-,Apartment,1,99 yrs lease commencing from 2005,05,Rest of Central Region,11 to 15
THE CLEMENT CANOPY,"1,155,000",656.6,"1,759",Jun-21,CLEMENTI AVENUE 1,Resale,Strata,61,"18,934",-,Apartment,1,99 yrs lease commencing from 2016,05,Outside Central Region,06 to 10
TWIN VEW,"1,910,000","1,248.62","1,530",Jun-21,WEST COAST VALE,Sub Sale,Strata,116,"16,466",-,Apartment,1,99 yrs lease commencing from 2017,05,Outside Central Region,16 to 20
SEAHILL,"920,000",645.84,"1,425",Jun-21,WEST COAST CRESCENT,Resale,Strata,60,"15,333",-,Condominium,1,99 yrs lease commencing from 2011,05,Outside Central Region,11 to 15
PARC RIVIERA,"888,000",645.84,"1,375",Jun-21,WEST COAST VALE,Resale,Strata,60,"14,800",-,Condominium,1,99 yrs lease commencing from 2015,05,Outside Central Region,06 to 10
BLUE HORIZON,"1,320,000","1,151.75","1,146",Jun-21,WEST COAST CRESCENT,Resale,Strata,107,"12,336",-,Condominium,1,99 yrs lease commencing from 2000,05,Outside Central Region,16 to 20
CLEMENTIWOODS CONDOMINIUM,"1,340,000","1,140.98","1,174",Jun-21,WEST COAST ROAD,Resale,Strata,106,"12,642",-,Condominium,1,99 yrs lease commencing from 2006,05,Outside Central Region,01 to 05
THE VISION,"1,110,000",904.18,"1,228",Jun-21,WEST COAST CRESCENT,Resale,Strata,84,"13,214",-,Condominium,1,99 yrs lease commencing from 2008,05,Outside Central Region,01 to 05
PARC RIVIERA,"690,000",462.85,"1,491",Jun-21,WEST COAST VALE,Resale,Strata,43,"16,047",-,Condominium,1,99 yrs lease commencing from 2015,05,Outside Central Region,11 to 15
THE GRANDHILL,"2,601,508","1,840.64","1,413",Jun-21,PASIR PANJANG HILL,Resale,Strata,171,"15,213",-,Condominium,1,Freehold,05,Rest of Central Region,01 to 05
HERITAGE VIEW,"1,225,000",968.76,"1,265",Jun-21,DOVER RISE,Resale,Strata,90,"13,611",-,Condominium,1,99 yrs lease commencing from 1996,05,Rest of Central Region,06 to 10
PARC RIVIERA,"1,570,000","1,151.75","1,363",Jun-21,WEST COAST VALE,Resale,Strata,107,"14,673",-,Condominium,1,99 yrs lease commencing from 2015,05,Outside Central Region,21 to 25
REGENT PARK,"925,000",818.06,"1,131",Jun-21,JALAN LEMPENG,Resale,Strata,76,"12,171",-,Condominium,1,99 yrs lease commencing from 1993,05,Outside Central Region,06 to 10
VENTANA,"1,585,000","1,280.92","1,237",Jun-21,PASIR PANJANG HILL,Resale,Strata,119,"13,319",-,Apartment,1,Freehold,05,Rest of Central Region,01 to 05
THE CLEMENT CANOPY,"1,288,000",710.42,"1,813",Jun-21,CLEMENTI AVENUE 1,Sub Sale,Strata,66,"19,515",-,Apartment,1,99 yrs lease commencing from 2016,05,Outside Central Region,36 to 40
THE TRILINQ,"1,450,000",914.94,"1,585",Jun-21,JALAN LEMPENG,Resale,Strata,85,"17,059",-,Condominium,1,99 yrs lease commencing from 2012,05,Outside Central Region,01 to 05
CLEMENTIWOODS CONDOMINIUM,"1,900,000","1,625.36","1,169",Jun-21,WEST COAST ROAD,Resale,Strata,151,"12,583",-,Condominium,1,99 yrs lease commencing from 2006,05,Outside Central Region,01 to 05
PARC RIVIERA,"1,580,000","1,151.75","1,372",Jun-21,WEST COAST VALE,Resale,Strata,107,"14,766",-,Condominium,1,99 yrs lease commencing from 2015,05,Outside Central Region,16 to 20
THE TRILINQ,"842,000",538.2,"1,564",Jun-21,JALAN LEMPENG,Resale,Strata,50,"16,840",-,Condominium,1,99 yrs lease commencing from 2012,05,Outside Central Region,06 to 10
BLUE HORIZON,"1,250,000","1,162.51","1,075",Jun-21,WEST COAST CRESCENT,Resale,Strata,108,"11,574",-,Condominium,1,99 yrs lease commencing from 2000,05,Outside Central Region,06 to 10
BLUE HORIZON,"1,216,000","1,216.33","1,000",Jun-21,WEST COAST CRESCENT,Resale,Strata,113,"10,761",-,Condominium,1,99 yrs lease commencing from 2000,05,Outside Central Region,01 to 05
HERITAGE VIEW,"1,190,000",968.76,"1,228",Jun-21,DOVER RISE,Resale,Strata,90,"13,222",-,Condominium,1,99 yrs lease commencing from 1996,05,Rest of Central Region,06 to 10
NEWEST,"2,260,000","2,863.22",789,Jun-21,WEST COAST DRIVE,Resale,Strata,266,"8,496",-,Apartment,1,956 yrs lease commencing from 1928,05,Outside Central Region,01 to 05
PARC RIVIERA,"985,000",710.42,"1,386",Jun-21,WEST COAST VALE,Resale,Strata,66,"14,924",-,Condominium,1,99 yrs lease commencing from 2015,05,Outside Central Region,21 to 25
THE PARC CONDOMINIUM,"1,818,888","1,216.33","1,495",Jun-21,WEST COAST WALK,Resale,Strata,113,"16,096",-,Condominium,1,Freehold,05,Outside Central Region,11 to 15
THE PEAK@BALMEG,"2,680,000","1,948.28","1,376",Jun-21,BALMEG HILL,Resale,Strata,181,"14,807",-,Condominium,1,Freehold,05,Rest of Central Region,01 to 05
THE ROCHESTER RESIDENCES,"2,250,000","1,765.3","1,275",Jun-21,ROCHESTER DRIVE,Resale,Strata,164,"13,720",-,Apartment,1,99 yrs lease commencing from 2005,05,Rest of Central Region,06 to 10
VARSITY PARK CONDOMINIUM,"1,780,000","1,614.6","1,102",Jun-21,WEST COAST ROAD,Resale,Strata,150,"11,867",-,Condominium,1,99 yrs lease commencing from 2004,05,Outside Central Region,01 to 05
WHITEHAVEN,"920,000",538.2,"1,709",Jun-21,PASIR PANJANG ROAD,Resale,Strata,50,"18,400",-,Apartment,1,Freehold,05,Rest of Central Region,01 to 05
WATERFRONT @ FABER,"1,530,000","1,065.64","1,436",Jun-21,FABER WALK,Resale,Strata,99,"15,455",-,Apartment,1,99 yrs lease commencing from 2013,05,Outside Central Region,01 to 05
HUNDRED TREES,"740,000",484.38,"1,528",Jun-21,WEST COAST DRIVE,Resale,Strata,45,"16,444",-,Condominium,1,956 yrs lease commencing from 1928,05,Outside Central Region,06 to 10
REGENT PARK,"1,125,000","1,130.22",995,May-21,JALAN LEMPENG,Resale,Strata,105,"10,714",-,Condominium,1,99 yrs lease commencing from 1993,05,Outside Central Region,01 to 05
THE CLEMENT CANOPY,"1,750,000","1,108.69","1,578",May-21,CLEMENTI AVENUE 1,Sub Sale,Strata,103,"16,990",-,Apartment,1,99 yrs lease commencing from 2016,05,Outside Central Region,16 to 20
ONE-NORTH RESIDENCES,"2,150,000","1,420.85","1,513",May-21,ONE-NORTH GATEWAY,Resale,Strata,132,"16,288",-,Apartment,1,99 yrs lease commencing from 2005,05,Rest of Central Region,11 to 15
HUNDRED TREES,"1,150,000",785.77,"1,464",May-21,WEST COAST DRIVE,Resale,Strata,73,"15,753",-,Condominium,1,956 yrs lease commencing from 1928,05,Outside Central Region,01 to 05
DOVER PARKVIEW,"1,480,000","1,248.62","1,185",May-21,DOVER RISE,Resale,Strata,116,"12,759",-,Condominium,1,99 yrs lease commencing from 1993,05,Rest of Central Region,06 to 10
HUNDRED TREES,"2,280,000","1,474.67","1,546",May-21,WEST COAST DRIVE,Resale,Strata,137,"16,642",-,Condominium,1,956 yrs lease commencing from 1928,05,Outside Central Region,06 to 10
PARC RIVIERA,"870,000",602.78,"1,443",May-21,WEST COAST VALE,Resale,Strata,56,"15,536",-,Condominium,1,99 yrs lease commencing from 2015,05,Outside Central Region,31 to 35
VENTANA,"1,330,000","1,130.22","1,177",May-21,PASIR PANJANG HILL,Resale,Strata,105,"12,667",-,Apartment,1,Freehold,05,Rest of Central Region,01 to 05
THE TRILINQ,"868,000",538.2,"1,613",May-21,JALAN LEMPENG,Resale,Strata,50,"17,360",-,Condominium,1,99 yrs lease commencing from 2012,05,Outside Central Region,26 to 30
HERITAGE VIEW,"1,145,000",968.76,"1,182",May-21,DOVER RISE,Resale,Strata,90,"12,722",-,Condominium,1,99 yrs lease commencing from 1996,05,Rest of Central Region,01 to 05
SEAHILL,"733,000",505.91,"1,449",May-21,WEST COAST CRESCENT,Resale,Strata,47,"15,596",-,Condominium,1,99 yrs lease commencing from 2011,05,Outside Central Region,06 to 10
SEAHILL,"1,360,000","1,087.16","1,251",May-21,WEST COAST CRESCENT,Resale,Strata,101,"13,465",-,Condominium,1,99 yrs lease commencing from 2011,05,Outside Central Region,06 to 10
THE VISION,"1,658,000","1,313.21","1,263",May-21,WEST COAST CRESCENT,Resale,Strata,122,"13,590",-,Condominium,1,99 yrs lease commencing from 2008,05,Outside Central Region,06 to 10
ONE-NORTH RESIDENCES,"1,450,000",979.52,"1,480",May-21,ONE-NORTH GATEWAY,Resale,Strata,91,"15,934",-,Apartment,1,99 yrs lease commencing from 2005,05,Rest of Central Region,06 to 10
